episode_overall,season,episode,title,aired_date,year,tmdb_rating,tmdb_vote_count,synopsis,directed_by,written_by,us_viewers_millions,runtime,tmdb_id,imdb_title,imdb_aired_date,imdb_synopsis,imdb_rating,imdb_vote_count,thumbnail_url,imdb_episode_url,is_holiday,guest_actors,guest_characters
1,1,1,Human Flesh,2011-01-09,2011,6.929,28,A health inspector's visit coincides with Bob's efforts to bring in customers.,Anthony Chun,Loren Bouchard & Jim Dauterive,9.38,22,769774,Human Flesh,"Sun, Jan 9, 2011","On top of watching his dysfunctional family crumble around him, Bob faces the wrath of a jealous health inspector who cooks up a nasty rumor about the restaurant's choice of meat.",7.7,2500,"https://m.media-amazon.com/images/M/MV5BMTg0Nzk3OTc5MV5BMl5BanBnXkFtZTcwNjE5MTcyNA@@._V1_QL75_UY281_CR0,0,500,281_.jpg",https://www.imdb.com/title/tt1645218/?ref_=ttep_ep_1,FALSE,NA,NA
2,1,2,Crawl Space,2011-01-16,2011,7.476,21,A leaky roof causes Bob to get trapped in a wall while Linda's mother visits.,Kyounghee Lim,Loren Bouchard & Jim Dauterive,5.07,22,769775,Crawl Space,"Sun, Jan 16, 2011","His in-laws are coming into town, and Bob tries desperately to concoct a plan to avoid them for as long as he can. Unfortunately, Bob did not plan to get stuck in the recesses of the family restaurant.",8.1,2200,"https://m.media-amazon.com/images/M/MV5BZTU1OGQ5MTctNjQyNy00NTRmLTg5OTktYzEyMWFlNTQyMWU4XkEyXkFqcGc@._V1_QL75_UY281_CR0,0,500,281_.jpg",https://www.imdb.com/title/tt1646300/?ref_=ttep_ep_2,FALSE,NA,NA
3,1,3,Sacred Cow,2011-01-23,2011,7.4,18,Bob takes to a film maker's cow.,Jennifer Coyle,Nora Smith,4.81,22,769778,Sacred Cow,"Sun, Jan 23, 2011","A filmmaker placed a cow outside the restaurant to make a statement, which angers Bob, but his family is confused over how he treats the cow.",7.5,1900,"https://m.media-amazon.com/images/M/MV5BMjcxMmJmY2ItZGFkZS00MTVmLWE3YTItOTQ3NTk2NTZiMDk1XkEyXkFqcGc@._V1_QL75_UX500_CR0,0,500,281_.jpg",https://www.imdb.com/title/tt1645219/?ref_=ttep_ep_3,FALSE,NA,NA
4,1,4,Sexy Dance Fighting,2011-02-13,2011,7.1,19,Tina develops a crush on her martial arts instructor.,Anthony Chun,Steven Davis & Kelvin Yu,4.19,22,769776,Sexy Dance Fighting,"Sun, Feb 13, 2011","When Tina develops a crush on the new martial arts instructor in town, she joins the class and ends up shirking her responsibilities at the restaurant. Bob finds out what's going on and decides to take matters into his own hands.",7.4,1800,"https://m.media-amazon.com/images/M/MV5BMTQxNjMxOTA0OF5BMl5BanBnXkFtZTgwNjI5OTg0MjE@._V1_QL75_UX500_CR0,47,500,281_.jpg",https://www.imdb.com/title/tt1645220/?ref_=ttep_ep_4,FALSE,NA,NA
5,1,5,Hamburger Dinner Theater,2011-02-20,2011,7.3,19,Linda and the kids stage a murder mystery that doesn't go as planned.,Wes Archer,Dan Fybel & Rich Rinaldi,4.87,22,769777,Hamburger Dinner Theater,"Sun, Feb 20, 2011","Linda is dying to relive her dream of becoming a star on Broadway, so she decides to host a dinner theater at the restaurant. But on opening night a shocking surprise leaves Linda with a more chilling production than she planned for.",7.5,1800,"https://m.media-amazon.com/images/M/MV5BMTUyMzM0MzY3OV5BMl5BanBnXkFtZTgwODMyNzg0MjE@._V1_QL75_UX500_CR0,47,500,281_.jpg",https://www.imdb.com/title/tt1841032/?ref_=ttep_ep_5,FALSE,Toby Huss,Robber
6,1,6,"Sheesh! Cab, Bob?",2011-03-06,2011,7,20,"Tina is desperate to get her first kiss at her 13th birthday party. But after Louise breaks the deep fryer, Bob takes a second job as a late-night cab driver to pay for Tina’s party. Things keep getting worse for Bob when the parents of Tina’s crush refuse to let their son attend the party, and Bob has to do everything in his power to save his daughter’s big day.",Jennifer Coyle,Jon Schroeder,4.91,22,769779,"Sheesh! Cab, Bob?","Sun, Mar 6, 2011","Bob takes a second job as a nighttime cab driver so he can give Tina the 13th birthday party she deserves, and he makes some surprising new friends along the ride.",8.3,2000,"https://m.media-amazon.com/images/M/MV5BMjMzMzI2NTE1OV5BMl5BanBnXkFtZTgwNDUzOTg0MjE@._V1_QL75_UX500_CR0,47,500,281_.jpg",https://www.imdb.com/title/tt1854660/?ref_=ttep_ep_6,FALSE,NA,NA
7,1,7,Bed & Breakfast,2011-03-13,2011,7.4,18,"Linda hosts a bed and breakfast, but her guests aren't as grateful as she would like.  Things take a turn for the worse when Louise's room is rented to Teddy.",Boohwan Lim,Holly Schlesinger,4.1,22,769780,Bed & Breakfast,"Sun, Mar 13, 2011","Linda gets really excited about opening a Bed and Breakfast to capitalize on the high volume of tourists coming into town, but when the guests start to arrive Louise senses espionage afoot.",7.6,1600,"https://m.media-amazon.com/images/M/MV5BMTQ3Mjk1ODA1OF5BMl5BanBnXkFtZTgwMTMzOTg0MjE@._V1_QL75_UX500_CR0,47,500,281_.jpg",https://www.imdb.com/title/tt1854659/?ref_=ttep_ep_7,FALSE,NA,NA
8,1,8,Art Crawl,2011-03-20,2011,7.9,17,It's Bob vs. the city art council when Linda's sister displays her work at Bob's Burgers.,Kyounghee Lim,Lizzie Molyneux & Wendy Molyneux,4.43,22,769781,Art Crawl,"Sun, Mar 20, 2011","Linda's eccentric sister Gayle comes to town intending to use the restaurant as a gallery for her paintings during this year's ""Art Crawl."" Bob is left totally oblivious the comically explicit nature of Gayle's artwork until it's too late.",7.9,1700,"https://m.media-amazon.com/images/M/MV5BMTYwNTQ2ODk4Nl5BMl5BanBnXkFtZTgwODc0NTg0MjE@._V1_QL75_UX500_CR0,47,500,281_.jpg",https://www.imdb.com/title/tt1857991/?ref_=ttep_ep_8,FALSE,NA,NA
9,1,9,Spaghetti Western and Meatballs,2011-03-27,2011,7.5,16,"Bob and Gene bond over spaghetti western movies, which makes Louise jealous.",Wes Archer,Kit Boss,4.65,22,769782,Spaghetti Western and Meatballs,"Sun, Mar 27, 2011","Bob and Gene bond over spaghetti western movies, which makes Louise jealous.",7.6,1600,"https://m.media-amazon.com/images/M/MV5BMTg4Nzk1NjE3NV5BMl5BanBnXkFtZTgwODU0NTg0MjE@._V1_QL75_UX500_CR0,47,500,281_.jpg",https://www.imdb.com/title/tt1857992/?ref_=ttep_ep_9,FALSE,Brian Posehn,Choo-Choo
10,1,10,Burger Wars,2011-04-10,2011,7.6,14,"When Bob's eccentric landlord, Mr. Fischoeder, pays the family a visit, he informs Bob that his rival across the street, Jimmy Pesto of Jimmy Pesto's Pizzeria, wants to take over Bob's lease so that he can expand his gift shop. With little time and not enough money, the Belcher family must cook up some business or luck to save the restaurant.",Boohwan Lim,Loren Bouchard,4,22,769783,Burger War,"Sun, Apr 10, 2011","Bob's landlord has been understanding about the consistent delay in rent, but payment time has come. After getting wind of Bob's financial trouble, Jimmy Pesto faces-off against his mortal enemy by introducing burgers to his own menu.",7.7,1500,"https://m.media-amazon.com/images/M/MV5BMzU4NDVjYzMtZjU2MC00MjQ4LWI1M2EtYzc3YzEwNDVhNGYyXkEyXkFqcGc@._V1_QL75_UY281_CR0,0,500,281_.jpg",https://www.imdb.com/title/tt1876671/?ref_=ttep_ep_10,FALSE,NA,NA
11,1,11,Weekend at Mort's,2011-05-08,2011,7.8,15,Bob and his family are forced to spend the weekend at Mort the Mortician's while the restaurant is being de-molded. Linda and Bob double date with Mort and a female mortician he meets online while Tina babysits Gene and Louise in Mort’s crematorium.,Anthony Chun,Scott Jacobson,4.26,22,769784,Weekend at Mort's,"Sun, May 8, 2011",The family has to stay next door at Mort the Mortician's house since the restaurant is infested with mold. Bob and Linda double date with Mort and his mysterious Internet-girlfriend; while Tina entertains her siblings in the crematorium.,8,1600,"https://m.media-amazon.com/images/M/MV5BMTUzMDU5OTYyMF5BMl5BanBnXkFtZTgwMTUzNzg0MjE@._V1_QL75_UX500_CR0,47,500,281_.jpg",https://www.imdb.com/title/tt1905230/?ref_=ttep_ep_11,FALSE,NA,NA
12,1,12,Lobsterfest,2011-05-15,2011,7.6,16,"After the town's annual Lobsterfest is cancelled by a storm, Bob defiantly opens his doors for a festive celebration. When he wakes the next morning, Bob finds the restaurant in disarray and that the town has spurned him, but Bob won't let that deter him from further involvement in the celebratory weekend.",Boohwan Lim,Aron Abrams & Greg Thompson,4.68,22,769785,Lobsterfest,"Sun, May 15, 2011","Bob is likely the only person in town excited about the cancellation of this years ""Lobsterfest"" due to inclement weather. Bob strikes gold when he opens the restaurant regardless of the storm, and is celebrated by the masses.",7.6,1500,"https://m.media-amazon.com/images/M/MV5BMjIzOTcxMDg5MF5BMl5BanBnXkFtZTgwNTc0Njg0MjE@._V1_QL75_UX500_CR0,47,500,281_.jpg",https://www.imdb.com/title/tt1919433/?ref_=ttep_ep_12,FALSE,NA,NA
13,1,13,Torpedo,2011-05-22,2011,7.7,15,"Bob's hero, a washed-up baseball player named Torpedo Jones, starts pitching for the local minor league team. Torpedo befriends Bob, but the dark underbelly of minor league baseball threatens to corrupt the Belchers.",Kyounghee Lim,Dan Fybel & Rich Rinaldi,4.31,22,769786,Torpedo,"Sun, May 22, 2011","Bob is giddy as ever when his role model, minor league pitcher Torpedo Jones, gives a shout-out to the restaurant during a game, but is blind-sided upon finding out Torpedo endorses his burgers for reasons which are morally shaky at best.",7.6,1500,"https://m.media-amazon.com/images/M/MV5BMjA5ODQ1MzIxMV5BMl5BanBnXkFtZTgwODYyMjk0MjE@._V1_QL75_UX500_CR0,47,500,281_.jpg",https://www.imdb.com/title/tt1928417/?ref_=ttep_ep_13,FALSE,NA,NA
14,2,1,The Belchies,2012-03-11,2012,7.9,16,The kids hunt for treasure in an abandoned taffy factory and Bob and Linda must find them before the factory’s scheduled demolition,Boohwan Lim & Kyounghee Lim,Jon Schroeder,4.04,22,769789,The Belchies,"Sun, Mar 11, 2012",The kids hunt for treasure in an abandoned taffy factory and Bob and Linda must find them before the factory's scheduled demolition.,8.3,1600,"https://m.media-amazon.com/images/M/MV5BNjk4NzY5MTUzNF5BMl5BanBnXkFtZTgwMjUwNDg0MjE@._V1_QL75_UX500_CR0,47,500,281_.jpg",https://www.imdb.com/title/tt2273811/?ref_=ttep_ep_1,FALSE,Cyndi Lauper,Performer ('Taffy Butt')
15,2,2,Bob Day Afternoon,2012-03-18,2012,8.6,15,"A bank robber holds up a bank across the street from Bob’s Burgers. When the robbery goes awry, Bob finds himself at the center of a hostage crisis.",Wes Archer,Dan Fybel & Rich Rinaldi,4.4,22,769790,Bob Day Afternoon,"Sun, Mar 18, 2012","A bank robber holds up a bank across the street from Bob's Burgers. When the robbery goes awry, Bob finds himself at the center of a hostage crisis.",8.6,1900,"https://m.media-amazon.com/images/M/MV5BMDkyMTFkZjktNDAyYy00MjMyLTk5MjktZWNjZDg4ZjYxMmI3XkEyXkFqcGc@._V1_QL75_UY281_CR5,0,500,281_.jpg",https://www.imdb.com/title/tt2020389/?ref_=ttep_ep_2,FALSE,NA,NA
16,2,3,Synchronized Swimming,2012-03-25,2012,7.4,15,"The kids con their way out of gym class with a bogus synchronized swimming independent study. Meanwhile, Bob welcomes a new soft serve ice cream machine to the restaurant.",Anthony Chun,Holly Schlesinger,3.97,22,769791,Synchronized Swimming,"Sun, Mar 25, 2012","The Belcher children sign up for an independent study of synchronized swimming in lieu on participating in gym class. Linda disturbingly watches ""pregnant yoga"" and comes to the rescue of her children in the end.",7.4,1500,"https://m.media-amazon.com/images/M/MV5BMTQxMjI5ODk1Ml5BMl5BanBnXkFtZTgwNTY2Nzg0MjE@._V1_QL75_UX500_CR0,47,500,281_.jpg",https://www.imdb.com/title/tt2303131/?ref_=ttep_ep_3,FALSE,Dex Lauper,Little League Player #1
17,2,4,Burgerboss,2012-04-01,2012,7.8,15,"Bob becomes obsessed with an old-school burger-flipping video game after Jimmy Pesto gets the high score and writes ""BOB SUX"" on the leader board.",Jennifer Coyle,Scott Jacobson,3.66,22,769787,Burgerboss,"Sun, Apr 1, 2012",Bob becomes a gamer.,8.2,1600,"https://m.media-amazon.com/images/M/MV5BNDUwMDAxMzg5MV5BMl5BanBnXkFtZTgwNTY4MTk0MjE@._V1_QL75_UX500_CR0,47,500,281_.jpg",https://www.imdb.com/title/tt2317497/?ref_=ttep_ep_4,FALSE,NA,NA
18,2,5,Food Truckin',2012-04-15,2012,7.7,15,"The Belchers beg Bob to buy a food truck to compete against the ones that are stealing his customers. When the ""Lolla-Pa-Foods-A-Festival"" comes up, the Belchers bring the truck and the kids decide to cause mischief. Unfortunately, this causes a riot to rise from the other food truckers.",Bernard Derriman,Lizzie Molyneux & Wendy Molyneux,3.9,22,769788,Food Truckin',"Sun, Apr 15, 2012",Bob gives the food truck business a try.,7.8,1500,"https://m.media-amazon.com/images/M/MV5BMTc0NjYyNzc3NV5BMl5BanBnXkFtZTgwODMzMjg0MjE@._V1_QL75_UX500_CR0,47,500,281_.jpg",https://www.imdb.com/title/tt2340209/?ref_=ttep_ep_5,FALSE,Dave Allen; Dana Powell; Paul Scheer; Scott Jacobson,Bill; Karen; Larry; Paul Blinkman
19,2,6,Dr. Yap,2012-04-29,2012,7.2,14,"While Bob is medicated, he mistakes Linda's sister, Gayle, for his wife and kisses her. After she falls for him, Bob seeks help from Dr. Yap.",Anthony Chun,Steven Davis & Kelvin Yu,3.92,22,769792,Dr. Yap,"Sun, Apr 29, 2012","When a drugged Bob kisses Gayle thinking she's Linda, Gayle develops a crush on him.",7.5,1400,"https://m.media-amazon.com/images/M/MV5BMjE5NDc2NzE3NF5BMl5BanBnXkFtZTgwODY1ODg0MjE@._V1_QL75_UX500_CR0,47,500,281_.jpg",https://www.imdb.com/title/tt2366089/?ref_=ttep_ep_6,FALSE,NA,NA
20,2,7,Moody Foodie,2012-05-06,2012,7.3,14,The restaurant receives a negative review from a vicious food critic.,Boohwan Lim & Kyounghee Lim,Steven Davis & Kelvin Yu,3.72,22,769795,Moody Foodie,"Sun, May 6, 2012","After a critic leaves the restaurant a bad review, Bob goes to drastic measures to get him to change his mind.",7.7,1400,"https://m.media-amazon.com/images/M/MV5BMTQzOTk4MTA4MF5BMl5BanBnXkFtZTgwNzY5MTg0MjE@._V1_QL75_UX500_CR0,47,500,281_.jpg",https://www.imdb.com/title/tt2376081/?ref_=ttep_ep_7,FALSE,Michael Madsen; Patton Oswalt; Russell Peters,Kevin Costner; Moody Foodie; Tran
21,2,8,Bad Tina,2012-05-13,2012,7.8,17,Tina befriends a bad girl in a bid to get closer to Jimmy Junior.,Jennifer Coyle,Holly Schlesinger,3.69,22,769794,Bad Tina,"Sun, May 13, 2012",Tina pals around with a bad girl.,8,1500,"https://m.media-amazon.com/images/M/MV5BMTA3ODMyODIzNDheQTJeQWpwZ15BbWU4MDk0NTI5NDIx._V1_QL75_UX500_CR0,47,500,281_.jpg",https://www.imdb.com/title/tt2386531/?ref_=ttep_ep_8,FALSE,NA,NA
22,2,9,Beefsquatch,2012-05-20,2012,7.7,15,"Bob appears in a cooking segment on a local news morning program, but Gene steals the show when he crashes the set with a sasquatch mask.",Wes Archer,Nora Smith,3.57,22,769793,Beefsquatch,"Sun, May 20, 2012","Bob gets thrilled when he gets offered to be in a cookery segment in a local morning show. When Gene steps into the limelight, the audience is not entertained and enthralled by Bob's performance.",7.7,1400,"https://m.media-amazon.com/images/M/MV5BMjAxMTg1NjU4Nl5BMl5BanBnXkFtZTgwNTg3Njg0MjE@._V1_QL75_UX500_CR0,47,500,281_.jpg",https://www.imdb.com/title/tt2394175/?ref_=ttep_ep_9,FALSE,NA,NA
23,3,1,Ear-sy Rider,2012-09-30,2012,7.7,16,"A biker gang sets up shop in the restaurant, where they lament the loss of their beloved leader.",Anthony Chun,Dan Fybel & Rich Rinaldi,5.46,22,769797,Ear-Sy Rider,"Sun, Sep 30, 2012","While a biker gang begins hanging out at the restaurant, Louise goes through a crisis after a teenager steals her bunny ear hat.",8.2,1500,"https://m.media-amazon.com/images/M/MV5BMTkxOTQ5ODI3MV5BMl5BanBnXkFtZTcwNTU2NjM0OA@@._V1_QL75_UY281_CR0,0,500,281_.jpg",https://www.imdb.com/title/tt2393284/?ref_=ttep_ep_1,FALSE,Kyle Kinane,Rat Daddy
24,3,2,Full Bars,2012-10-07,2012,8.1,18,"The Belcher kids break with a long standing Halloween tradition, veering away from their usual trick or treat trek in favor of a posh neighborhood that's known for its oversize goodies.",Boohwan Lim & Kyounghee Lim,Steven Davis & Kelvin Yu,4.89,22,769798,Full Bars,"Sun, Oct 7, 2012","On Halloween, the kids run into bullies when they go trick-or-treating in the rich neighborhood, while Bob and Linda attend a party where someone kills Teddy's pet guinea pig.",8.3,1500,"https://m.media-amazon.com/images/M/MV5BMjAxODM5NjI3MF5BMl5BanBnXkFtZTgwNDgyNjg0MjE@._V1_QL75_UX500_CR0,47,500,281_.jpg",https://www.imdb.com/title/tt2393286/?ref_=ttep_ep_2,TRUE,NA,NA
25,3,3,Bob Fires the Kids,2012-11-04,2012,7.7,14,"Worried that his kids are not enjoying summer vacation because he's making them work in the restaurant, Bob fires them. But they soon become bored and take jobs as ""weed pickers"" for a pair of hippie farmers.",Boohwan Lim & Kyounghee Lim,Lizzie Molyneux & Wendy Molyneux,3.92,22,769799,Bob Fires the Kids,"Sun, Nov 4, 2012","Fearing that he is ruining their childhoods, Bob fires the kids from their jobs at the restaurant, but they just end up working for hippies who run a marijuana farm, instead.",8,1500,"https://m.media-amazon.com/images/M/MV5BMTc2MzU5MTczN15BMl5BanBnXkFtZTgwNTUyMjg0MjE@._V1_QL75_UX500_CR0,47,500,281_.jpg",https://www.imdb.com/title/tt2483074/?ref_=ttep_ep_3,FALSE,NA,NA
26,3,4,Mutiny on the Windbreaker,2012-11-11,2012,6.9,14,"Bob does a tour of duty as a private chef on a docked cruise ship and brings along the family to witness his true culinary skills, but the special occasion is scuttled when the kooky captain shanghais the whole family.",John Rice,Kit Boss,4.89,22,769801,Mutiny on the Windbreaker,"Sun, Nov 11, 2012","Bob brings the family along when he is hired to be a chef on a docked cruise ship, so they can see his skills outside the restaurant.",7.5,1400,"https://m.media-amazon.com/images/M/MV5BMjIyOTg1Mjg0OF5BMl5BanBnXkFtZTgwNTYyMjg0MjE@._V1_QL75_UX500_CR0,47,500,281_.jpg",https://www.imdb.com/title/tt2483078/?ref_=ttep_ep_4,FALSE,Jeffrey Tambor,Captain Flarty
27,3,5,An Indecent Thanksgiving Proposal,2012-11-18,2012,7.7,15,"Bob's plans for his favorite holiday, Thanksgiving, change when Mr. Fischoeder hires him as a chef, and Linda and the kids to play his family, as he tries to stage a perfect holiday dinner in order to make a former flame jealous.",Tyree Dillihay,Lizzie Molyneux & Wendy Molyneux,3.94,22,769800,An Indecent Thanksgiving Proposal,"Sun, Nov 18, 2012","In order to entice an old flame who is only attracted to married men, Mr. Fischoeder bribes Bob into letting him pass off Linda and the kids as his own family, but the situation ruins all of Bob's Thanksgiving traditions.",8.2,1500,"https://m.media-amazon.com/images/M/MV5BMTY5Mzg1MzQ1OF5BMl5BanBnXkFtZTgwMDkyMjg0MjE@._V1_QL75_UX500_CR0,47,500,281_.jpg",https://www.imdb.com/title/tt2483080/?ref_=ttep_ep_5,TRUE,NA,NA
28,3,6,The Deepening,2012-11-25,2012,7.6,14,"Mr. Fischoeder's new pier attraction, a mechanical shark, goes haywire and terrorizes the town, and it falls to Bob and the family to catch it.",Bernard Derriman,Greg Thompson,4.66,22,769802,The Deepening,"Sun, Nov 25, 2012","Mr. Fischoeder buys a mechanical movie shark as an attraction for his amusement park, but the kids accidentally let it loose on the town, forcing Bob and Teddy to save the day.",7.8,1300,"https://m.media-amazon.com/images/M/MV5BMjAzNTczNTAxMV5BMl5BanBnXkFtZTgwNTAwMjg0MjE@._V1_QL75_UX500_CR0,47,500,281_.jpg",https://www.imdb.com/title/tt2511944/?ref_=ttep_ep_6,FALSE,NA,NA
29,3,7,Tina-rannosaurus Wrecks,2012-12-02,2012,8,13,"After Tina accidentally wrecks the car, and gets the whole family involved with a slimy insurance agent, she worries that she's a ""jinx"".",Wes Archer,Jon Schroeder,3.97,22,769803,Tina-Rannosaurus Wrecks,"Sun, Dec 2, 2012","Tina is wracked with guilt when Bob forces her to lie about an accident that occurred when he let her drive his car, but a shady insurance adjuster sees through their ploy and blackmails Bob into committing more insurance fraud.",8.3,1500,"https://m.media-amazon.com/images/M/MV5BNDYwNTM3OTk5M15BMl5BanBnXkFtZTgwNDExMjk0MjE@._V1_QL75_UX500_CR0,47,500,281_.jpg",https://www.imdb.com/title/tt2524708/?ref_=ttep_ep_7,FALSE,Bob Odenkirk,Chase
30,3,8,The Unbearable Like-Likeness of Gene,2012-12-09,2012,7.5,13,"Gene gets his first girlfriend, but it doesn't take long for the family to realize that she is incredibly annoying and they pressure him to break up with her.",Don MacKinnon,Holly Schlesinger,4.55,22,769804,The Unbearable Like-Likeness of Gene,"Sun, Dec 9, 2012","An incredibly annoying girl develops a crush on Gene, but he can't bring himself to dump her after he finds out her father has a music studio in their home.",7.7,1300,"https://m.media-amazon.com/images/M/MV5BMjQyNjEyNzQwMV5BMl5BanBnXkFtZTgwMTkwMzg0MjE@._V1_QL75_UX500_CR0,47,500,281_.jpg",https://www.imdb.com/title/tt2531550/?ref_=ttep_ep_8,FALSE,NA,NA
31,3,9,Bob Rest Ye Merry Gentle-Mannequins,2012-12-16,2012,7.6,13,"When Bob inherits a storage unit around Christmas, visions of riches dance in the heads of the family, but what they find inside is a squatter who claims he once worked as a mannequin.",Anthony Chun,Kit Boss,3.09,22,769805,Bob Rest Ye Merry Gentle-Mannequins,"Sun, Dec 16, 2012",'Tis the season for strange holiday mannequins.,7.8,1400,"https://m.media-amazon.com/images/M/MV5BMjAzMjc5NTQxM15BMl5BanBnXkFtZTgwNzIyMzg0MjE@._V1_QL75_UX500_CR0,47,500,281_.jpg",https://www.imdb.com/title/tt2531554/?ref_=ttep_ep_9,TRUE,NA,NA
32,3,10,Mother Daughter Laser Razor,2013-01-06,2013,8.2,14,"Linda worries that her relationship with Louise isn't as good as it should be, so, much to Louise's chagrin, she forces the young lady to participate in a mother-daughter seminar. With mom away, Tina turns to Bob for a lesson in shaving her legs.",Jennifer Coyle,Nora Smith,6.4,22,769806,Mother Daughter Laser Razor,"Sun, Jan 6, 2013","Linda struggles to connect with Louise when they attend a mother-daughter seminar, while Bob takes Tina to get her legs waxed.",8,1400,"https://m.media-amazon.com/images/M/MV5BMTU2NTM2OTE4Nl5BMl5BanBnXkFtZTgwNDMwNDk0MjE@._V1_QL75_UX500_CR0,47,500,281_.jpg",https://www.imdb.com/title/tt2579964/?ref_=ttep_ep_10,FALSE,NA,NA
33,3,11,Nude Beach,2013-01-13,2013,6.7,15,"The new health inspector proves to be a decent fellow, until he blackmails Bob into being allowed to perform his atrocious music at the restaurant, which drives away the customers.",Wes Archer,Scott Jacobson,4.44,22,769807,Nude Beach,"Sun, Jan 13, 2013",It's dingles and dongles and birthday suits.,7.5,1300,"https://m.media-amazon.com/images/M/MV5BMjEyMzQ0MDU1OV5BMl5BanBnXkFtZTgwODg1MTg0MjE@._V1_QL75_UX500_CR0,47,500,281_.jpg",https://www.imdb.com/title/tt2605340/?ref_=ttep_ep_11,FALSE,Fred Armisen,Tommy
34,3,12,Broadcast Wagstaff School News,2013-01-27,2013,8.2,13,"There is a ""Mad Pooper"" running wild at the Belcher children's middle school and Tina finds herself on a mission to get to the ""bottom"" of the situation.",Jennifer Coyle,Greg Thompson,4.12,22,769808,Broadcast Wagstaff School News,"Sun, Jan 27, 2013",Tina is on a mission to unmask the middle school and Gene decides to dress up like Bob,8.5,1500,"https://m.media-amazon.com/images/M/MV5BMTA1NjkxMjc4NjheQTJeQWpwZ15BbWU4MDUxNzI5NDIx._V1_QL75_UX500_CR0,47,500,281_.jpg",https://www.imdb.com/title/tt2615854/?ref_=ttep_ep_12,FALSE,NA,NA
35,3,13,My Fuzzy Valentine,2013-02-10,2013,7.3,12,"When a heart-shaped pancake simply doesn't cut it, the kids convince Bob to let them skip school in order to help him find a Valentine's Day gift that will ""wow"" Linda. Meanwhile, in the spirit of the romantic holiday, Linda sets up a speed-dating event at the restaurant that doesn't go exactly as planned.",Boohwan Lim & Kyounghee Lim,Dan Fybel & Rich Rinaldi,3.45,22,769810,My Fuzzy Valentine,"Sun, Feb 10, 2013",Bob gets romantic.,7.5,1200,"https://m.media-amazon.com/images/M/MV5BMTgwMTQ2MjkwOF5BMl5BanBnXkFtZTgwNDYyOTg0MjE@._V1_QL75_UX500_CR0,47,500,281_.jpg",https://www.imdb.com/title/tt2661986/?ref_=ttep_ep_13,TRUE,NA,NA
36,3,14,Lindapendent Woman,2013-02-17,2013,7.9,13,"Linda thinks Bob doesn't appreciate her and quits the restaurant to work at a grocery store. In her absence, Bob tries - and fails - to run the place on his own and the kids are stuck in the middle of the marital mayhem. Meanwhile, things get romantic for Tina when she meets her potential soul mate while restocking the milk fridge.",Don MacKinnon,Mike Benner,3.93,22,769809,Lindapendent Woman,"Sun, Feb 17, 2013",Linda quits the restaurant and takes up a job at a grocery store.,7.8,1300,"https://m.media-amazon.com/images/M/MV5BMjEwMzIxMDE4Ml5BMl5BanBnXkFtZTgwODY1Mjg0MjE@._V1_QL75_UX500_CR0,47,500,281_.jpg",https://www.imdb.com/title/tt2677612/?ref_=ttep_ep_14,FALSE,Matt Besser,Greg
37,3,15,O.T.: The Outside Toilet,2013-03-03,2013,8.1,15,"When Gene finds an expensive talking toilet out in the woods, he and his friends decide to protect it as much as they can while an evil toilet hunter is looking for the toilet.",Anthony Chun,Lizzie Molyneux & Wendy Molyneux,3.67,22,769811,O.T.: The Outside Toilet,"Sun, Mar 3, 2013",Gene encounters a mysterious talking toilet.,8.2,1400,"https://m.media-amazon.com/images/M/MV5BMjMxNTgyMTkzN15BMl5BanBnXkFtZTgwMjI5MTk0MjE@._V1_QL75_UX500_CR0,47,500,281_.jpg",https://www.imdb.com/title/tt2708068/?ref_=ttep_ep_15,FALSE,Neil Flynn; Jon Hamm,Max Flush; Toilet
38,3,16,Topsy,2013-03-10,2013,8.1,14,Louise expects to get a charge out of taking down her Thomas Edison-obsessed science teacher when she re-creates one of the famous inventor's experiments that involved electrocuting an elephant.,Tyree Dillihay,Loren Bouchard & Nora Smith,3.85,22,769812,Topsy,"Sun, Mar 10, 2013",The Belcher kids take on a Thomas Edison fanatic.,8.5,1500,"https://m.media-amazon.com/images/M/MV5BNTgwOTQyNTY2MV5BMl5BanBnXkFtZTgwMTA0MTk0MjE@._V1_QL75_UX500_CR0,47,500,281_.jpg",https://www.imdb.com/title/tt2733872/?ref_=ttep_ep_16,FALSE,NA,NA
39,3,17,Two for Tina,2013-03-17,2013,7.8,12,Jimmy Jr. is threatened when Tina starts dating a ballet dancer named Josh and the two boys get into an epic dance-off for her heart,Wes Archer,Scott Jacobson,3.62,22,769814,Two for Tina,"Sun, Mar 17, 2013",Tina finds herself in a love triangle.,7.9,1300,"https://m.media-amazon.com/images/M/MV5BMTY1MTY0MDUzMF5BMl5BanBnXkFtZTgwMzA3Mjk0MjE@._V1_QL75_UX500_CR0,47,500,281_.jpg",https://www.imdb.com/title/tt2735282/?ref_=ttep_ep_17,FALSE,NA,NA
40,3,18,It Snakes a Village,2013-03-24,2013,7.6,13,"The Belcher family road-trips down to Florida to visit Linda's parents who live in a senior home that - to Linda's complete horror - is full of senior swingers! Plus, to keep themselves entertained, Tina, Gene and Louise go on a hunt for a mysterious python that allegedly ate one of the residents' dogs.",Jennifer Coyle,Kit Boss,3.76,22,769813,It Snakes a Village,"Sun, Mar 24, 2013",Bob and the family take a swinging vacation.,7.7,1200,"https://m.media-amazon.com/images/M/MV5BOTQ5NTA1NzY1MV5BMl5BanBnXkFtZTgwMTA3Mjk0MjE@._V1_QL75_UX500_CR0,47,500,281_.jpg",https://www.imdb.com/title/tt2735284/?ref_=ttep_ep_18,FALSE,NA,NA
41,3,19,Family Fracas,2013-04-14,2013,7.3,13,"After the family car breaks down and ruins their plans for a movie night out, the Belchers find themselves competing on the TV game show ""Family Fracas!"" To the dismay of the program's host, they keep winning and coming back each night...that is until their lucky streak comes to a suspicious end.",Don MacKinnon,Holly Schlesinger,3.45,22,769819,Family Fracas,"Sun, Apr 14, 2013",The Belchers appear on a television game show.,7.3,1300,"https://m.media-amazon.com/images/M/MV5BMTY2NjIzMzQ1NV5BMl5BanBnXkFtZTgwODYzMzg0MjE@._V1_QL75_UX500_CR0,47,500,281_.jpg",https://www.imdb.com/title/tt2795748/?ref_=ttep_ep_19,FALSE,NA,NA
42,3,20,The Kids Run the Restaurant,2013-04-21,2013,7.9,14,"After Bob cuts his finger and faints at the sight of his own blood, Linda brings him to the hospital and leaves the kids home alone. Not ones to waste a golden opportunity, Tina, Gene and Louise transform the basement of the restaurant into a makeshift casino. But they get more than they gamble for when landlord Mr. Fischoeder stops by and catches them in action.",Boohwan Lim & Kyounghee Lim,Steven Davis & Kelvin Yu,3.74,22,769818,The Kids Run the Restaurant,"Sun, Apr 21, 2013","When Linda takes Bob to the hospital after cutting his finger, the kids turn the basement into an underground casino.",8.1,1300,"https://m.media-amazon.com/images/M/MV5BMTcwMzIwMzYwNl5BMl5BanBnXkFtZTgwMzg2MTg0MjE@._V1_QL75_UX500_CR0,47,500,281_.jpg",https://www.imdb.com/title/tt2835026/?ref_=ttep_ep_20,FALSE,Johnny Pemberton,Dr. Eigerman
43,3,21,Boyz 4 Now,2013-04-28,2013,8.3,15,"While accompanying Tina to a ""Boyz 4 Now"" concert, Louise develops a crush on one of the lead singers, Boo Boo - and is in disbelief that she actually likes a boy! Meanwhile, Gene gets creative - and slightly offensive - in a table-setting competition.",Anthony Chun,Lizzie Molyneux & Wendy Molyneux,3.5,22,769817,Boyz 4 Now,"Sun, Apr 28, 2013",Louise is horrified when she develops her first crush.,8.5,1500,"https://m.media-amazon.com/images/M/MV5BMTQ2OTE5NTAwMl5BMl5BanBnXkFtZTgwNTc2MTg0MjE@._V1_QL75_UX500_CR0,47,500,281_.jpg",https://www.imdb.com/title/tt2835028/?ref_=ttep_ep_21,FALSE,NA,NA
44,3,22,Carpe Museum,2013-05-05,2013,7.8,13,"Bob chaperones a school trip to the museum and experiences some father-daughter bonding with Louise, while Gene and his gang are on the lookout for exhibits with busts, and not the kind that are sculpted out of stone. Later, on the museum steps, Linda offers her distinctive chanting talents to striking workers.",Tyree Dillihay,Jon Schroeder,3.96,22,769816,Carpe Museum,"Sun, May 5, 2013",A school trip to the museum turns wild for the Belchers.,8.2,1300,"https://m.media-amazon.com/images/M/MV5BNDk4MDAzMjc3Ml5BMl5BanBnXkFtZTgwMDg2MTg0MjE@._V1_QL75_UX500_CR0,47,500,281_.jpg",https://www.imdb.com/title/tt2835032/?ref_=ttep_ep_22,FALSE,NA,NA
45,3,23,The Unnatural,2013-05-12,2013,7.6,11,"After Gene loses his confidence at his baseball game, Linda decides to sign him up for baseball camp. The only problem? She needs money to pay for it! Meanwhile, Tina discovers her love for espresso and becomes a caffeine addict.",Wes Archer,Greg Thompson,3.38,22,769815,The Unnatural,"Sun, May 12, 2013",Gene loses his confidence after playing badly during a baseball game so Linda sends him to a baseball coach.,7.5,1200,"https://m.media-amazon.com/images/M/MV5BMTUzODE0MjA2OV5BMl5BanBnXkFtZTgwMjA3MTg0MjE@._V1_QL75_UX500_CR0,47,500,281_.jpg",https://www.imdb.com/title/tt2835034/?ref_=ttep_ep_23,FALSE,Jason Mantzoukas,Mr. Manoogian
46,4,1,A River Runs Through Bob,2013-09-29,2013,7.1,15,"Bob, Linda and the kids brave river rapids, squirrels and separation while on a camping adventure.",Jennifer Coyle,Dan Fybel & Rich Rinaldi,4.48,24,769823,A River Runs Through Bob,"Sun, Sep 29, 2013",Bob and the family face the great outdoors.,7.8,1300,"https://m.media-amazon.com/images/M/MV5BMTQzNTAxMjQwN15BMl5BanBnXkFtZTgwMzk3MTMzMDE@._V1_QL75_UY281_CR0,0,500,281_.jpg",https://www.imdb.com/title/tt2531556/?ref_=ttep_ep_1,FALSE,NA,NA
47,4,2,Fort Night,2013-10-06,2013,7.8,14,The kids' Halloween adventure goes awry when Louise's friend Millie takes them hostage.,Boohwan Lim & Kyounghee Lim,Mike Olsen,4.21,22,769831,Fort Night,"Sun, Oct 6, 2013",Tricks and treats and lunatics abound.,8.3,1300,"https://m.media-amazon.com/images/M/MV5BMjE2MTM5Mjg5Ml5BMl5BanBnXkFtZTgwNzE4MTMzMDE@._V1_QL75_UY281_CR0,0,500,281_.jpg",https://www.imdb.com/title/tt3211834/?ref_=ttep_ep_2,FALSE,NA,NA
48,4,3,Seaplane!,2013-11-03,2013,7.2,16,Linda's attempt to spice up date night by signing up for flying lessons backfires when Bob refuses to go with her and she ends up the target of a charming pilot.,Jennifer Coyle,Dan Fybel & Rich Rinaldi,3.75,24,769832,Seaplane!,"Sun, Nov 3, 2013","Linda is bored by Bob's tired attempts at Date Night and decides to sign up for flying lessons. When Bob won't join her, she becomes the target of ""Upskirt Kurt"", the most charming pilot in the air.",7.7,1300,"https://m.media-amazon.com/images/M/MV5BMTQxNjg1OTc2NF5BMl5BanBnXkFtZTgwMjQyNzg0MjE@._V1_QL75_UX500_CR0,47,500,281_.jpg",https://www.imdb.com/title/tt3280380/?ref_=ttep_ep_3,FALSE,NA,NA
49,4,4,My Big Fat Greek Bob,2013-11-10,2013,6.8,15,"When Bob gets a job cooking at a frat house, he and the brothers find themselves in the middle of a prank war; the kids hatch a plan to invade the frat house.",Don MacKinnon,Scott Jacobson,3.17,22,769833,My Big Fat Greek Bob,"Sun, Nov 10, 2013","Bob scores a temporary gig as a cook at an ""underdog"" frat house and discovers that he fits right in! Hijinks ensue as Bob and the rest of the fraternity brothers find themselves in the middle of a collegiate prank war that involves the house's most famous alumnus, Dr. Yap. Meanwhile, the kids are on a mission to invade the frat house and get in on the action.",7.5,1200,"https://m.media-amazon.com/images/M/MV5BMTQ5MDQ3MzM0NF5BMl5BanBnXkFtZTgwODQ5MDk0MjE@._V1_QL75_UX500_CR0,47,500,281_.jpg",https://www.imdb.com/title/tt3304836/?ref_=ttep_ep_4,FALSE,Hannibal Buress; Jonathan Katz,Hefty Jeff; Dean Dixon
50,4,5,Turkey in a Can,2013-11-24,2013,6.8,18,Bob discovers his carefully prepared turkey was put in the toilet in an act of Thanksgiving sabotage.,Boohwan Lim & Kyounghee Lim,Lizzie Molyneux & Wendy Molyneux,4.08,22,769830,Turkey in a Can,"Sun, Nov 24, 2013","Determined to have a perfect Thanksgiving, Bob meticulously prepares the family turkey. But, to his horror, he finds that someone then dumps the turkey in the toilet in an act of Thanksgiving sabotage.",8.4,1400,"https://m.media-amazon.com/images/M/MV5BMjA3MTgxOTg1MF5BMl5BanBnXkFtZTgwNDYxMDc2MDE@._V1_QL75_UY281_CR0,0,500,281_.jpg",https://www.imdb.com/title/tt3304838/?ref_=ttep_ep_5,TRUE,Tuc Watkins,Butcher
51,4,6,Purple Rain-Union,2013-12-01,2013,7.3,15,Linda reunites her old band to perform at her high school reunion; a woman who had a crush on Bob in high school attempts to impress him.,Tyree Dillihay,Loren Bouchard & Nora Smith,3.39,22,769829,Purple Rain-Union,"Sun, Dec 1, 2013","Linda has an upcoming 25 year reunion at Cardinal Gennaro High. Debbie, chairman of the reunion, needs entertainment for the gala. Linda's old band, The Ta Tas, are not even her 3rd choice, but she asks Linda to round up the band: Angie, Patsy, Nancy, and Gayle. Linda does not want to do it: 25 years ago, Bad Hair Day rocked the talent show; and BHD still rocks the pro circuit. The kids egg on Linda until she agrees to perform. Tina plans to babysit, so the kids plan to attend. Like Louise says, who would miss the train wreck of all train wrecks? The kids fail to consider a key variable: Jen, the boring babysitter. All of a sudden, BHD... Woo! BHD will make one appearance; things are looking black at the Belcher house. The Ta Tas sound like cats being electrocuted while gnawing on tin cans and toenails. But Bob still has the most interesting date in the joint.",7.5,1200,"https://m.media-amazon.com/images/M/MV5BMjE3MTM2MDg5N15BMl5BanBnXkFtZTgwMzUxMDc2MDE@._V1_QL75_UY281_CR0,0,500,281_.jpg",https://www.imdb.com/title/tt3341538/?ref_=ttep_ep_6,FALSE,NA,NA
52,4,7,Bob and Deliver,2013-12-08,2013,8.1,14,Bob becomes a substitute home economics teacher at Tina's school and creates a restaurant in the classroom.,Don MacKinnon,Greg Thompson,4.6,22,769834,Bob and Deliver,"Sun, Dec 8, 2013","To Tina's delight, Bob becomes the substitute ""Home Ec"" teacher at her school and ends up creating a full-scale restaurant in the classroom. However, her excitement is short-lived as Bob's position causes father/daughter friction. But when Gene and Louise go to work for Bob's ""school"" restaurant, Linda must fend for herself at the family's ""other"" restaurant (aka Bob's Burgers).",8.2,1200,"https://m.media-amazon.com/images/M/MV5BYTRhOTE5ZjItMWZkYi00MGQ1LWFlNzktZDZlZTk5MjMxMjI5XkEyXkFqcGc@._V1_QL75_UY281_CR1,0,500,281_.jpg",https://www.imdb.com/title/tt3344302/?ref_=ttep_ep_7,FALSE,Riley Brock,Plumber
53,4,8,Christmas in the Car,2013-12-15,2013,7.6,14,The Belchers spend Christmas Eve running from a candy cane-shaped truck; Teddy gets stuck in the Santa trap.,Bernard Derriman & Jennifer Coyle,Steven Davis & Kelvin Yu,5.57,22,769824,Christmas in the Car,"Sun, Dec 15, 2013","After spending Christmas Eve outrunning a candy cane truck with their last-minute tree, the Belchers find that Bob's friend gets caught in the kids' Santa trap.",8.2,1400,"https://m.media-amazon.com/images/M/MV5BMjI4MjIxMDU2NF5BMl5BanBnXkFtZTgwNTY4ODg0MjE@._V1_QL75_UX500_CR0,47,500,281_.jpg",https://www.imdb.com/title/tt3379840/?ref_=ttep_ep_8,TRUE,NA,NA
54,4,9,Slumber Party,2014-01-05,2014,7.6,14,"Linda plans a surprise slumber party for Louise, much to her dismay; Louise tries to make the girls go home; Linda becomes infatuated some raccoons that are getting into the restaurant's dumpster.",Jennifer Coyle,Scott Jacobson,6.35,22,769827,Slumber Party,"Sun, Jan 5, 2014","Linda decides to invite some of Louise's classmates over for a slumber party without her knowledge. With the prospect of being forced to endure an entire night with people she hates, Louise devises a plan to get all the girls to beg to go home. With the help of Tina and Gene, she starts to try and scare them off, but one is reluctant to go.",8.2,1200,"https://m.media-amazon.com/images/M/MV5BMjA2NTcxNTU1N15BMl5BanBnXkFtZTgwNjY2ODg0MjE@._V1_QL75_UX500_CR0,47,500,281_.jpg",https://www.imdb.com/title/tt3406076/?ref_=ttep_ep_9,FALSE,NA,NA
55,4,10,Presto Tina-O,2014-01-12,2014,7.6,14,"In order to get closer to Jimmy Jr., Tina becomes a magician's assistant; Bob becomes the victim of a curse.",Chris Song,Kit Boss,4.2,22,769828,Presto-Tina-o,"Sun, Jan 12, 2014","Tina becomes a magician's assistant in order to get closer to Jimmy Jr., while Bob becomes the victim of a magician's ""curse.""",7.3,1100,"https://m.media-amazon.com/images/M/MV5BMjM2NDkxMTM3NF5BMl5BanBnXkFtZTgwNDcyOTg0MjE@._V1_QL75_UX500_CR0,47,500,281_.jpg",https://www.imdb.com/title/tt3422500/?ref_=ttep_ep_10,FALSE,NA,NA
56,4,11,"Easy Com-mercial, Easy Go-mercial",2014-01-26,2014,7.7,15,The Belchers hire a documentary filmmaker and a former football star to help them film a commercial.,Tyree Dillihay,Jon Schroeder,3.24,22,769825,"Easy Com-mercial, Easy Go-mercial","Sun, Jan 26, 2014","To compete with fellow ""restaurateur,"" Jimmy Pesto, and his blowout Super Bowl event, Bob is determined to create a Bob's Burgers commercial to air during the ""big game."" In an effort to outshine Pesto, the Belchers recruit Randy, a documentarian, to assist with the filmmaking and hire on former pro football star Sandy Frye to be the celebrity endorser.",7.4,1100,"https://m.media-amazon.com/images/M/MV5BMTQ0MDQ4NTM5MF5BMl5BanBnXkFtZTgwMTY5NDg0MjE@._V1_QL75_UX500_CR0,47,500,281_.jpg",https://www.imdb.com/title/tt3457742/?ref_=ttep_ep_11,FALSE,NA,NA
57,4,12,The Frond Files,2014-03-09,2014,7.5,15,Bob and Linda learn that their kids' essays about their fantasy versions of the school are considered offensive and too creative.,Jennifer Coyle,Lizzie Molyneux & Wendy Molyneux,2.21,22,769826,The Frond Files,"Sun, Mar 9, 2014",The Belcher children write fantasy essays about their school that their guidance counselor finds offensive.,8,1200,"https://m.media-amazon.com/images/M/MV5BMjEzMDAzOTYxMl5BMl5BanBnXkFtZTgwNDY5MTk0MjE@._V1_QL75_UX500_CR0,47,500,281_.jpg",https://www.imdb.com/title/tt3550794/?ref_=ttep_ep_12,FALSE,NA,NA
58,4,13,Mazel-Tina,2014-03-16,2014,7.5,15,Tina isn't invited to a classmate's bat mitzvah but ends up at the event anyway when her family is hired to cater.,Brian Loschiavo,Holly Schlesinger,2.44,22,972961,Mazel Tina,"Sun, Mar 16, 2014",A series of mishaps leave Tina the center of attention at a classmate's Bat Mitzvah she wasn't invited to.,8.1,1200,"https://m.media-amazon.com/images/M/MV5BODQ0NjY0MDU2MV5BMl5BanBnXkFtZTgwMDYyNzg0MjE@._V1_QL75_UX500_CR0,47,500,281_.jpg",https://www.imdb.com/title/tt3560292/?ref_=ttep_ep_13,FALSE,Julie Klausner,Tammy's Mom
59,4,14,Uncle Teddy,2014-03-23,2014,7.9,14,"When Bob and Linda plan a romantic getaway at a burger convention, they ask Teddy to watch the kids; Teddy tries to put Tina's crush in his place.",Don MacKinnon,Dan Fybel & Rich Rinaldi,2.45,22,973231,Uncle Teddy,"Sun, Mar 23, 2014","Bob and Linda ask Teddy to babysit the kids while they're on a romantic getaway at a Burger Convention. In the process, Teddy earns the title ""Uncle Teddy"" when he puts Tina's crush in his place for using her to get free burgers.",8,1100,"https://m.media-amazon.com/images/M/MV5BMjEzNzM4OTcyMV5BMl5BanBnXkFtZTgwMTI4ODg0MjE@._V1_QL75_UX500_CR0,47,500,281_.jpg",https://www.imdb.com/title/tt3577570/?ref_=ttep_ep_14,FALSE,Lance Barber,Justgrillin'
60,4,15,The Kids Rob a Train,2014-03-30,2014,7.6,15,"When the Belchers go on a train trip, Gene, Louise and Tina are seated in a separate car; Linda and Bob indulge in a wine-tasting.",Boohwan Lim & Kyounghee Lim,Steven Davis & Kelvin Yu,2.26,22,973456,The Kids Rob a Train,"Sun, Mar 30, 2014","Bob, Linda, and the kids board a train for a wine tasting while the kids are put in the caboose. The kids sneak out in an attempt to steal the chocolate from the kitchen car while Bob challenges another person on the train to a contest.",8.1,1200,"https://m.media-amazon.com/images/M/MV5BMTYwMDU2ODc3Nl5BMl5BanBnXkFtZTgwNzg3NDc5MjE@._V1_QL75_UX500_CR0,47,500,281_.jpg",https://www.imdb.com/title/tt3634392/?ref_=ttep_ep_15,FALSE,Matt Walsh; Michael Showalter,Rick; Ethan
61,4,16,I Get a Psy-Chic Out of You,2014-04-06,2014,7.4,15,"After predicting a telemarketer's call at the restaurant, Linda and the kids believe she's psychic.",Chris Song,Jon Schroeder,2.27,22,973721,I Get Psychic Out of You,"Sun, Apr 6, 2014",Linda is believed to be a psychic when she correctly predicts that a telemarketer is calling the restaurant.,7.4,1000,"https://m.media-amazon.com/images/M/MV5BMjI0MzcwMzA0M15BMl5BanBnXkFtZTgwMzg5Mzk0MjE@._V1_QL75_UX500_CR0,47,500,281_.jpg",https://www.imdb.com/title/tt3620196/?ref_=ttep_ep_16,FALSE,NA,NA
62,4,17,The Equestranauts,2014-04-13,2014,8.2,17,"Tina attends a convention based on an animated show about ponies and finds that many of the fans are middle-aged men; when Tina is tricked out of her rare pony toy, Bob goes under cover to get it back.",Tyree Dillihay,Dan Mintz,1.83,22,974118,The Equestranauts,"Sun, Apr 13, 2014","In an homage to the ""Bronies"" subculture, Tina attends her first Equestra-con, a convention based on her favorite animated pony show, ""The Equestranauts."" To her surprise, she finds that the show's fans are middle-aged men (called ""Equesticles""). When a powerful super-fan tricks Tina out of her rare toy pony, it's up to Bob to go undercover to get it back.",8.1,1200,"https://m.media-amazon.com/images/M/MV5BMjI3ODU5NDM1NF5BMl5BanBnXkFtZTgwNDQ4Mjk0MjE@._V1_QL75_UX500_CR0,47,500,281_.jpg",https://www.imdb.com/title/tt3636224/?ref_=ttep_ep_17,FALSE,NA,NA
63,4,18,Ambergris,2014-04-20,2014,6.9,14,"When Gene, Louise and Tina discover a valuable whale by-product on the beach, Louise tries to cheat her siblings out of the profit; Bob and Linda deal with their unstable landlord.",Don MacKinnon,Scott Jacobson,1.52,22,974234,Ambergris,"Sun, Apr 20, 2014","Gene, Louise, and Tina discover a seaweed-covered object at the beach that turns out to be a large hunk of Ambergris - an extremely valuable, but illegal, by-product of whale poop that is used in high-end perfumes. But Louise tries to cheat Gene and Tina out of the profit she hopes to make by selling the treasure on the black market. Meanwhile, Bob and Linda deal with their psychologically unstable landlord who is building them a new bathroom.",7.3,1000,"https://m.media-amazon.com/images/M/MV5BMTU3NDUyNDQ3OV5BMl5BanBnXkFtZTgwMzQ4ODg0MjE@._V1_QL75_UX500_CR0,47,500,281_.jpg",https://www.imdb.com/title/tt3653426/?ref_=ttep_ep_18,FALSE,Dom Irrera,The Nose
64,4,19,The Kids Run Away,2014-04-27,2014,7.9,14,"When she learns she has a cavity, Louise runs away from the dentist's office and seeks refuge at Aunt Gail's house.",Boohwan Lim & Kyounghee Lim,Rich Rinaldi,2.26,22,974672,The Kids Run Away,"Sun, Apr 27, 2014","Louise has a cavity, but also Dentist phobia. The family have to deal with it.",8.3,1100,"https://m.media-amazon.com/images/M/MV5BMTk1Nzk2ODEyOF5BMl5BanBnXkFtZTgwMzU4MTk0MjE@._V1_QL75_UX500_CR0,47,500,281_.jpg",https://www.imdb.com/title/tt3674020/?ref_=ttep_ep_19,FALSE,NA,NA
65,4,20,Gene It On,2014-05-04,2014,6.9,15,"When Tina is unable to speak after falling and biting her tongue during a cheerleading audition, Louise offers to be her translator.",Chris Song,Greg Thompson,2.23,22,975327,Gene It On,"Sun, May 4, 2014","Tina tries out for cheerleading, but a spirited and enthusiastic spectator Gene makes more of an impression.",7.4,1000,"https://m.media-amazon.com/images/M/MV5BNjI3NzExMTU2OV5BMl5BanBnXkFtZTgwNjc0MDk0MjE@._V1_QL75_UX500_CR0,47,500,281_.jpg",https://www.imdb.com/title/tt3686090/?ref_=ttep_ep_20,FALSE,Carrie Clifford,Monica
66,4,21,Wharf Horse (or How Bob Saves/Destroys The Town) (1),2014-05-11,2014,7.1,14,"Motivated by the promise of a beachside burger restaurant, Bob helps Felix talk Mr. Fischoeder into selling Wonder Wharf.",Brian Loschiavo,Nora Smith,1.97,22,975415,Wharf Horse (or How Bob Saves/Destroys the Town - Part I),"Sun, May 11, 2014","Motivated by the promise of a new beachside burger joint, Bob conspires with Felix to convince Mr. Fischoeder to sell Wonder Wharf. Meanwhile, Tina protests the destruction of the wharf's carousel by chaining herself to it.",8.1,1100,"https://m.media-amazon.com/images/M/MV5BMTUwNDAyMzI1OV5BMl5BanBnXkFtZTgwOTc0MDk0MjE@._V1_QL75_UX500_CR0,47,500,281_.jpg",https://www.imdb.com/title/tt3686084/?ref_=ttep_ep_21,FALSE,NA,NA
67,4,22,World Wharf II: The Wharfening (or How Bob Saves/Destroys The Town) (2),2014-05-18,2014,7.7,14,Linda and the kids must save the day when Felix's desperate measures put Bob and Mr. Fischoeder in danger.,Jennifer Coyle,Lizzie Molyneux & Wendy Molyneux,1.95,22,975542,World Wharf II: The Wharfening (or How Bob Saves/Destroys the Town - Part II),"Sun, May 18, 2014","It's Linda and the kids to the rescue when Felix takes desperate measures, and puts Bob and Mr. Fischoeder in danger.",8.4,1200,"https://m.media-amazon.com/images/M/MV5BMTg2MjE5Nzc5MF5BMl5BanBnXkFtZTgwNTc0MDk0MjE@._V1_QL75_UX500_CR0,47,500,281_.jpg",https://www.imdb.com/title/tt3686092/?ref_=ttep_ep_22,FALSE,NA,NA
68,5,1,"Work Hard or Die Trying, Girl",2014-10-05,2014,7.9,14,Gene tries to make one of his dreams a reality when he gets the opportunity to make a musical version of Die Hard at the Wagstaff Fall Festival.,Jennifer Coyle,Nora Smith,3.14,22,1014608,"Work Hard or Die Trying, Girl","Sun, Oct 5, 2014",Gene tries to make one of his dreams a reality when he gets the opportunity to make a musical version of Die Hard at the Wagstaff Fall Festival.,8.2,1300,"https://m.media-amazon.com/images/M/MV5BMTU2MjY2OTY4MV5BMl5BanBnXkFtZTgwNjM5MDg5MjE@._V1_QL75_UX500_CR0,47,500,281_.jpg",https://www.imdb.com/title/tt3918318/?ref_=ttep_ep_1,FALSE,Carly Simon,Carly Simon
69,5,2,Tina and the Real Ghost,2014-11-02,2014,8.1,12,Tina begins an out-of-this-world romance with a ghost that is believed to be living in the Belcher's basement.,Boohwan Lim & Kyounghee Lim,Steven Davis & Kelvin Yu,2.89,22,1014609,Tina and the Real Ghost,"Sun, Nov 2, 2014",Tina begins an out-of-this-world romance with a ghost that is believed to be living in the Belcher's basement.,7.8,1100,"https://m.media-amazon.com/images/M/MV5BMTcwNDQ5NzkxMl5BMl5BanBnXkFtZTgwOTY3OTE0MzE@._V1_QL75_UX500_CR0,47,500,281_.jpg",https://www.imdb.com/title/tt4166422/?ref_=ttep_ep_2,FALSE,NA,NA
70,5,3,Friends with Burger-fits,2014-11-16,2014,7.8,12,Teddy's health is a cause for concern. So he and Bob attend a bootcamp. The kids come up with a new sport to play in the walk-in refrigerator.,Tyree Dillihay,Dan Fybel,3.35,22,1014808,Friends with Burger-fits,"Sun, Nov 16, 2014","Bob becomes Teddy's workout buddy after finding out his burgers contributed to Teddy's bad health. The two enroll in a stuntman boot camp where their friendship is put to the test. Meanwhile, the kids make an ice rink in the freezer, with Linda running their underground ice wrestling league.",7.6,992,"https://m.media-amazon.com/images/M/MV5BZTM5ZGRhMDAtYzdjZC00ZDQ4LThjYTMtNjQzNDRmNTdlOWYyXkEyXkFqcGc@._V1_QL75_UX500_CR0,0,500,281_.jpg",https://www.imdb.com/title/tt4193272/?ref_=ttep_ep_3,FALSE,NA,NA
71,5,4,Dawn of the Peck,2014-11-23,2014,7.9,11,"While Bob is boycotting the holiday, Linda and the kids spend Thanksgiving at the First Annual Fischoeder Turk-tacular Turkey Town Festival. However, a wild bird attack leads to total mayhem.",Tyree Dillihay,Lizzie Molyneux & Wendy Molyneux,1.9,22,1017840,Dawn of the Peck,"Sun, Nov 23, 2014","While Bob is boycotting the holiday, Linda and the kids spend Thanksgiving at the First Annual Fischoeder Turk-tacular Turkey Town Festival. However, a wild bird attack leads to total mayhem.",8.4,1300,"https://m.media-amazon.com/images/M/MV5BNTM2MTkwYmMtY2Q3Ny00NTczLTgzNTItOTVjYjYwNjUxMjEyXkEyXkFqcGc@._V1_QL75_UX500_CR0,0,500,281_.jpg",https://www.imdb.com/title/tt4166424/?ref_=ttep_ep_4,TRUE,NA,NA
72,5,5,Best Burger,2014-11-30,2014,8,12,"Bob enters a burger-making contest, only to discover that his distinguishing ingredient is missing! To help out their dad, the kids go on a mission to find the ever-so-important black garlic.",Don MacKinnon,Mike Benner,2.23,22,1019223,Best Burger,"Sun, Nov 30, 2014","Bob is in a ""best burger"" competition, but is at risk of losing when an important part of the burger is nowhere to be found.",8,1000,"https://m.media-amazon.com/images/M/MV5BZDJiNzhlYWQtMGIwYy00MTMzLWFhYzItNmVjOGFmNWRjNzNmXkEyXkFqcGc@._V1_QL75_UX500_CR0,0,500,281_.jpg",https://www.imdb.com/title/tt4237506/?ref_=ttep_ep_5,FALSE,NA,NA
73,5,6,Father of the Bob,2014-12-07,2014,7.7,11,"Bob and his dad, ""Big Bob"", try to outdo each other in the kitchen when they rehash an old argument at Big Bob's Christmas party. Meanwhile, the kids compete to get the best present for Bob.",Chris Song,Steven Davis & Kelvin Yu,3.18,22,1019294,Father of the Bob,"Sun, Dec 7, 2014","At Bob's father's Christmas party, Bob and ""Big Bob"" rehash an old argument and try to outdo each other in the kitchen. Meanwhile, the kids compete to find the best gift for their dad.",7.8,1100,"https://m.media-amazon.com/images/M/MV5BZjU2OTYxM2QtYmEzYi00YmJkLWIxMTAtOTlhZDIwZjQ5NGUzXkEyXkFqcGc@._V1_QL75_UX500_CR0,0,500,281_.jpg",https://www.imdb.com/title/tt4226904/?ref_=ttep_ep_6,TRUE,Carl Reiner,Henry
74,5,7,Tina Tailor Soldier Spy,2014-12-14,2014,7.7,11,"Tina goes undercover in her old Thundergirls troop to find the mole who is giving away their cookie secrets. Meanwhile, Linda dyes her hair blonde.",Don MacKinnon,Holly Schlesinger,2.54,22,1019393,Tina Tailor Soldier Spy,"Sun, Dec 14, 2014","After being pestered by the kids and a mistake by Gretchen, Linda decides to dye her hair full blonde. Meanwhile, when trying to quit the Thunder Girls Tina is asked to find a mole in the troop.",7.7,971,"https://m.media-amazon.com/images/M/MV5BNmU3OWI3ZjUtNmE0YS00MDlhLThjNGQtY2Q5ZWY2MDYwNWEyXkEyXkFqcGc@._V1_QL75_UX500_CR0,0,500,281_.jpg",https://www.imdb.com/title/tt4278370/?ref_=ttep_ep_7,FALSE,NA,NA
75,5,8,Midday Run,2015-01-04,2015,7.8,12,"Who runs the halls? Tina! When Tina is up for a hall monitor promotion, she's determined to do whatever it takes to nab the powerful job.",Ian Hamilton,Scott Jacobson,3.95,22,1023996,Midday Run,"Sun, Jan 4, 2015",Tina gets Gene and Louise to help ensure she gets a big hall-monitor promotion.,7.6,958,"https://m.media-amazon.com/images/M/MV5BZjQ4MWVjNzctODA3OS00MjIxLTk3ZTQtMWFkYzljMjVkMDA5XkEyXkFqcGc@._V1_QL75_UX500_CR0,0,500,281_.jpg",https://www.imdb.com/title/tt4285094/?ref_=ttep_ep_8,FALSE,NA,NA
76,5,9,Speakeasy Rider,2015-01-11,2015,7.8,12,"Tina, Gene and Louise are ready to put the pedal to the metal when they join a go-kart league. Meanwhile, back at the restaurant Bob and Teddy partner up to serve Teddy's home-brewed beer on the sly.",Jennifer Coyle,Rich Rinaldi,3.34,22,1023997,Speakeasy Rider,"Sun, Jan 11, 2015","Tina, Gene and Louise are ready to put the pedal to the metal when they join a go-kart league. Meanwhile, at the restaurant Bob and Teddy partner up to serve Teddy's home-brewed beer.",7.8,964,"https://m.media-amazon.com/images/M/MV5BNjgyZTI0YTUtNzAyOC00MmEzLWExZGYtMjAzNTUxNGQ0NDYzXkEyXkFqcGc@._V1_QL75_UX500_CR0,0,500,281_.jpg",https://www.imdb.com/title/tt4346964/?ref_=ttep_ep_9,FALSE,NA,NA
77,5,10,Late Afternoon in the Garden of Bob and Louise,2015-01-25,2015,7.9,12,Bob agrees to give Logan a job at the restaurant in exchange for a plot at the local community garden.,Boohwan Lim & Kyounghee Lim,Jon Schroeder,2.49,22,1029993,Late Afternoon in the Garden of Bob and Louise,"Sun, Jan 25, 2015","In order to become a member of the community garden, Bob must give Louise's enemy a job.",7.9,1000,"https://m.media-amazon.com/images/M/MV5BYWQ0MWIyMWMtYWUzMC00MDhhLWE4YjktMTZkMDk3MTc2N2YxXkEyXkFqcGc@._V1_QL75_UX500_CR0,0,500,281_.jpg",https://www.imdb.com/title/tt4370928/?ref_=ttep_ep_10,FALSE,NA,NA
78,5,11,Can't Buy Me Math,2015-02-08,2015,8.4,11,"Tina teams up with Darryl to win the Cupid's Couple contest at the school dance. Meanwhile, Linda plans a full week of ambitious Valentine's Day activities for her and Bob.",Tyree Dillihay,Dan Fybel,1.94,22,1038407,Can't Buy Me Math,"Sun, Feb 8, 2015",Tina and Darryl team up to win the Cupid's Couple contest; Linda plans Valentine's Day activities.,7.9,964,"https://m.media-amazon.com/images/M/MV5BOGI0YzllZmMtODM2Ni00MWExLWIxMTktNzdiODZjMGFkNmIyXkEyXkFqcGc@._V1_QL75_UX500_CR0,0,500,281_.jpg",https://www.imdb.com/title/tt4370950/?ref_=ttep_ep_11,TRUE,NA,NA
79,5,12,The Millie-churian Candidate,2015-02-15,2015,8.5,13,"Tina and Louise volunteer to run Jimmy Junior's class president campaign in order to keep Millie from winning, and ruining the school. Meanwhile, Bob becomes obsessed with a knife after talking himself into buying it for $300.",Don MacKinnon,Greg Thompson,2.01,22,1038408,The Millie-churian Candiate,"Sun, Feb 15, 2015","Desperate to keep Millie from becoming class president and ruining the school, Tina and Louise volunteer to help run Jimmy Junior's campaign.",8.2,1000,"https://m.media-amazon.com/images/M/MV5BZjVkZWZmY2UtZWY5MC00YjY0LWFjYjQtZWE0Y2ZmM2U2N2YxXkEyXkFqcGc@._V1_QL75_UX500_CR0,0,500,281_.jpg",https://www.imdb.com/title/tt4393148/?ref_=ttep_ep_12,FALSE,NA,NA
80,5,13,The Gayle Tales,2015-03-01,2015,7.7,14,"Gayle arrives at Bob's Burgers in tears because her date for the evening was cancelled and she had theater tickets. Desperate to get out of the house after being grounded, the kids compete to be Aunt Gayle's ""date"" for the evening via an essay contest.",Ian Hamilton,Lizzie Molyneux & Wendy Molyneux,3.03,22,1043043,The Gayle Tales,"Sun, Mar 1, 2015",The kids compete to be their Aunt Gayle's companion for the evening.,7.8,1000,"https://m.media-amazon.com/images/M/MV5BMDY1NDNkZGQtNzg3NC00MzUzLWEzMWMtYjBlM2Q5NjRlZTQwXkEyXkFqcGc@._V1_QL75_UX500_CR0,0,500,281_.jpg",https://www.imdb.com/title/tt4432866/?ref_=ttep_ep_13,FALSE,NA,NA
81,5,14,L'il Hard Dad,2015-03-08,2015,8,14,"Bob becomes obsessed with his new automatic helicopter. When it falls apart for no reason, he enters into a battle with the manufacturer in order to receive a refund. Gene assists Bob in his quest, but things quickly get out of hand and end in a crazy helicopter battle. Meanwhile, Louise and Linda help Tina prepare for her oral book report.",Chris Song,Nora Smith,2.56,22,1043549,L'il Hard Dad,"Sun, Mar 8, 2015","Bob becomes obsessed with his new automatic helicopter. When it falls apart for no reason, he enters into a battle with the manufacturer in order to receive a refund. Gene assists Bob in his quest, but things quickly get out of hand and end in a crazy helicopter battle. Meanwhile, Louise and Linda help Tina prepare for her oral book report.",7.5,947,"https://m.media-amazon.com/images/M/MV5BZTI3MDIxY2MtN2JjYy00Mzk4LTg3ZjItNjMyOGNlZjFiNzZlXkEyXkFqcGc@._V1_QL75_UX500_CR0,0,500,281_.jpg",https://www.imdb.com/title/tt4454882/?ref_=ttep_ep_14,FALSE,NA,NA
82,5,15,Adventures in Chinchilla-sitting,2015-03-15,2015,7.6,12,"Bob and Linda head out on the town for a date - but to Linda's dismay, Bob's idea of romance proves ""trivial."" Meanwhile, a wild chinchilla chase ensues after the school pet that Louise was charged with watching escapes out the front door.",Cecilia Aranovich,Mike Benner,2.24,22,1044588,Adventures in Chinchilla-sitting,"Sun, Mar 15, 2015","Bob and Linda head out on the town for a date - but to Linda's dismay, Bob's idea of romance proves ""trivial."" Meanwhile, a wild chinchilla chase ensues after the school pet that Louis was charged with watching escapes out the front door.",7.5,961,"https://m.media-amazon.com/images/M/MV5BNGY0M2ZiNTktOWE4My00NzFhLWFkZTYtYWM3YjFjMGMxN2U0XkEyXkFqcGc@._V1_QL75_UX500_CR0,0,500,281_.jpg",https://www.imdb.com/title/tt4469004/?ref_=ttep_ep_15,FALSE,NA,NA
83,5,16,The Runway Club,2015-03-22,2015,7.9,12,"The kids are sentenced to Saturday detention and will do anything it takes to leave early, so they can attend the Cotton Candy Festival. Meanwhile, Bob and Linda believe they are being scammed by a young girl at the restaurant.",Jennifer Coyle,Steven Davis & Kelvin Yu,2.21,22,1044589,The Runway Club,"Sun, Mar 22, 2015",The kids try to escape Saturday detention so they can attend the Cotton Candy Festival.,7.8,961,"https://m.media-amazon.com/images/M/MV5BYmU1ZTliZDMtNTRmMC00ZmVlLWI4ZmMtNjE0N2U4OWRiMjVjXkEyXkFqcGc@._V1_QL75_UX500_CR0,0,500,281_.jpg",https://www.imdb.com/title/tt4483572/?ref_=ttep_ep_16,FALSE,NA,NA
84,5,17,Itty Bitty Ditty Committee,2015-04-26,2015,7.9,13,"Gene starts a band with Tina, Louise, Rudy, Peter and Daryl, only to be kicked out and left on his own. After declaring that he will never play his Casio again, Tina and Louise join forces to help Gene rediscover his love of music. Meanwhile, Linda deals with a horrible armpit rash that has everyone disgusted!",Bernard Derriman,Holly Schlesinger,2.04,22,1050156,Itty Bitty Ditty Committee,"Sun, Apr 26, 2015","Gene is promptly kicked out of the band he formed with Tina, Louise, Rudy, Peter, and Daryl, and proclaims he is never going to play keyboard again.",7.6,931,"https://m.media-amazon.com/images/M/MV5BZjkxN2NiYzYtNDYyYS00ZWY1LTg0NGQtNmVlNjYxYWY3MGIzXkEyXkFqcGc@._V1_QL75_UX500_CR0,0,500,281_.jpg",https://www.imdb.com/title/tt4570998/?ref_=ttep_ep_17,FALSE,NA,NA
85,5,18,"Eat, Spray, Linda",2015-05-03,2015,8.5,13,"It's Linda's birthday and Bob needs more time to plan her birthday surprise. But when he sends her out of the house as a distraction, she goes missing! Mayhem ensues as the Belchers must work together to find Linda.",Tyree Dillihay,Jon Schroeder,2.24,22,1051602,"Eat, Spray, Linda","Sun, May 3, 2015","It's Linda's birthday and Bob needs more time to plan her birthday surprise. But when he sends her out of the house as a distraction, she goes missing. Mayhem ensues as the Belchers must work together to find Linda.",8.4,1100,"https://m.media-amazon.com/images/M/MV5BMGIwOTI0NTEtNTc3Yy00NzAxLWE5MzAtODc5NWM0NzY3MWFkXkEyXkFqcGc@._V1_QL75_UX500_CR0,0,500,281_.jpg",https://www.imdb.com/title/tt4576552/?ref_=ttep_ep_18,FALSE,Seth Morris,Baker
86,5,19,Housetrap,2015-05-10,2015,8.5,14,"In true Belcher fashion, the family gets stuck in a terrible storm while vacationing at a beach house in Craggy Neck. The storm is the least of their worries, however, when they are forced to take shelter with the mysterious owner of the home.",Jennifer Coyle & Bernard Derriman,Dan Fybel,2.47,22,1054187,Housetrap,"Sun, May 10, 2015","When a vicious storm strikes during the Belcher family's vacation at a beach house in Craggy Neck, they find themselves staying with the mysterious owner.",8.7,1300,"https://m.media-amazon.com/images/M/MV5BODYyZTUyMzMtNGY2YS00YTE2LTg4ZDctYzBiYzljMjljZGI4XkEyXkFqcGc@._V1_QL75_UX500_CR0,0,500,281_.jpg",https://www.imdb.com/title/tt4622310/?ref_=ttep_ep_19,FALSE,NA,NA
87,5,20,Hawk & Chick,2015-05-17,2015,8.2,13,"Bob and Louise are thrilled when they meet Hawk, the star of their favorite martial arts series, and are quick to offer help upon learning about his family troubles.",Tyree Dillihay,Rich Rinaldi,1.95,22,1056216,Hawk & Chick,"Sun, May 17, 2015","Bob and Louise are thrilled when they meet Hawk, the star of their favorite martial arts series, and are quick to offer help upon learning about his family troubles.",8.4,1100,"https://m.media-amazon.com/images/M/MV5BMzY1NWUyMDMtMWRiYy00NzYzLTgzMDgtMGM0YTA5Yjk5ZGEzXkEyXkFqcGc@._V1_QL75_UX500_CR0,0,500,281_.jpg",https://www.imdb.com/title/tt4622318/?ref_=ttep_ep_20,FALSE,NA,NA
88,5,21,The Oeder Games,2015-05-17,2015,8.3,13,"With the threat of a rent increase on Ocean Avenue, Bob and the other tenants rebel! After approaching Fischoeder, the tenants find out that they will have to compete in order to convince him to keep their rents reasonable.",Don MacKinnon,Scott Jacobson,2.44,22,1056217,The Oeder Games,"Sun, May 17, 2015","With the threat of a rent increase on Ocean Avenue, Bob and the other tenants rebel. After approaching Fischoeder, the tenants find out that they will have to compete in order to convince him to keep their rents reasonable.",8.7,1200,"https://m.media-amazon.com/images/M/MV5BMmFiMmJmMzAtNWUzMS00MjYyLTkzZGMtMGY2OThjODcxYmYyXkEyXkFqcGc@._V1_QL75_UX500_CR0,0,500,281_.jpg",https://www.imdb.com/title/tt4622328/?ref_=ttep_ep_21,FALSE,NA,NA
89,6,1,Sliding Bobs,2015-09-27,2015,8.1,14,"Bob notices that he has started to lose his hair. In a wave of nostalgia, Linda reminisces about Bob’s mustache and how it made her fall for him years ago. Meanwhile, the kids tell their own versions of the story of how their parents met.",Don MacKinnon,Greg Thompson,2.51,22,1080760,Sliding Bobs,"Sun, Sep 27, 2015","When Bob starts to lose his hair, Linda reminisces about his mustache and how it made her fall for him; the kids make up their own versions of how Bob and Linda met.",7.8,986,"https://m.media-amazon.com/images/M/MV5BMTk3MTc0ODE3NV5BMl5BanBnXkFtZTgwODUwNTA3NjE@._V1_QL75_UX500_CR0,0,500,281_.jpg",https://www.imdb.com/title/tt4806434/?ref_=ttep_ep_1,FALSE,NA,NA
90,6,2,The Land Ship,2015-10-11,2015,7.7,13,"The upcoming Land Ship parade could mean increased business for Bob, until he learns that two port-o-potties will be placed in front the restaurant. Meanwhile, Tina learns from her friends that she’s boring, so she joins up with Jordan who has been vandalizing the school with graffiti. But when Jordan wants to spray graffiti on the Land Ship, Tina must decide between ruining the parade or disappointing her new crush.",Jennifer Coyle,Holly Schlesinger & H. Jon Benjamin,2.19,22,1108654,The Land Ship,"Sun, Oct 11, 2015",Bob thinks the upcoming Land Ship parade will increase business -- until he learns two porta-potties will be in front of his restaurant; Tina's friends tell her she is boring.,7.6,917,"https://m.media-amazon.com/images/M/MV5BMjMxNDE2MTU3Ml5BMl5BanBnXkFtZTgwMzUwNDg1MDI@._V1_QL75_UX500_CR0,47,500,281_.jpg",https://www.imdb.com/title/tt5043080/?ref_=ttep_ep_2,FALSE,NA,NA
91,6,3,The Hauntening,2015-10-18,2015,8.7,15,"The Belchers are ready for an amazing Halloween! Louise reveals that she has never been scared before and the family sets out to visit a spooky haunted house. When trouble ensues following their visit, the Belchers find themselves in a zany situation more frightening than they bargained for!",Jennifer Coyle,Steven Davis & Kelvin Yu,2.09,22,1110483,The Hauntening,"Sun, Oct 18, 2015","When Louise admits that she has never felt scared before, the family goes to a haunted house in an effort to change but mayhem ensues after their visit.",9.1,1800,"https://m.media-amazon.com/images/M/MV5BZmVmZGUxMWEtNzI2YS00OTJiLWIzN2QtYTI1YWY3NDRhODM4XkEyXkFqcGc@._V1_QL75_UX500_CR0,0,500,281_.jpg",https://www.imdb.com/title/tt5062580/?ref_=ttep_ep_3,FALSE,NA,NA
92,6,4,Gayle Makin' Bob Sled,2015-11-08,2015,7.7,14,"When Gayle is injured, Linda sends Bob off to pick her up, so that she doesn't miss out on Thanksgiving festivities. But an unexpected snowstorm derails his trip home, and his epic plan to prepare the turkey is foiled. Bob then must put the fate of the turkey and the Belcher Thanksgiving in Linda's hands and spend time bonding with his sister-in-law.",Tyree Dillihay,Lizzie Molyneux & Wendy Molyneux,3.13,22,1135186,Gayle Makin' Bob Sled,"Sun, Nov 8, 2015","Bob goes to pick up Gayle so she does not miss the Thanksgiving celebration, but gets caught in a snowstorm coming back, leaving Linda to prepare the turkey.",7.6,1000,"https://m.media-amazon.com/images/M/MV5BODY2OTYzMDk0Nl5BMl5BanBnXkFtZTgwNjkwNDg1MDI@._V1_QL75_UX500_CR0,47,500,281_.jpg",https://www.imdb.com/title/tt5124542/?ref_=ttep_ep_4,TRUE,NA,NA
93,6,5,Nice-Capades,2015-11-15,2015,7.3,15,"When a grumpy mall Santa threatens the kids with the dreaded Naughty List, Gene, Tina and Louise decide to put on a musical performance spectacular to earn their spot on the Nice List. Can they change Santa’s mind in time to save their Christmas?",Chris Song,Dan Fybel,2.27,22,1135187,Nice-Capades,"Sun, Nov 15, 2015","A grumpy mall Santa threatens to put Gene, Tina and Louise on the naughty list, inspiring them to arrange a musical performance in hopes of changing Santa's mind before Christmas.",7.5,927,"https://m.media-amazon.com/images/M/MV5BMjEzODQ1OTMyNl5BMl5BanBnXkFtZTgwNDAxNDg1MDI@._V1_QL75_UX500_CR0,47,500,281_.jpg",https://www.imdb.com/title/tt5147222/?ref_=ttep_ep_5,TRUE,Henry Winkler,Mall Santa
94,6,6,"The Cook, the Steve, the Gayle, & Her Lover",2016-01-17,2016,8.1,12,"When Bob throws a dinner party to bond with his new friend, Gayle uses the opportunity to introduce the family to her new love interest. Little does she know, Louise has a long-standing feud with Gayle’s boyfriend and her niece will stop at nothing to break them apart. Calamity ensues as Bob attempts to impress his new buddy and the kids take action.",Tyree Dillihay,Nora Smith,2.26,22,1159158,"The Cook, the Steve, the Gayle, & Her Lover","Sun, Jan 17, 2016","When Bob throws a dinner party, Gayle takes advantage of the opportunity to introduce her new love interest to the family; a long-standing feud is revealed.",7.8,930,"https://m.media-amazon.com/images/M/MV5BMjMyNDk4MDE5M15BMl5BanBnXkFtZTgwMjIxNDg1MDI@._V1_QL75_UX500_CR0,47,500,281_.jpg",https://www.imdb.com/title/tt5204516/?ref_=ttep_ep_6,FALSE,NA,NA
95,6,7,The Gene and Courtney Show,2016-02-14,2016,7.8,12,"Gene and Courtney get their big break when they are asked to be the new hosts of the morning announcements, but their romantic history threatens to get in the way. Meanwhile, Tina's attempt to play Cupid goes tragically awry when she volunteers to spear-head the Valentine's Day carnation fundraiser.",Chris Song,Rich Rinaldi,2.05,22,1159159,The Gene and Courtney Show,"Sun, Feb 14, 2016","Gene and Courtney are given the opportunity to be the new hosts of morning announcements, but their romantic history poses challenges; Tina's plan goes awry.",7.6,879,"https://m.media-amazon.com/images/M/MV5BMTU1NDUyNDc3N15BMl5BanBnXkFtZTgwNzQ0OTQwODE@._V1_QL75_UX500_CR0,47,500,281_.jpg",https://www.imdb.com/title/tt5352800/?ref_=ttep_ep_7,FALSE,NA,NA
96,6,8,Sexy Dance Healing,2016-02-21,2016,8,10,"After Bob slips on the sidewalk, he is forced to take legal action in order to pay for surgery. In a turn of events, Bob finds himself under the care of Jairo, who promises to help him heal without a doctor. Meanwhile, the kids create a fake law firm to settle their personal discrepancies.",Chris Song & Bernard Derriman,Rich Rinaldi,2.29,22,1166082,Sexy Dance Healing,"Sun, Feb 21, 2016",Bob must take legal action after he slips on the sidewalk and needs to pay for surgery; Jairo promises to heal Bob without doctors; the kids fake a law firm.,7.6,883,"https://m.media-amazon.com/images/M/MV5BMjQwMzM3MzU0Nl5BMl5BanBnXkFtZTgwMzQ2NjExODE@._V1_QL75_UX500_CR0,47,500,281_.jpg",https://www.imdb.com/title/tt5461660/?ref_=ttep_ep_8,FALSE,Steve Buscemi,Tom Innocenti
97,6,9,Sacred Couch,2016-03-06,2016,7.4,10,"After a family vote rules against buying a new couch during TV Night, Louise takes matters into her own hands. The Belchers take sides as they are forced to decide whether memories are enough to keep their family sofa. Will they take the Sofa Queen’s advice and learn to love a new couch?",Brian Loschiavo,Scott Jacobson,2.64,22,1166083,Sacred Couch,"Sun, Mar 6, 2016","Louise wants the family to get a new couch, but the family votes against it. So she decides to take care of the problem herself.",7.2,951,"https://m.media-amazon.com/images/M/MV5BNDM2NTJlMDItODRmMy00NGNkLWE4YmEtODllYTcwMzFkN2Y2XkEyXkFqcGc@._V1_QL75_UX500_CR0,47,500,281_.jpg",https://www.imdb.com/title/tt5527708/?ref_=ttep_ep_9,FALSE,Wanda Sykes,Sofa Queen
98,6,10,Lice Things Are Lice,2016-03-13,2016,7.4,9,"When Tina volunteers alongside Nurse Liz, she finds herself involved in the biggest scandal to hit Wagstaff: a lice infestation. Meanwhile, Bob makes improvements to the restaurant that end up driving customers away. Can the Belchers juggle both a crisis at the restaurant and lice?",Brian Loschiavo,Greg Thompson,2.28,22,1166084,Lice Things Are Lice,"Sun, Mar 13, 2016","When Tina volunteers alongside Nurse Liz, she finds herself involved in the biggest scandal to hit Wagstaff: a lice infestation. Meanwhile, Bob makes improvements to the restaurant that end up driving customers away. Can the Belchers juggle both a crisis at the restaurant and lice?",7.6,896,"https://m.media-amazon.com/images/M/MV5BMTg4MjE3OTYxNl5BMl5BanBnXkFtZTgwNTkxNDg1MDI@._V1_QL75_UX500_CR0,47,500,281_.jpg",https://www.imdb.com/title/tt5509096/?ref_=ttep_ep_10,FALSE,NA,NA
99,6,11,House of 1000 Bounces,2016-04-03,2016,7.8,9,"When there is a bounce house crisis at Regular Sized Rudy’s birthday party, the Belcher kids devise a scheme to save the day. Meanwhile, Bob deals with an unexpected guest at the restaurant and is forced to come to terms with a longstanding fear.",Tyree Dillihay,Mike Benner,2.05,22,1176766,House of 1000 Bounces,"Sun, Apr 3, 2016","The Belcher kids hop into action after news of a bounce house crisis at a birthday party; Bob encounters a guest at the restaurant, fixing him to face a fear.",7.7,874,"https://m.media-amazon.com/images/M/MV5BOTdkMmYyMjItOGNhMS00MjVlLThmNTgtNGQ5ODFhNjZkZjcxXkEyXkFqcGc@._V1_QL75_UX500_CR0,0,500,281_.jpg",https://www.imdb.com/title/tt5555436/?ref_=ttep_ep_11,FALSE,NA,NA
100,6,12,Stand By Gene,2016-04-03,2016,8.3,10,"When Gene overhears talk about a mystical creature that lives nearby, he leads the Belcher kids and their friends on a journey to find it. Meanwhile, Linda's competitive nature takes over during downtime at the restaurant.",Tyree Dillihay,Jon Schroeder,1.99,22,1176767,Stand by Gene,"Sun, Apr 3, 2016","When Gene overhears talk about a mystical creature that lives nearby, he leads the Belcher kids and their friends on a journey to find it. Meanwhile, Linda's competitive nature takes over during downtime at the restaurant.",8.3,946,"https://m.media-amazon.com/images/M/MV5BYzk1ODAxZjMtNTFjOC00ZTQ5LWJjN2UtY2ViOTk4YzFmYTg1XkEyXkFqcGc@._V1_QL75_UX500_CR0,0,500,281_.jpg",https://www.imdb.com/title/tt5587988/?ref_=ttep_ep_12,FALSE,NA,NA
101,6,13,Wag the Hog,2016-04-10,2016,7.4,10,"When Bob's longtime friend, Critter, finds himself in jail for unpaid parking tickets, the Belchers decide to do what they can to help him out. Meanwhile, Linda takes on a babysitting job that becomes more work than she signed up for.",Brian Loschiavo,Holly Schlesinger,2.35,22,1176768,Wag the Hog,"Sun, Apr 10, 2016","The Belchers try to help Bob's friend, Critter, after he lands in jail for unpaid parking tickets; Linda takes a job as a babysitter.",7.6,841,"https://m.media-amazon.com/images/M/MV5BNTg1ODIzMjA2MV5BMl5BanBnXkFtZTgwNjEyNDg1MDI@._V1_QL75_UX500_CR0,47,500,281_.jpg",https://www.imdb.com/title/tt5587990/?ref_=ttep_ep_13,FALSE,NA,NA
102,6,14,The Hormone-iums,2016-04-17,2016,7.4,9,"When Dottie Minerva comes down with a bad case of mono, Tina gets her shot as soloist of the Hormone-iums. But as she rehearses for the big assembly, Tina realizes that her role in the play could ruin her social status. Meanwhile, Linda strikes gold with a business plan that she thinks could make the Belchers rich.",Chris Song,Lizzie Molyneux & Wendy Molyneux,2.18,22,1177568,The Hormone-iums,"Sun, Apr 17, 2016","Tina gets her wish for Wagstaff fame, but soon regrets it. Linda pursues an improbable business venture, but struggles to get it off the ground.",7.5,825,"https://m.media-amazon.com/images/M/MV5BMjA1NjgwMjg0Nl5BMl5BanBnXkFtZTgwMDIyNDg1MDI@._V1_QL75_UX500_CR0,47,500,281_.jpg",https://www.imdb.com/title/tt5606452/?ref_=ttep_ep_14,FALSE,Jonathan Slavin,Shoe Salesman
103,6,15,Pro Tiki/Con Tiki,2016-04-24,2016,7.2,10,"When Bob's friend, Warren, comes to town, he makes an offer to invest in the restaurant. Bob is thrilled that it finally could get a much-needed makeover, until he learns that Warren has some strong interior design choices in mind. Meanwhile, Warren's visit means one of the kids must give up their bedroom.",Brian Loschiavo,Jon Schroeder,2.35,22,1179036,Pro Tiki/Con Tiki,"Sun, Apr 24, 2016",Bob's friend Warren comes to visit and makes an offer to invest in the restaurant; Bob is hesitant when he finds out about Warren's interior design ideas.,7.4,865,"https://m.media-amazon.com/images/M/MV5BMTg1ODExMjAzM15BMl5BanBnXkFtZTgwMDA5MTg1MDI@._V1_QL75_UX500_CR0,47,500,281_.jpg",https://www.imdb.com/title/tt5623906/?ref_=ttep_ep_15,FALSE,Chris Parnell,Warren Fitzgerald
104,6,16,Bye Bye Boo Boo,2016-05-08,2016,7.4,10,"When Louise hears that Boo Boo is leaving Boyz 4 Now, she enters a contest that could give Tina the chance to meet him. Meanwhile, Bob and Linda learn an interesting piece of history regarding the restaurant, which leads to tension between Bob and Jimmy Pesto.",Tyree Dillihay,Scott Jacobson,2.31,22,1191198,Bye Bye Boo Boo,"Sun, May 8, 2016",Louise enters a contest with the hopes that Tina will get to meet Boo Boo from Boyz 4 Now; Bob learns more about the history of the restaurant.,7.5,839,"https://m.media-amazon.com/images/M/MV5BMTcyNDM0MTY0MV5BMl5BanBnXkFtZTgwNDMwNjY4ODE@._V1_QL75_UX500_CR0,47,500,281_.jpg",https://www.imdb.com/title/tt5662168/?ref_=ttep_ep_16,FALSE,Lauren Lapkus,Krissy / Krissy's Mom
105,6,17,The Horse Rider-er,2016-05-15,2016,7.8,10,"After finally convincing Bob and Linda to send her to horse camp, Tina realizes she has to part ways with Jericho, her imaginary horse. Meanwhile, Linda decides to create a restaurant camp in an attempt to make things fair for Gene and Louise.",Tyree Dillihay,Nora Smith,2.27,22,1192370,The Horse Rider-er,"Sun, May 15, 2016","Tina manages to convince her parents to send her to horse camp; but in doing so, she realizes she must end her relationship with her imaginary horse, Jericho.",7.8,884,"https://m.media-amazon.com/images/M/MV5BMjMyNzg2NjMzMV5BMl5BanBnXkFtZTgwMTQyNDg1MDI@._V1_QL75_UX500_CR0,47,500,281_.jpg",https://www.imdb.com/title/tt5662170/?ref_=ttep_ep_17,FALSE,Paul Rudd,Jericho
106,6,18,Secret Admiral-irer,2016-05-22,2016,8.3,10,Tina's ideas of love and romance are tested and Bob makes new friends.,Brian Loschiavo,Holly Schlesinger & H. Jon Benjamin,2.23,22,1193865,Secret Admiral-irer,"Sun, May 22, 2016","Tina's ideas of love and romance are tested when she volunteers at a nursing home to earn her next Thunder Girls badge. Meanwhile, Bob makes new friends who lead him to make some questionable choices.",7.8,867,"https://m.media-amazon.com/images/M/MV5BMjM3MTQ2MTkxM15BMl5BanBnXkFtZTgwMDQyNDg1MDI@._V1_QL75_UX500_CR0,47,500,281_.jpg",https://www.imdb.com/title/tt5662172/?ref_=ttep_ep_18,FALSE,Cloris Leachman,Meryl
107,6,19,"Glued, Where's My Bob?",2016-05-22,2016,8.5,10,Bob gets glued to the toilet in the restaurant as a result of a prank gone wrong by the kids.,Bernard Derriman,Steven Davis & Kelvin Yu,2.04,22,1193866,"Glued, Where's My Bob?","Sun, May 22, 2016",The Belcher children are involved in a goop war prank that takes place on the same day that a journalist is visiting the restaurant to write a profile.,9,1500,"https://m.media-amazon.com/images/M/MV5BYjU5OTA3MWQtNjc1NC00NzNhLTgwMDMtMmNkZWZlYmU3ZmM1XkEyXkFqcGc@._V1_QL75_UX500_CR0,0,500,281_.jpg",https://www.imdb.com/title/tt5662174/?ref_=ttep_ep_19,FALSE,NA,NA
108,7,1,Flu-ouise,2016-09-25,2016,8.1,14,"When the youngest Belcher comes down with an epic case of the flu, Linda has a mishap as she tries to deliver Louise's favorite toy to her daughter's bedside. After Louise vows that she will never forgive her family for their mistake, she falls into a wild fever dream filled with familiar faces, zany musical numbers and a crazy adventure.",Tyree Dillihay,Nora Smith,2.6,22,1225225,Flu-ouise,"Sun, Sep 25, 2016","Louise comes down with the flu and falls into a wild fever dream filled with familiar faces, zany musical numbers and a crazy adventure.",8.1,1200,"https://m.media-amazon.com/images/M/MV5BMTU4ODEzNjc4M15BMl5BanBnXkFtZTgwMjEzMjUxMDI@._V1_QL75_UX500_CR0,14,500,281_.jpg",https://www.imdb.com/title/tt5096560/?ref_=ttep_ep_1,FALSE,Amy Schumer,Young Lady
109,7,2,Sea Me Now,2016-10-09,2016,8.2,13,Teddy tries to impress his ex-wife by organizing a day trip on his newly refurbished boat; Tina attempts to prove she's responsible enough to have a cellphone by taking care of Bob's prized eraser.,Chris Song,Dan Fybel,2.79,22,1225226,Sea Me Now,"Sun, Oct 9, 2016",Teddy tries to impress his ex-wife by organizing a day trip on his newly refurbished boat; Tina attempts to prove she's responsible enough to have a cellphone by taking care Bob's prized eraser.,7.8,940,"https://m.media-amazon.com/images/M/MV5BYzk3YzUyOTEtNmI2Zi00MDdiLTk1ZmEtZGMxYjFiYTYzMDg3XkEyXkFqcGc@._V1_QL75_UX500_CR0,47,500,281_.jpg",https://www.imdb.com/title/tt6104384/?ref_=ttep_ep_2,FALSE,NA,NA
110,7,3,Teen-A-Witch,2016-10-23,2016,7.9,12,"With Halloween quickly approaching, Tina reveals her brilliant idea that will finally win her first place in the annual costume contest. When Tammy steals her idea, Tina is forced to seek the help of Mr. Ambrose, who leads her to alternate and other-worldly methods of winning. Meanwhile, Bob is on a mission to figure out who is stealing his perfectly crafted pumpkins.",Chris Song,Holly Schlesinger,3.01,22,1230337,Teen-a-Witch,"Sun, Oct 23, 2016","When Tammy steals her idea for winning the annual Halloween costume contest, Tina turns to witchcraft.",7.6,938,"https://m.media-amazon.com/images/M/MV5BMjI4OTQxMzIwNl5BMl5BanBnXkFtZTgwOTExNzY0MDI@._V1_QL75_UX500_CR0,47,500,281_.jpg",https://www.imdb.com/title/tt6114346/?ref_=ttep_ep_3,TRUE,NA,NA
111,7,4,"They Serve Horses, Don't They?",2016-11-06,2016,8.2,12,The Belchers find themselves involved in a full-blown investigation after Bob secures a new meat provider.,Tyree Dillihay,Steven Davis & Kelvin Yu,2.42,22,1237249,"They Serve Horses, Don't They?","Sun, Nov 6, 2016",The Belchers find themselves involved in a full-blown investigation when Bob secures a new meat provider who claims to save money on every order.,7.6,892,"https://m.media-amazon.com/images/M/MV5BMTY5MDIwNDA3M15BMl5BanBnXkFtZTgwOTA0NDg1MDI@._V1_QL75_UX500_CR0,47,500,281_.jpg",https://www.imdb.com/title/tt6146960/?ref_=ttep_ep_4,FALSE,NA,NA
112,7,5,"Larger Brother, Where Fart Thou?",2016-11-20,2016,8,11,"When Tina has a mishap that lands her in detention, Bob and Linda don't have a babysitter for their other kids, forcing them to let Gene and Louise stay at home alone. With the house to themselves, the younger Belchers find themselves in a sticky situation, while Bob and Linda get into surprising trouble with their accountant.",Chris Song,Lizzie Molyneux & Wendy Molyneux,2.35,22,1241370,"Larger Brother, Where Fart Thou?","Sun, Nov 20, 2016","Gene and Louise are left home alone when Tina ends up in detention, while Bob and Linda get into trouble with their accountant.",8.1,942,"https://m.media-amazon.com/images/M/MV5BNmI3ZmI3M2YtZTY4ZS00OTNjLTgzYjAtZWMwZjU4ZGQ2YTE2XkEyXkFqcGc@._V1_QL75_UX500_CR0,0,500,281_.jpg",https://www.imdb.com/title/tt6190702/?ref_=ttep_ep_5,FALSE,Erik Griffin,Gerald
113,7,6,The Quirk-ducers,2016-11-21,2016,8.6,11,"When Mr. Frond’s annual play threatens to ruin the half day before Thanksgiving, Gene and Louise decide they need to sabotage it in order to save their long weekend. Unknowingly, Tina provides her holiday fan fiction as the subject matter and the kids get to work on their own version of the play. Meanwhile, Linda finds a potato with a striking resemblance to her late grandfather.",Mauricio Pardo,Steven Davis & Kelvin Yu,2.46,22,1241048,The Quirk-ducers,"Sun, Nov 20, 2016",The Belcher kids produce their own version of the annual Thanksgiving play and Linda finds a potato that resembles her late grandfather.,8,927,"https://m.media-amazon.com/images/M/MV5BMTU3MTA4MTExOV5BMl5BanBnXkFtZTgwMzU2MDY2MDI@._V1_QL75_UX500_CR0,47,500,281_.jpg",https://www.imdb.com/title/tt6190772/?ref_=ttep_ep_6,TRUE,Jeff Fischer; David Zyler,Walla; Walla
114,7,7,The Last Gingerbread House on the Left,2016-11-27,2016,7.9,11,"As the Belchers prepare for Christmas, Bob gets an unexpected call from Mr. Fischoeder asking him to bring food to a party at his home. When Bob arrives, he discovers that he has gotten involved in an intense gingerbread house building competition with Mr. Fischoeder's rowdy group of friends. Meanwhile, Linda and Teddy try to inspire some Christmas cheer in the neighbors as they take the kids caroling.",Chris Song,Nora Smith,2.44,22,1243580,The Last Gingerbread House on the Left,"Sun, Nov 27, 2016","Bob gets involved in a gingerbread house competition with Mr. Fischoeder and his friends while Linda, Teddy and the kids spread Christmas cheer through caroling.",8.2,1000,"https://m.media-amazon.com/images/M/MV5BYjA4ZWZkMTctMTExOS00Y2I2LWJkNzAtNTZhMTA4NTk0ZGJkXkEyXkFqcGc@._V1_QL75_UX500_CR0,0,500,281_.jpg",https://www.imdb.com/title/tt6213826/?ref_=ttep_ep_7,TRUE,NA,NA
115,7,8,Ex Mach Tina,2017-01-08,2017,8.5,10,"After hurting her ankle, Tina enrolls in a program that enables her send a robot of herself to school and the robot gives her an unexpected breakthrough with Jimmy Jr.",Brian Loschiavo,Greg Thompson,3.58,22,1253323,Ex Mach Tina,"Sun, Jan 8, 2017","After hurting her ankle, Tina enrolls in a program that enables her send a robot of herself to school and the robot gives her an unexpected breakthrough with Jimmy Jr.",7.9,920,"https://m.media-amazon.com/images/M/MV5BZDkwNjE3N2EtYzJmYy00N2VjLWJiNmMtZDIyZmI1ZTdjNjAxXkEyXkFqcGc@._V1_QL75_UX500_CR0,0,500,281_.jpg",https://www.imdb.com/title/tt6119178/?ref_=ttep_ep_8,FALSE,NA,NA
116,7,9,Bob Actually,2017-02-12,2017,8.1,10,"With Valentine's Day approaching, Tina, Gene and Louise each find themselves wrapped up in love-caused chaos. Meanwhile, Bob decides on a romantic gesture in order to impress Linda.",Chris Song,Steven Davis & Kelvin Yu,1.67,22,1268946,Bob Actually,"Sun, Feb 12, 2017","With Valentine's Day around the corner, the kids find themselves in love-caused chaos and Bob comes up with a romantic gesture to impress Linda.",8.5,1100,"https://m.media-amazon.com/images/M/MV5BMjExMjI1MzgtM2I5NC00NDdjLTg0MzgtYTQ3YTQyNzY3YWE3XkEyXkFqcGc@._V1_QL75_UX500_CR0,0,500,281_.jpg",https://www.imdb.com/title/tt6405378/?ref_=ttep_ep_9,TRUE,Gabby Sanalitro,Isabella
117,7,10,There's No Business Like Mr. Business Business,2017-02-19,2017,7,10,"When Gayle's cat, Mr. Business, secures pet agent Ian Amberson, Bob finds out that Linda may have been helping to fund the cat's career. Ever the skeptic, Bob is prepared to shut it down, but learns that Mr. Business could be on the verge of his big break.",Tyree Dillihay,Lizzie Molyneux & Wendy Molyneux,1.97,22,1273545,There's No Business Like Mr. Business Business,"Sun, Feb 19, 2017","Bob is skeptical about Gayle's cat Mr. Business having a career in showbiz, until it looks like the cat could have his big break.",7.5,859,"https://m.media-amazon.com/images/M/MV5BYTE3MGM2NjMtMzYyYS00ZDQ5LWI2ZWUtYmYzZjgyNTk2NWRlXkEyXkFqcGc@._V1_QL75_UX500_CR0,0,500,281_.jpg",https://www.imdb.com/title/tt6467848/?ref_=ttep_ep_10,FALSE,NA,NA
118,7,11,A Few 'Gurt Men,2017-03-05,2017,8.1,10,"Louise is put in a sticky situation when she must defend one of her biggest foes at Wagstaff during a mock-trial. Meanwhile, Bob works with Jimmy Pesto to out a regular food-scammer.",Tyree Dillihay,Jon Schroeder,1.77,22,1273546,A Few 'Gurt Men,"Sun, Mar 5, 2017",Louise finds herself in a predicament when she is told that she will be representing one of her biggest enemies at Wagstaff during a mock-trial.,8.2,898,"https://m.media-amazon.com/images/M/MV5BODU2MTMxYjgtNmY0Zi00MzViLThkNDktZTljOGE0MmU5YzA2XkEyXkFqcGc@._V1_QL75_UX500_CR0,0,500,281_.jpg",https://www.imdb.com/title/tt6545324/?ref_=ttep_ep_11,FALSE,NA,NA
119,7,12,Like Gene for Chocolate,2017-03-12,2017,7.5,10,"When Gene learns that the formula for his favorite chocolate has changed, he works with the head of the company in an attempt to remedy the situation. Meanwhile, Bob gets wrapped up in one of Teddy's less-than-perfect plans.",Brian Loschiavo,Rich Rinaldi,1.82,22,1273547,Like Gene for Chocolate,"Sun, Mar 12, 2017","Gene learns that the formula for his favorite chocolate has changed, so he works with the head of the company to fix the problem. In the meantime, Bob gets wrapped up in one of Teddy's not-so-perfect plans.",7.5,818,"https://m.media-amazon.com/images/M/MV5BM2Q3NTk0OTEtN2Y0OS00YTRiLTg4ODAtMjI0MDA3OTBmMTk0XkEyXkFqcGc@._V1_QL75_UX500_CR0,0,500,281_.jpg",https://www.imdb.com/title/tt6540330/?ref_=ttep_ep_12,FALSE,Judah Friedlander,Ferdie
120,7,13,The Grand Mama-Pest Hotel,2017-03-19,2017,7.6,11,"Linda jumps at the chance to chaperone Tina's weekend away at a heroine conference, but Tina's new friend could put Linda's perfect weekend in jeopardy. Meanwhile, the younger Belchers have plans for their weekend alone with Bob. What could possibly go wrong?",Chris Song,Scott Jacobson,1.93,22,1289903,The Grand Mama-Pest Hotel,"Sun, Mar 19, 2017","Linda chaperones Tina's weekend at a heroine convention, while Gene and Louise spend the weekend with Bob.",7.4,833,"https://m.media-amazon.com/images/M/MV5BY2QyYjI2NGUtY2VmOC00M2FkLTg1NTItMjE5ZTUxNWE5MWFhXkEyXkFqcGc@._V1_QL75_UX500_CR0,0,500,281_.jpg",https://www.imdb.com/title/tt6570836/?ref_=ttep_ep_13,FALSE,NA,NA
121,7,14,Aquaticism,2017-03-26,2017,7.7,10,"When Tina learns that the aquarium is in danger of closing, the Belcher children devise a scheme to keep it running. Meanwhile, Bob realizes that he could learn a thing or two from Linda's customer service skills.",Brian Loschiavo,Dan Fybel,1.86,22,1295764,Aquaticism,"Sun, Mar 26, 2017","The Belcher kids hatch a plan to save the aquarium from closure, while Bob learns a few things about Linda's customer service skills.",7.6,851,"https://m.media-amazon.com/images/M/MV5BMjU4NThkZTQtYjBmZC00YzE2LWJmYWUtNzdlNDg2MDYwZTY0XkEyXkFqcGc@._V1_QL75_UX500_CR0,0,500,281_.jpg",https://www.imdb.com/title/tt6597072/?ref_=ttep_ep_14,FALSE,NA,NA
122,7,15,Ain't Miss Debatin',2017-03-26,2017,8.6,12,"When Tina is recruited by the debate team, she finds unexpected success and an even more unexpected relationship. Meanwhile, Louise and Gene convince their parents to help fund a stop-motion movie focusing on a surprising subject matter.",Mauricio Pardo,Greg Thompson,1.86,22,1298680,Ain't Miss Debatin',"Sun, Mar 26, 2017","Tina is recruited for the debate team, while Gene and Louise make a stop motion film centered on a surprising subject matter.",7.9,860,"https://m.media-amazon.com/images/M/MV5BZDJjMDU1MTctZDIxNS00ZWVhLWI2YTgtZTY2ZDZkYTczYmQxXkEyXkFqcGc@._V1_QL75_UX500_CR0,0,500,281_.jpg",https://www.imdb.com/title/tt6597076/?ref_=ttep_ep_15,FALSE,NA,NA
123,7,16,Eggs for Days,2017-04-02,2017,7.8,10,"The annual Easter egg hunt always brings out the competitive sides of Bob and Linda, but this time, the game goes awry. After the Belcher parents have a little too much fun hiding the eggs, the entire family is enlisted in finding the lone egg that is quickly rotting in its hiding place. Don't miss the calamity that ensues",Brian Loschiavo,Lizzie Molyneux & Wendy Molyneux,1.52,22,1295765,Eggs for Days,"Sun, Apr 2, 2017","At the annual Easter egg hunt, Bob and Linda have a little too much fun hiding the eggs, so the Belchers race to find the one egg rotting in its hiding place.",8.2,889,"https://m.media-amazon.com/images/M/MV5BODJhMDFhNTMtNTJjMS00YmQ0LTg3OTMtMjZhYzkyYTkxMjBlXkEyXkFqcGc@._V1_QL75_UX500_CR0,0,500,281_.jpg",https://www.imdb.com/title/tt6631398/?ref_=ttep_ep_16,TRUE,NA,NA
124,7,17,Zero Larp Thirty,2017-04-23,2017,8.2,10,"When Linda wins a contest to spend a dream weekend at the home where her favorite television show is filmed, things don't go quite as planned. Back at home, Teddy's back problems leave him stuck on the floor, while he babysits the kids.",Tyree Dillihay,Rich Rinaldi,1.58,22,1307060,Zero Larp Thirty,"Sun, Apr 23, 2017","Linda wins a contest to spend a weekend at the home where her favorite TV show is filmed, but it doesn't quite go as planned.",7.7,842,"https://m.media-amazon.com/images/M/MV5BZjZkMDgzODgtOTIzNC00OWRjLThlOGQtNDMwOTEyNGRiNDRiXkEyXkFqcGc@._V1_QL75_UX500_CR0,0,500,281_.jpg",https://www.imdb.com/title/tt6715452/?ref_=ttep_ep_17,FALSE,NA,NA
125,7,18,The Laser-inth,2017-04-23,2017,8.3,10,"Gene accompanies Bob on the last-ever rock-and-roll laser show at the planetarium, but the night takes an unexpected turn. Meanwhile, Linda takes the girls out for dinner and Louise has a surprise revelation.",Mauricio Pardo,Scott Jacobson,1.88,22,1307061,The Laser-inth,"Sun, Apr 23, 2017",Bob and Gene go to the last-ever rock-and-roll laser show at the planetarium while Linda and the girls go out to dinner at a wacky restaurant.,8.2,897,"https://m.media-amazon.com/images/M/MV5BMTJiMDk5NDctMzg0ZC00NGQ1LWJjMGYtMTNiYmM0YmE4YmE2XkEyXkFqcGc@._V1_QL75_UY281_CR0,0,500,281_.jpg",https://www.imdb.com/title/tt6733190/?ref_=ttep_ep_18,FALSE,Dave Attell,Scalper
126,7,19,Thelma & Louise Except Thelma is Linda,2017-05-07,2017,8.2,10,"After Louise gets in trouble at school, Linda is forced to meet with Mr. Frond and potentially could lose her hard-earned position as the Wagstaff bake sale leader. When she finds out that her daughter was actually trying to help another student, Linda is torn between following school policy or her own moral code.",Brian Loschiavo,Jon Schroeder,1.59,22,1310657,Thelma & Louise Except Thelma Is Linda,"Sun, Apr 30, 2017",Linda could lose her position as the leader of the Wagstaff bake sale when Louise gets in trouble at school.,8.2,836,"https://m.media-amazon.com/images/M/MV5BOWRhMTQwNTEtODdkOC00OGI4LWEzMDktMDQxOTU1YjRkNmVlXkEyXkFqcGc@._V1_QL75_UX500_CR0,47,500,281_.jpg",https://www.imdb.com/title/tt6733194/?ref_=ttep_ep_19,FALSE,NA,NA
127,7,20,"Mom, Lies and Videotapes",2017-05-07,2017,8.7,6,Linda comes down with a nasty cold just in time for the Mother’s Day show at Wagstaff.,Chris Song,Dan Fybel,2.02,22,1310658,"Mom, Lies and Videotapes","Sun, May 7, 2017",Linda catches a cold just before the Mother's Day show at Wagstaff.,7.7,822,"https://m.media-amazon.com/images/M/MV5BMmNhMDVjMmItYzMwMi00YjBhLWJiYzEtZjhhMDQwM2RiNWJiXkEyXkFqcGc@._V1_QL75_UX500_CR0,47,500,281_.jpg",https://www.imdb.com/title/tt6733202/?ref_=ttep_ep_20,TRUE,NA,NA
128,7,21,Paraders of the Lost Float,2017-05-21,2017,7.6,11,Teddy tries to persuade Bob to participate in the float contest for a supposedly easy victory.,Bernard Derriman,Steven Davis,1.61,22,1310659,Paraders of the Lost Float,"Sun, May 21, 2017",Teddy talks Bob into entering the Bog to Beach parade even though the forecast calls for rain.,7.6,821,"https://m.media-amazon.com/images/M/MV5BMzhiNWQ1OWQtZjg4ZC00MjNmLWIxMTYtOWI1MWU2MjQ1Y2Q0XkEyXkFqcGc@._V1_QL75_UX500_CR0,0,500,281_.jpg",https://www.imdb.com/title/tt6733206/?ref_=ttep_ep_21,FALSE,NA,NA
129,7,22,Into the Mild,2017-06-11,2017,7.7,11,"When Bob discovers that an outdoor specialty store is going out of business, he tries to live his dream of being an outdoorsman.",Tyree Dillihay,Kelvin Yu,1.52,22,1319451,Into the Mild,"Sun, Jun 11, 2017",Bob realizes his dream of being an outdoorsman when the wilderness equipment store has a going out of business sale; Linda and the kids spend the night watching Aunt Gayle rehearse for her one-woman show.,7.6,799,"https://m.media-amazon.com/images/M/MV5BYzRkOTA5ZjAtY2UwYS00NThjLTllZWItNWRlZGIzYmViZTM2XkEyXkFqcGc@._V1_QL75_UX500_CR0,0,500,281_.jpg",https://www.imdb.com/title/tt6733212/?ref_=ttep_ep_22,FALSE,Rob Riggle,Austin
130,8,1,Brunchsquatch,2017-10-01,2017,7.8,13,"To compete with Jimmy Pesto, Bob's Burgers begins serving brunch, but it quickly turns to chaos. Meanwhile, Tina, Gene and Louise decide to help Mr. Fischoeder's brother hide from him.",Mauricio Pardo & Ian Hamilton,Lizzie Molyneux & Wendy Molyneux,2.93,22,1373189,Brunchsquatch,"Sun, Oct 1, 2017",Bob decides to serve brunch to compete with Jimmy Pesto; the Belcher kids help Mr. Fischoeder's brother hide from him.,7.9,1300,"https://m.media-amazon.com/images/M/MV5BNDkzMGE4ZTYtNzg5MS00ZGEwLWIzNTItMDAzMzIyZGIwOTBkXkEyXkFqcGc@._V1_QL75_UX500_CR0,0,500,281_.jpg",https://www.imdb.com/title/tt6993092/?ref_=ttep_ep_1,FALSE,Jennifer Smedley,Other Jennifer
131,8,2,The Silence of the Louise,2017-10-15,2017,8.1,11,"When Mr. Frond's therapy dolls are mysteriously attacked, Louise teams up with Millie to help solve the case. Meanwhile, Teddy decides to get into the inspirational poster business, but ends up with mixed results.",Chris Song,Greg Thompson,2.43,22,1373190,The Silence of the Louise,"Sun, Oct 15, 2017",Louise enlists Millie's help to find the culprit who attacked Mr. Frond's therapy dolls.,8.1,937,"https://m.media-amazon.com/images/M/MV5BZmE3YjZkYzktOGVlNS00NDUyLWE3MjAtNTNjZmUxMzNlMTI5XkEyXkFqcGc@._V1_QL75_UX500_CR0,0,500,281_.jpg",https://www.imdb.com/title/tt7437468/?ref_=ttep_ep_2,FALSE,NA,NA
132,8,3,The Wolf of Wharf Street,2017-10-22,2017,8,10,"On Halloween night, Linda tries to impress the kids by taking them to look for a wolf that has been terrorizing the town. Meanwhile, an injured and medicated Bob believes that Teddy has turned into a werewolf.",Mauricio Pardo,Lizzie Molyneux & Wendy Molyneux,3.02,22,1382060,The Wolf of Wharf Street,"Sun, Oct 22, 2017","On Halloween night, Linda tries to impress the kids by taking them to look for a wolf that has been terrorizing the town. Meanwhile, an injured and medicated Bob believes that Teddy has turned into a werewolf.",8,927,"https://m.media-amazon.com/images/M/MV5BYzYzZTk3ODQtNzU2Ni00ZWM2LTg0N2ItMTJjMmZiNTFmMjFkXkEyXkFqcGc@._V1_QL75_UX500_CR0,0,500,281_.jpg",https://www.imdb.com/title/tt7437454/?ref_=ttep_ep_3,TRUE,NA,NA
133,8,4,Sit Me Baby One More Time,2017-11-05,2017,8.2,5,"When Tina launches a babysitting enterprise, it is quickly derailed after her business nemesis, Tammy, is hired to work alongside her. Meanwhile, Bob and Linda check out their competition at a restaurant that’s known for its burgers.",Brian Loschiavo,Nora Smith,2.89,22,1382061,Sit Me Baby One More Time,"Sun, Nov 5, 2017",Tina starts a babysitting franchise that goes off the rails when Tammy is hired to work with her.,7.8,855,"https://m.media-amazon.com/images/M/MV5BYjliODU5MmItZDk3NS00ODdlLTliNzQtOWZlZGIwYWU1OWEyXkEyXkFqcGc@._V1_QL75_UX500_CR0,0,500,281_.jpg",https://www.imdb.com/title/tt7542490/?ref_=ttep_ep_4,FALSE,Maria Bamford,Kendra / Catherine
134,8,5,Thanks-hoarding,2017-11-19,2017,7.8,4,The Belchers reluctantly agree to help Teddy when his family unexpectedly tells him that they will be coming to see him on Thanksgiving.,Tyree Dillihay,Jon Schroeder,2.37,22,1382062,Thanks-hoarding,"Sun, Nov 19, 2017",The Belchers discover that Teddy is a secret hoarder when they reluctantly agree to pitch in for Thanksgiving with his family.,7.8,862,"https://m.media-amazon.com/images/M/MV5BMzA5MDAyNmEtM2QzYi00YzA1LTlkYTctYzIwNWNkMmVhYzI3XkEyXkFqcGc@._V1_QL75_UX500_CR0,0,500,281_.jpg",https://www.imdb.com/title/tt7585872/?ref_=ttep_ep_5,TRUE,NA,NA
135,8,6,The Bleakening (1),2017-12-10,2017,8.3,6,Linda hopes to add some extra cheer around the neighborhood by hosting a party at the restaurant.,Brian Loschiavo,Steven Davis,3.17,22,1404187,The Bleakening,"Sun, Dec 10, 2017","Linda wants to add some extra cheer to the holidays by throwing a holiday party. After her ornaments are stolen, Linda interrogates her guests. The children think it was ""The Bleaken"".",8.4,1200,"https://m.media-amazon.com/images/M/MV5BZjJiODFmMmItMTAxZC00ZDMxLWIyM2MtODA2NjIwODY1ZDU3XkEyXkFqcGc@._V1_QL75_UX500_CR0,0,500,281_.jpg",https://www.imdb.com/title/tt7635808/?ref_=ttep_ep_6,TRUE,Adam Driver; Todrick Hall; Matt Berninger,Art the Artist; Miss Triple X-Mas; Singer
136,8,7,The Bleakening (2),2017-12-10,2017,9.7,3,"Linda is determined to host a party at the restaurant, in an effort to spread a little extra cheer around the neighborhood. But when she realizes that her prized ornaments have been stolen, she quickly begins questioning all guests, including Marshmallow's friend Art the Artist.",Chris Song,Kelvin Yu,3.17,22,1416588,V for Valentine-detta,"Sun, Jan 14, 2018","Tina has a rough break up on Valentine's Day, so Linda and Louise take her on a girls' night out, while Bob and Gene have a trapeze experience that brings them closer.",8.3,1000,"https://m.media-amazon.com/images/M/MV5BYjM0MTE5NmUtMmFlNS00YTdhLWI4OGItNjAwNmM4MDcwMjhmXkEyXkFqcGc@._V1_QL75_UX500_CR0,0,500,281_.jpg",https://www.imdb.com/title/tt7733366/?ref_=ttep_ep_7,TRUE,Minty Lewis,Becky
137,8,8,V for Valentine-detta,2018-01-14,2018,8.6,5,"After a rough break up on Valentine's Day, the Belcher women have a limo girls' night out to make Tina feel better. Meanwhile, Bob and Gene have a trapeze experience that brings them closer.",Ian Hamilton,Lizzie Molyneux & Wendy Molyneux,4.76,22,1419132,Y Tu Ga-Ga Tambien,"Sun, Mar 11, 2018",Gene disapproves of a new playground game; Linda fills in for the local library storyteller.,7.6,805,"https://m.media-amazon.com/images/M/MV5BMmM5MGRlOGMtMzQxMC00MTVmLTg3ZDctNDI1MjdjM2I3MWQ4XkEyXkFqcGc@._V1_QL75_UX500_CR0,15,500,281_.jpg",https://www.imdb.com/title/tt7852806/?ref_=ttep_ep_8,FALSE,NA,NA
138,8,9,Y Tu Ga-Ga Tambien,2018-03-11,2018,8.2,5,"When a new playground game is introduced, the school's social hierarchy is turned upside-down and Gene disapproves. Meanwhile, Linda fills in for the local library storyteller and pulls out all the stops to perfect her storyteller persona.",Brian Loschiavo,Scott Jacobson,1.84,22,1452427,The Secret Ceramics Room of Secrets,"Sun, Mar 18, 2018","The kids are tasked with giving their grandma homemade gifts for her birthday and set out to find a secret ceramics room that, according to urban legend, has been boarded up for years.",7.7,758,"https://m.media-amazon.com/images/M/MV5BNTJiMjMyMjYtMTJlMC00NTFlLTk5ZTgtMzdhZjVmZWUxNzI1XkEyXkFqcGc@._V1_QL75_UX500_CR0,0,500,281_.jpg",https://www.imdb.com/title/tt8045718/?ref_=ttep_ep_9,FALSE,NA,NA
139,8,10,The Secret Ceramics Room of Secrets,2018-03-18,2018,8.5,4,"When the kids are given the task of making homemade gifts for their grandma's birthday, they set out to find a secret room filled with homemade ceramics which, according to urban legend, has been boarded up for years at their school. Meanwhile, Teddy starts a phone repair service and the adults become determined to improve his online rating.",Tyree Dillihay,Dan Fybel,1.72,22,1456472,Sleeping with the Frenemy,"Sun, Mar 25, 2018",Tina allows Tammy to stay with the Belchers during Spring Break and fixes her up with a boy from out of town.,7.5,752,"https://m.media-amazon.com/images/M/MV5BYTdmOWUwNTctOGE5ZS00NjlkLWI3NjgtM2YwZmU5MDI2ZWY2XkEyXkFqcGc@._V1_QL75_UY281_CR18,0,500,281_.jpg",https://www.imdb.com/title/tt8075308/?ref_=ttep_ep_10,FALSE,Andy Samberg,Brett
140,8,11,Sleeping With the Frenemy,2018-03-25,2018,5.5,6,"Tina allows Tammy to spend Spring Break with the Belchers - and even plays Cupid, setting up Tammy with Brett, a boy from out of town. Then, Gene and Bob enlist the help of Dr. Yap in finding a replacement baby tooth to complete Linda's collection, after Gene loses his own.",Brian Loschiavo,Greg Thompson,1.74,22,1460110,The Hurt Soccer,"Sun, Apr 1, 2018",The Belchers sign Louise up for a soccer league and must help her train for the last game of the season.,8,827,"https://m.media-amazon.com/images/M/MV5BNWFkMmFmZjAtNDY5NS00YjljLTkzNmEtZjE1N2UzMzJiNTlhXkEyXkFqcGc@._V1_QL75_UX500_CR0,0,500,281_.jpg",https://www.imdb.com/title/tt8110994/?ref_=ttep_ep_11,FALSE,NA,NA
141,8,12,The Hurt Soccer,2018-04-01,2018,8.2,5,"After forgetting that they signed up Louise for a soccer league, the Belchers must help her prepare to play in the season's last game. With Bob coaching the soccer game, Linda and Gene seize the opportunity to turn the restaurant into a piano bar.",Damon Wong,Rachel Hastings,1.54,22,1463622,Cheer Up Sleepy Gene,"Sun, Apr 8, 2018",Gene is nervous about going to his first sleepover and realizes he had a right to be when things don't go as planned.,7.6,763,"https://m.media-amazon.com/images/M/MV5BNmI0NmNjMjUtMTA3MC00NjY1LThiZDUtZmFhY2ZhYzBiODM5XkEyXkFqcGc@._V1_QL75_UY281_CR0,0,500,281_.jpg",https://www.imdb.com/title/tt8174214/?ref_=ttep_ep_12,FALSE,NA,NA
142,8,13,"Cheer Up, Sleepy Gene",2018-04-08,2018,7.6,5,"Gene gets invited to his first sleepover and is nervous about it, and when things don't go as planned, he realizes he had a right to be. Meanwhile, Bob and Linda record themselves while sleeping to prove who snores more.",Tyree Dillihay,Teleplay by : Holly SchlesingerStory by : H. Jon Benjamin & Holly Schlesinger,1.74,22,1467204,The Trouble with Doubles,"Sun, Apr 15, 2018","Bob and Linda get trapped in an Escape Room while on a double date with another couple. Meanwhile, Louise hosts a zombie-movie night, but Tina takes charge when the zombies prove to be too scary.",7.9,791,"https://m.media-amazon.com/images/M/MV5BNzlhOWRlNjItNjk4OC00NThjLTg2MzQtNDdiYzc0N2VkNjcwXkEyXkFqcGc@._V1_QL75_UY281_CR0,0,500,281_.jpg",https://www.imdb.com/title/tt8254030/?ref_=ttep_ep_13,FALSE,Tami Sagher,Ruthanne
143,8,14,The Trouble with Doubles,2018-04-15,2018,8.2,4,"Bob and Linda's double-date plans take a disastrous turn when the couples find themselves trapped inside an Escape Room. Meanwhile, with the parents out of the house, Louise hosts a zombie-movie night, but when the zombies turn out to be too scary, Tina must take charge.",Ian Hamilton,Holly Schlesinger,1.83,22,1469102,Go Tina on the Mountain,"Sun, Apr 22, 2018","Tina befriends a hermit living in the woods when she, Gene and Louise go to Outdoor Education; Bob and Linda see what it's like to be empty-nesters.",7.7,744,"https://m.media-amazon.com/images/M/MV5BM2RkMGYyMzktOTQxOS00ZmU2LThjMDQtZjhkYTBhMTQ1NmU4XkEyXkFqcGc@._V1_QL75_UX500_CR0,0,500,281_.jpg",https://www.imdb.com/title/tt8254032/?ref_=ttep_ep_14,FALSE,Nicole Byer,Martha / Drunk Lounge Lady
144,8,15,Go Tina on the Mountain,2018-04-22,2018,8.5,4,"The Belcher kids go to Outdoor Education only to have it rain, but Tina doesn't let the inclement weather get in the way of her having a nature-piphany, with the help of a hermit living in the woods. Meanwhile, Bob and Linda experience what it's like to be empty-nesters.",Tyree Dillihay,Rich Rinaldi,1.66,22,1469104,"Are You There Bob? It's Me, Birthday","Sun, Apr 29, 2018","Linda and the kids try to put together a last-minute surprise party when they forget Bob's birthday, but to do so, Linda asks Hugo to take Bob with him on his restaurant health inspections.",7.7,745,"https://m.media-amazon.com/images/M/MV5BMTlkY2ExZDgtMzc2ZS00MmQxLTgwYjYtMzE5OTI1MmI3NTZkXkEyXkFqcGc@._V1_QL75_UX500_CR0,0,500,281_.jpg",https://www.imdb.com/title/tt8012166/?ref_=ttep_ep_15,FALSE,Bobby Moynihan,Sam
145,8,16,"Are You There Bob? It's Me, Birthday",2018-04-29,2018,7.8,5,"After forgetting Bob's birthday, Linda and the kids attempt to plan a last-minute surprise party. In order to plan the party though, Linda asks Hugo if Bob can go with him while he's doing restaurant health inspections.",Tyree Dillihay,Kelvin Yu,1.91,22,1469106,Boywatch,"Sun, May 6, 2018","Tina joins the Junior Lifeguards, but she struggles with the training, prompting one of her fellow junior guards to try and make her quit.",7.3,738,"https://m.media-amazon.com/images/M/MV5BNmZlOTAwZTItNDM3ZC00Yzc2LTg5ODUtZjlhNmM5ZGI1NjE1XkEyXkFqcGc@._V1_QL75_UX500_CR0,0,500,281_.jpg",https://www.imdb.com/title/tt8259880/?ref_=ttep_ep_16,FALSE,Fred Savage,Parker
146,8,17,Boywatch,2018-05-06,2018,8.7,3,"Tina decides to join the Junior Lifeguards, but when she struggles with the training, one of her fellow junior guards, Parker, tries to convince her to quit. Meanwhile, business booms when Bob and Linda offer free wi-fi at the restaurant, but it is soon threatened by a cyber-attack.",Mauricio Pardo,Rich Rinaldi,1.56,22,1483820,As I Walk Through the Alley of the Shadow of Ramps,"Sun, May 13, 2018",Louise gets into a turf war with a juice truck owner trying to set up shop in the Belcher's alley; Linda realizes she can't always come to her sister's defense.,7.7,761,"https://m.media-amazon.com/images/M/MV5BYmFkYTYyY2UtODI3YS00ZDViLTkxMjItY2I0ZjBiYjkxZWY1XkEyXkFqcGc@._V1_QL75_UX500_CR0,0,500,281_.jpg",https://www.imdb.com/title/tt8259884/?ref_=ttep_ep_17,FALSE,NA,NA
147,8,18,As I Walk Through the Alley of the Shadow of Ramps,2018-05-13,2018,8.5,4,"When a malicious juice truck owner tries to set up shop in the Belcher's alley, Louise devises a plan to win back their turf. Meanwhile, Linda learns that she can't always run to her sister's defense.",Chris Song,Scott Jacobson,1.56,22,1483859,Mo Mommy Mo Problems,"Sun, May 13, 2018","On Mother's Day, the Belchers wind up in a real estate scheme when attend open houses for free food and Linda meets a charming real estate agent.",7.7,737,"https://m.media-amazon.com/images/M/MV5BNzA2MzFjMWMtYWRkYi00ZjRlLWE5ZDYtM2E3ZmJiMjg3ODg2XkEyXkFqcGc@._V1_QL75_UX500_CR0,0,500,281_.jpg",https://www.imdb.com/title/tt8259896/?ref_=ttep_ep_18,TRUE,Andrea Savage; Michael Cyril Creighton,Claire; Spencer
148,8,19,Mo Mommy Mo Problems,2018-05-13,2018,8.2,4,"The Belchers attend open houses for the free food, per Linda's ""momnipotent"" Mother's Day request. When Linda meets a charming real estate agent and agrees to a private showing, the kids stumble upon an unexpected surprise and the family ends up at the helm of a real estate scheme.",Ian Hamilton,Steven Davis,1.88,22,1487496,Mission Impos-Slug-Ble,"Sun, May 20, 2018",Louise devises a plan to get her extensive Burobu card collection back after it's confiscated at school.,7.5,733,"https://m.media-amazon.com/images/M/MV5BZTJjMjU5MTQtMWExYS00Njk1LWFiMDUtZTkyZjY2M2U3Yzk1XkEyXkFqcGc@._V1_QL75_UX500_CR0,0,500,281_.jpg",https://www.imdb.com/title/tt8259898/?ref_=ttep_ep_19,FALSE,NA,NA
149,8,20,Mission Impos-slug-ble,2018-05-20,2018,8.7,3,"When Louise's extensive Burobu card collection gets confiscated at school, she devises a tricky plan to get them back. Meanwhile, Bob must give a eulogy for an old acquaintance, despite an unfortunate incident that happened years ago.",Chris Song,Nora Smith,1.65,22,1487495,"Something Old, Something New, Something Bob Caters for You","Sun, May 20, 2018",The Belchers cater a wedding for a couple who fell in love at the restaurant.,8.2,839,"https://m.media-amazon.com/images/M/MV5BN2I1YTgwNDctYTIzZC00MWVhLWJkMzMtZTA0OWI0NzlhMjg5XkEyXkFqcGc@._V1_QL75_UX500_CR0,0,500,281_.jpg",https://www.imdb.com/title/tt8259902/?ref_=ttep_ep_20,FALSE,Pete Holmes,Connor
150,8,21,"Something Old, Something New, Something Bob Caters for You",2018-05-20,2018,8.8,4,"Just as Bob wonders if working in the restaurant business is worth it, a couple who fell in love at the restaurant asks the Belchers to cater their wedding. When things don't go as planned, Linda tries to save the day.",Chris Song,Jon Schroeder,1.62,22,1493685,NA,NA,NA,NA,NA,NA,NA,NA,NA,NA
151,9,1,Just One of the Boyz 4 Now for Now,2018-09-30,2018,7.8,9,"Convinced she's met the love of her life, Tina decides to disguise herself as a boy and sneak into the Boyz 4 Now auditions to find him. Back at the restaurant, Teddy asks the rest of the Belcher gang to nurse his baby rat back to health.",Ian Hamilton,Lizzie Molyneux & Wendy Molyneux,2.47,23,1531138,Just One of the Boyz 4 Now for Now,"Sun, Sep 30, 2018","Convinced she's met the love of her life, Tina decides to disguise herself as a boy and sneak into the Boyz 4 Now auditions to find him. Back at the restaurant, Teddy asks the rest of the Belcher gang to nurse his baby rat back to health.",7.6,1100,"https://m.media-amazon.com/images/M/MV5BNmNiYmI0ZDctYjQwNy00MzI2LWFmM2MtNzkwNGQyZWVlYzhiXkEyXkFqcGc@._V1_QL75_UX500_CR0,0,500,281_.jpg",https://www.imdb.com/title/tt8407530/?ref_=ttep_ep_1,FALSE,Josh Gad; Andrew Rannells,Damon; Hayden
152,9,2,The Taking of Funtime One Two Three,2018-10-07,2018,8.2,9,"Desperate for the grand prize dune buggy at their local arcade, Louise, Tina and Gene devise a master plan, with the help of Mr. Fischoeder. Meanwhile, Teddy manages to convince Bob and Linda to take in a chicken by promising fresh eggs.",Chris Song,Justin Hook,3.08,23,1570508,The Taking of Funtime One Two Three,"Sun, Oct 7, 2018","With help from Mr. Fischoeder, the Belcher kids devise a master plan to win the grand prize dune buggy at their local arcade; Teddy promises Bob and Linda fresh eggs if they take in a chicken.",8.5,982,"https://m.media-amazon.com/images/M/MV5BMjE0MTQ2MDMtNTQwZS00MjZlLTk1NDctMzdkOTM3MGJjZjQ4XkEyXkFqcGc@._V1_QL75_UX500_CR0,0,500,281_.jpg",https://www.imdb.com/title/tt8651752/?ref_=ttep_ep_2,FALSE,NA,NA
153,9,3,Tweentrepreneurs,2018-10-14,2018,8,7,"Tina, Louise, and Gene get a taste of business when they join the school's Tweentrepeneurs club. Back at the restaurant, Bob and Linda find themselves outsmarted by a dine-and-dasher.",Ryan Mattos,Greg Thompson,2.14,23,1574817,Tweentrepreneurs,"Sun, Oct 14, 2018","Tina, Louise, and Gene get a taste of business when they join the school's Tweentrepeneurs club. Back at the restaurant, Bob and Linda find themselves outsmarted by a dine-and-dasher.",7.7,798,"https://m.media-amazon.com/images/M/MV5BODY0NTY1ZTUtZjA0NS00MGU5LWIxYjAtM2U1NzUyOGNiNDhiXkEyXkFqcGc@._V1_QL75_UX500_CR0,0,500,281_.jpg",https://www.imdb.com/title/tt8651754/?ref_=ttep_ep_3,FALSE,NA,NA
154,9,4,Nightmare on Ocean Avenue Street,2018-10-21,2018,8.1,8,"The kids set out for their regular Halloween shenanigans, but when everyone's candy bags start mysteriously disappearing, it's up to Tina, Louise, and Gene to find the culprit. Meanwhile, Teddy decorates the restaurant to compete with another handyman on the street but gets a little carried away.",Tyree Dillihay,Dan Fybel,2.8,23,1579836,Nightmare on Ocean Avenue Street,"Sun, Oct 21, 2018","The Belcher kids set out to find the culprit who's snatching everyone's candy bags on Halloween night. Meanwhile, Teddy gets carried away when he decorates the restaurant to compete with another handyman on the street.",8.1,858,"https://m.media-amazon.com/images/M/MV5BNjI5ZjdiODgtZDA1ZS00N2Q1LWJlNjItNzkzMjVmZTdlMzdhXkEyXkFqcGc@._V1_QL75_UX500_CR0,0,500,281_.jpg",https://www.imdb.com/title/tt8651756/?ref_=ttep_ep_4,TRUE,NA,NA
155,9,5,Live and Let Fly,2018-11-04,2018,7.9,7,"The kids learn the dangers of revenge when their plan to get back at the school guidance counselor gets them entangled in a deep rooted sibling rivalry between two pilots. Meanwhile, Linda and Bob put their game faces on when Teddy invites them to a paper airplane contest.",Chris Song,Rich Rinaldi,3.16,23,1591727,Live and Let Fly,"Sun, Nov 4, 2018",The Belcher kids' revenge plan against the school counselor gets them involved in a sibling rivalry between two pilots. Meanwhile Teddy invites Bob and Linda to a paper airplane contest.,7.3,750,"https://m.media-amazon.com/images/M/MV5BZjMxMTE4NDgtZGE4ZC00OTZmLTg3ZjUtMzE0ZmIxMTU1ZDY5XkEyXkFqcGc@._V1_QL75_UX500_CR0,0,500,281_.jpg",https://www.imdb.com/title/tt8651758/?ref_=ttep_ep_5,FALSE,NA,NA
156,9,6,Bobby Driver,2018-11-11,2018,7.9,8,"Bob agrees to drive professional quilter Edith around town, after she convinces him to join in a plot for revenge. Meanwhile, the kids attend a lavish ""Gatsby""-themed birthday party, and Linda helps Teddy expand his taste palate.",Ryan Mattos,Scott Jacobson,2.23,23,1596796,Bobby Driver,"Sun, Nov 11, 2018",Bob drives a professional quilter around town when she talks him into joining her revenge plot; the kids attend a Gatsby-themed birthday party; Linda helps Teddy expand his taste palate.,8.1,863,"https://m.media-amazon.com/images/M/MV5BZjNmODVkYjYtMGNiNy00ZDA0LTk3OTctYTgwZmFlNTYwZWM1XkEyXkFqcGc@._V1_QL75_UX500_CR0,0,500,281_.jpg",https://www.imdb.com/title/tt8651762/?ref_=ttep_ep_6,FALSE,NA,NA
157,9,7,I Bob Your Pardon,2018-11-18,2018,8.3,6,"The Belchers set out to save a turkey from a trip to the slaughterhouse, but when a local reporter catches wind of their schemes, the mission becomes more complicated than they had anticipated.",Chris Song,Nora Smith,2.91,23,1603317,I Bob Your Pardon,"Sun, Nov 18, 2018",The Belchers try to save a turkey from the slaughterhouse.,7.6,764,"https://m.media-amazon.com/images/M/MV5BYmQ1ODBhMmUtYmRiYy00MWQwLWEzMDUtOTFhNDFiZjg0MjVkXkEyXkFqcGc@._V1_QL75_UX500_CR0,0,500,281_.jpg",https://www.imdb.com/title/tt8651764/?ref_=ttep_ep_7,FALSE,NA,NA
158,9,8,Roller? I Hardly Know Her!,2018-11-25,2018,7.9,7,"Gene is livid when his best friend, Alex, ditches him to be Courtney's roller-dancing partner. Meanwhile, Teddy, Linda and Bob let their imaginations get the best of them when they discover someone stalking the restaurant.",Kev Wotton,Lizzie Molyneux & Wendy Molyneux,1.97,23,1610397,Roller? I Hardly Know Her!,"Sun, Nov 25, 2018","Gene is upset with his best friend ditching him for Courtney as a roller-dancing partner; Teddy, Linda and Bob discover someone stalking the restaurant.",7.3,728,"https://m.media-amazon.com/images/M/MV5BYzViMDY3NjItYmYxOC00YTVmLTliM2ItYTdiYzNjYWI4YjUxXkEyXkFqcGc@._V1_QL75_UX500_CR0,0,500,281_.jpg",https://www.imdb.com/title/tt8651766/?ref_=ttep_ep_8,FALSE,NA,NA
159,9,9,UFO No You Didn't,2018-12-02,2018,7.9,7,"Tina and her new science partner create a device that allows them to communicate with aliens, but their excitement turns to fear when they receive a dangerous warning message. Meanwhile, Bob attempts to sell mini coat racks he bought.",Tyree Dillihay,Steven Davis,2.99,23,1613947,UFO No You Didn't,"Sun, Dec 2, 2018","Tina and her new science partner create a device that allows them to communicate with aliens, but their excitement turns to fear when they receive a dangerous warning message. Meanwhile, Bob attempts to sell mini coat racks he bought.",7.3,735,"https://m.media-amazon.com/images/M/MV5BYzBhMTkwMWItODRhZC00OGFiLTljMmYtZWUyYTk1YTQ2NWI2XkEyXkFqcGc@._V1_QL75_UX500_CR0,0,500,281_.jpg",https://www.imdb.com/title/tt8651768/?ref_=ttep_ep_9,FALSE,NA,NA
160,9,10,Better Off Sled,2018-12-09,2018,8.2,8,"The battle is on when some angsty teenagers take over Louise, Gene and Tina's usual sledding territory, inciting an epic turf war. Meanwhile, Bob steps in to help Linda, who's in a time crunch to get three scarves knitted before Christmas.",Ian Hamilton,Holly Schlesinger,4.35,23,1613949,Better Off Sled,"Sun, Dec 9, 2018",The Belcher kids get into a turf war with teenagers who take their usual sledding territory; Bob tries to help Linda knit three scarves before Christmas.,8.1,823,"https://m.media-amazon.com/images/M/MV5BMjJiYWY0MzEtZjk1Yy00NjFlLThkMWItZTk1YTc2M2U5YWJiXkEyXkFqcGc@._V1_QL75_UX500_CR0,0,500,281_.jpg",https://www.imdb.com/title/tt8651770/?ref_=ttep_ep_10,TRUE,NA,NA
161,9,11,"Lorenzo's Oil? No, Linda's",2019-01-06,2019,7.4,7,"Linda's new friend introduces her to essential oils and Aunt Gayle is convinced she must be rescued. Meanwhile, Bob and Teddy are bamboozled into performing a series of annoying favors for Mr. Huggins.",Chris Song,Jon Schroeder,2.21,23,1640527,"Lorenzo's Oil? No, Linda's","Sun, Jan 6, 2019","Linda's new friend introduces her to essential oils and Aunt Gayle is convinced she must be rescued. Meanwhile, Bob and Teddy are bamboozled into performing a series of annoying favors for Mr. Huggins.",7.5,749,"https://m.media-amazon.com/images/M/MV5BNDgzZmFjMzEtNjNiZi00OWU5LThhYzUtZjBmMTBlOGViOWRiXkEyXkFqcGc@._V1_QL75_UX500_CR0,0,500,281_.jpg",https://www.imdb.com/title/tt9413680/?ref_=ttep_ep_11,FALSE,Stephanie Allynne,Susan
162,9,12,The Helen Hunt,2019-01-13,2019,8.3,7,"The Belchers make it their mission to help Teddy get his dream girl, but Tina is convinced she's found a better match for him.",Ryan Mattos,Dan Fybel,4.89,23,1637676,The Helen Hunt,"Sun, Jan 13, 2019","The Belchers help Teddy find his dream girl, but Tina believes she's found a better match for him.",7.9,802,"https://m.media-amazon.com/images/M/MV5BMTRiYTQ0ZDYtMjFhYS00ODI0LWJhNGYtN2Q3YThkYTRmZjM1XkEyXkFqcGc@._V1_QL75_UX500_CR0,0,500,281_.jpg",https://www.imdb.com/title/tt9402196/?ref_=ttep_ep_12,FALSE,NA,NA
163,9,13,"Bed, Bob & Beyond",2019-02-10,2019,6.7,7,"A Valentine's Day fight between Bob and Linda has the kids feeling confused. After a failed attempt to see a movie, it's up to Tina, Louise and Gene to tell their own story as a distraction from the awkward tension.",Ian Hamilton,Kelvin Yu,1.66,23,1645341,"Bed, Bob & Beyond","Sun, Feb 10, 2019","A Valentine's Day fight between Bob and Linda has the kids feeling confused. After a failed attempt to see a movie, it's up to Tina, Louise and Gene to tell their own story as a distraction from the awkward tension.",7.2,839,"https://m.media-amazon.com/images/M/MV5BZTE0NjRmOGMtMTViMC00ZDliLThjMzgtZTI4MzQ1MWJjNWUwXkEyXkFqcGc@._V1_QL75_UX500_CR0,0,500,281_.jpg",https://www.imdb.com/title/tt9413706/?ref_=ttep_ep_13,TRUE,Lucy Davis; Peter Serafinowicz,Princess Paula McCartney; Scottjon Dansteve
164,9,14,Every Which Way But Goose,2019-02-17,2019,7.8,6,"Tina, discouraged by not being asked to prom by Jimmy Jr., forms an unhealthy attachment to a goose from the nearby park. Meanwhile, Linda joins a dating app to help Gretchen find a match.",Kev Wotton,Holly Schlesinger,2.18,23,1645344,Every Which Way But Goose,"Sun, Feb 17, 2019","Tina, discouraged by not being asked to prom by Jimmy Jr., forms an unhealthy attachment to a goose from the nearby park. Meanwhile, Linda joins a dating app to help Gretchen find a match.",7.4,727,"https://m.media-amazon.com/images/M/MV5BMzQxNGZmMzUtYWQxMy00NjZhLTgwYTgtNDc4MTkzNzY1Yzg3XkEyXkFqcGc@._V1_QL75_UX500_CR0,0,500,281_.jpg",https://www.imdb.com/title/tt9413734/?ref_=ttep_ep_14,FALSE,NA,NA
165,9,15,The Fresh Princ-ipal,2019-03-03,2019,8.5,6,"Things get out of hand when Louise wins a contest to be Principal for a Day. Meanwhile, Teddy attempts to help Bob when he suddenly finds himself unable to flip burgers",Tyree Dillihay,Greg Thompson,1.98,23,1707381,The Fresh Princ-ipal,"Sun, Mar 3, 2019","Things get out of hand when Louise wins a contest to be Principal for a Day. Meanwhile, Teddy attempts to help Bob when he suddenly finds himself unable to flip burgers.",8.1,769,"https://m.media-amazon.com/images/M/MV5BMWNhMmRmZmYtOWMxZC00ZTM1LTkyYzEtNDdjMTIyNDRhMGQ0XkEyXkFqcGc@._V1_QL75_UX500_CR0,0,500,281_.jpg",https://www.imdb.com/title/tt9413736/?ref_=ttep_ep_15,FALSE,NA,NA
166,9,16,Roamin' Bob-iday,2019-03-10,2019,8.2,6,"The family forces workaholic Bob to take a much-needed day off, only for him to wind up working at a local sandwich shop. Meanwhile, Linda and the kids throw a last minute baby shower at the restaurant for a female biker group.",Ian Hamilton,Lizzie Molyneux-Logelin & Wendy Molyneux,2,23,1707383,Roamin' Bob-iday,"Sun, Mar 10, 2019",Bob winds up working at a local sandwich shop when the family forces him to take a day off; a last-minute baby shower is thrown for a female biker group.,8,819,"https://m.media-amazon.com/images/M/MV5BNzY5YTc3MmUtYjNhYy00ZmU2LWI0OWYtZWM3OGVlNzk5MzJmXkEyXkFqcGc@._V1_QL75_UX500_CR0,0,500,281_.jpg",https://www.imdb.com/title/tt9667904/?ref_=ttep_ep_16,FALSE,Steve Berg; Tiffany Haddish,Steve; Patricia
167,9,17,What About Blob?,2019-03-17,2019,7.8,8,Gene convinces Tina and Louise to help him save a misunderstood plankton blob from being destroyed by a yacht club.,Chris Song,Rich Rinaldi,2.08,22,1707385,What About Blob?,"Sun, Mar 17, 2019",Gene convinces Tina and Louise to help him save a misunderstood plankton blob from being destroyed by a yacht club.,7.3,703,"https://m.media-amazon.com/images/M/MV5BOTA1NzliMWMtMzUxOS00MmMwLWFjY2ItNGM4MmM4NTEyNTljXkEyXkFqcGc@._V1_QL75_UX500_CR0,0,500,281_.jpg",https://www.imdb.com/title/tt9667920/?ref_=ttep_ep_17,FALSE,NA,NA
168,9,18,"If You Love It So Much, Why Don't You Marionette?",2019-03-24,2019,7.9,7,The kids visit a marionette theater for a school field trip and Louise gets on the theater owner's bad side.,Ryan Mattos,Katie Crown,2.03,23,1707386,"If You Love It So Much, Why Don't You Marionette?","Sun, Mar 24, 2019","On a school field trip, the kids visit a marionette theater, where Louise gets on the owner's bad side; Bob takes pity on a guy handing out flyers outside the restaurant.",7.2,729,"https://m.media-amazon.com/images/M/MV5BYjc2NjUzMDAtYjQ0NS00YzVlLWI0NzktMTZhMmZkNTFlMjhiXkEyXkFqcGc@._V1_QL75_UX500_CR0,0,500,281_.jpg",https://www.imdb.com/title/tt9667930/?ref_=ttep_ep_18,FALSE,Tom Kenny,Guy / Box Puppet
169,9,19,"Long Time Listener, First Time Bob",2019-04-07,2019,8,8,"Bob meets his personal hero - a renegade radio DJ who refuses to compromise. However, the Belchers get in over their heads when they try to help him stage a comeback.",Ian Hamilton & Kev Wotton,Scott Jacobson,1.76,23,1707387,"Long Time Listener, First Time Bob","Sun, Apr 7, 2019","The Belchers get in over their heads when they try to help Bob's personal hero, a renegade radio DJ, make a comeback.",7.2,695,"https://m.media-amazon.com/images/M/MV5BYTBkM2IzOTYtZDFlMS00YjMzLTkxM2ItMTdhMjU1MmQ0MTU3XkEyXkFqcGc@._V1_QL75_UX500_CR0,0,500,281_.jpg",https://www.imdb.com/title/tt9667942/?ref_=ttep_ep_19,FALSE,NA,NA
170,9,20,The Gene Mile,2019-04-28,2019,8.2,6,"When the kids have to run a mandatory mile for school on free-ice-cream-day, they hatch an elaborate plot to sneak away. Meanwhile, Bob and Linda frantically try to secure discount tickets to a show at the Wharf Arts Center.",Tyree Dillihay,Steven Davis,1.84,23,1740423,The Gene Mile,"Sun, Apr 28, 2019",The kids plan to sneak away from a mandatory mile for school on free-ice-cream-day; Bob and Linda try to get discount tickets to a show at the Wharf Arts Center.,7.7,691,"https://m.media-amazon.com/images/M/MV5BMTQ5Nzg5MDYtZmQwMi00MDVkLTkxNTItODIxNzU0MGI5NTA0XkEyXkFqcGc@._V1_QL75_UX500_CR0,0,500,281_.jpg",https://www.imdb.com/title/tt10093054/?ref_=ttep_ep_20,FALSE,NA,NA
171,9,21,P.T.A. It Ain't So,2019-05-05,2019,7.7,7,"Linda attempts to become more involved with the P.T.A., inspired by its seemingly perfect president, Joanne. Meanwhile, Bob tries to cheer up a hardware store owner after unknowingly making a joke about his pet parrot that recently flew away.",Ian Hamilton,Kelvin Yu,1.58,23,1740425,P.T.A It Ain't So,"Sun, May 5, 2019",Linda joins the P.T.A.; Bob tries to cheer up a hardware store owner whose pet parrot flew away.,7.3,681,"https://m.media-amazon.com/images/M/MV5BNGViNTg2OWMtYWJmYi00OWE4LWExZTMtNGUwNmY3NDZmNzBjXkEyXkFqcGc@._V1_QL75_UY281_CR0,0,500,281_.jpg",https://www.imdb.com/title/tt10093058/?ref_=ttep_ep_21,FALSE,NA,NA
172,9,22,Yes Without My Zeke,2019-05-12,2019,7.8,6,"When Zeke gets in trouble, the Belcher kids and Jimmy Jr. pitch in to help prevent him from being sent to a disciplinary school. However, Tina tries to thwart their mission, so she can have Jimmy Jr. and his butt all to herself. Meanwhile, Randy rents out Bob's Burgers to shoot his independent short feature film.",Chris Song,Jon Schroeder,1.48,23,1740426,Yes Without My Zeke,"Sun, May 12, 2019","The Belcher kids and Jimmy Jr. try to help Zeke when he gets into trouble, but Tina wants Jimmy Jr.'s butt all to herself; Randy rents out Bob's Burgers to shoot an independent short film.",7.5,677,"https://m.media-amazon.com/images/M/MV5BN2NjZDUyNzItZDZlYS00OWI3LThiMWQtYjdhMjhhZTFhNzQ4XkEyXkFqcGc@._V1_QL75_UX500_CR0,0,500,281_.jpg",https://www.imdb.com/title/tt10093064/?ref_=ttep_ep_22,FALSE,NA,NA
173,10,1,The Ring (But Not Scary),2019-09-29,2019,8.1,7,Bob's plan to surprise Linda for their anniversary gets tricky when the kids become involved.,Mario D'Anna,Lizzie Molyneux & Wendy Molyneux,1.82,22,1871589,The Ring (But Not Scary),"Sun, Sep 29, 2019",The kids get involved in Bob's plan to surprise Linda for their anniversary.,8.2,888,"https://m.media-amazon.com/images/M/MV5BN2M2ZGM1OTgtZmQ1NS00ODY3LTk5NDktMzk5ZmQ2MGEwNTQ4XkEyXkFqcGc@._V1_QL75_UX500_CR0,0,500,281_.jpg",https://www.imdb.com/title/tt9771048/?ref_=ttep_ep_1,FALSE,NA,NA
174,10,2,Boys Just Wanna Have Fungus,2019-10-06,2019,8,9,"Unable to afford a rare gourmet mushroom for a Burger of the Day, Bob and Gene jump into the cutthroat world of mushroom foraging. Meanwhile, Tina's powerful new prescription glasses lead her to believe she has a superpower.",Ryan Mattos,Dan Fybel,2.34,22,1933223,Boys Just Wanna Have Fungus,"Sun, Oct 6, 2019",Bob and Gene try to acquire a rare mushroom for a Burger of the Day; Tina thinks her new prescription glasses have given her a superpower.,7.6,764,"https://m.media-amazon.com/images/M/MV5BNDRmMzQzYTItNGNiOC00NzViLTgzYTctZmQzMTdmNmZjNDJiXkEyXkFqcGc@._V1_QL75_UX500_CR0,0,500,281_.jpg",https://www.imdb.com/title/tt10680742/?ref_=ttep_ep_2,FALSE,NA,NA
175,10,3,"Motor, She Boat",2019-10-13,2019,7.4,7,"Tina and Bob participate in the Thundergirls father-daughter cardboard boat race and Tina tries to hide her feelings about Bob's terrible boat-building skills. Meanwhile, Linda drags Louise and Gene to a fire station open house and overstays her welcome.",Tom Riggin,Holly Schlesinger,1.64,23,1934817,"Motor, She Boat","Sun, Oct 13, 2019",Bob and Tina participate in a father-daughter cardboard boat race; Linda takes Gene and Louise to a fire station open house.,7.3,720,"https://m.media-amazon.com/images/M/MV5BYTlhYTgzZTYtNzUwNy00ZGU0LWIxYzItNTAxZWNhODY0N2MyXkEyXkFqcGc@._V1_QL75_UY281_CR0,0,500,281_.jpg",https://www.imdb.com/title/tt10750116/?ref_=ttep_ep_3,FALSE,NA,NA
176,10,4,Pig Trouble in Little Tina,2019-10-20,2019,7.8,8,"Tina dissects a fetal pig in science class and things get spooky. Also, Bob and Linda do battle with a giant ball of ear wax.",Chris Song,Nora Smith,2.45,22,1939305,Pig Trouble in Little Tina,"Sun, Oct 20, 2019",Things get spooky when Tina dissects a fetal pig in science class; Bob and Linda battle a giant ball of earwax.,7.3,795,"https://m.media-amazon.com/images/M/MV5BNzQ0ODY0ZjktMmQ1YS00ODg1LWIwZTEtOTg5ZDgzM2EzZGJmXkEyXkFqcGc@._V1_QL75_UX500_CR0,0,500,281_.jpg",https://www.imdb.com/title/tt10750120/?ref_=ttep_ep_4,FALSE,NA,NA
177,10,5,Legends of the Mall,2019-11-03,2019,8.3,7,"On a Belcher family trip to the mall, Tina is mistaken for a sleeping boy's girlfriend. Meanwhile, Gene and Louise are turned loose on motorized animals, Linda disrupts a book reading and Bob struggles to shop for acceptable pants.",Matthew Long,Greg Thompson,1.51,23,1871591,Legends of the Mall,"Sun, Nov 3, 2019","On a trip to the mall, Tina is mistaken for someone's girlfriend, Gene and Louise are turned loose on motorized animals, Linda disrupts a book reading and Bob shops for acceptable pants.",7.7,741,"https://m.media-amazon.com/images/M/MV5BMGM0NTY0MDctOWIxOC00Yjg4LTk0YzMtYmVjYWM0MjQyYzY4XkEyXkFqcGc@._V1_QL75_UX500_CR0,0,500,281_.jpg",https://www.imdb.com/title/tt11096572/?ref_=ttep_ep_5,FALSE,NA,NA
178,10,6,The Hawkening: Look Who's Hawking Now!,2019-11-10,2019,7.5,8,"Bob and Louise are riding high, hosting an exclusive screening of a Hawk & Chick movie at the restaurant, until the actor who plays Hawk throws a wrench into the works, for his own mysterious reasons.",Mario D'Anna,Rich Rinaldi,2.06,22,1947463,The Hawkening: Look Who's Hawking Now,"Sun, Nov 10, 2019","Bob and Louise host an exclusive screening of a ""Hawk and Chick"" movie at the restaurant, but the actor who plays Hawk throws a wrench into their plans for mysterious reasons.",7.2,680,"https://m.media-amazon.com/images/M/MV5BOWY4YmVlZjAtYWQ5YS00ZWY3LTk5MDUtYWM1YTc0Y2U2ZGQzXkEyXkFqcGc@._V1_QL75_UX500_CR0,0,500,281_.jpg",https://www.imdb.com/title/tt10769006/?ref_=ttep_ep_6,FALSE,NA,NA
179,10,7,Land of the Loft,2019-11-17,2019,6.3,9,"Bob and Linda challenge themselves and attend a loft party on a stormy night, while the kids challenge their babysitter, Jen, and face the storm in an ice cream truck.",Tom Riggin,Steven Davis,1.88,22,1939307,Land of the Loft,"Sun, Nov 17, 2019",Bob and Linda attend a loft party on a stormy night while the kids challenge their babysitter and face the storm in an ice cream truck.,7.7,723,"https://m.media-amazon.com/images/M/MV5BZGZjYzhlMzUtNGMzMi00YWNkLWJhZmItOTJlMzg1OGYxYjNjXkEyXkFqcGc@._V1_QL75_UX500_CR0,0,500,281_.jpg",https://www.imdb.com/title/tt10779038/?ref_=ttep_ep_7,FALSE,Naomi Ekperigin,Maya
180,10,8,Now We're Not Cooking With Gas,2019-11-24,2019,8.4,7,"Bob is determined to do whatever it takes to cook a rare, heritage turkey after the gas goes out on Thanksgiving.",Ryan Mattos,Katie Crown,2.29,22,1971546,Now We're Not Cooking with Gas,"Sun, Nov 24, 2019","Bob is willing to do whatever it takes to cook a rare, heritage turkey when the gas goes out on Thanksgiving.",8.1,760,"https://m.media-amazon.com/images/M/MV5BNGQyYWI3ZDUtZDQxMC00MWYxLThiYmQtYzFmMmI3YWQ0NzIzXkEyXkFqcGc@._V1_QL75_UX500_CR0,0,500,281_.jpg",https://www.imdb.com/title/tt10779028/?ref_=ttep_ep_8,TRUE,Natasha Rothwell,Firefighter
181,10,9,All That Gene,2019-12-01,2019,6.8,8,"Gene auditions for a small role in a local theater production, but things backfire when he discovers that Linda actually bargained with the director to get Gene the part.",Matthew Long,Kelvin Yu,1.6,23,1980515,All That Gene,"Sun, Dec 1, 2019","Gene auditions for a small role in a local theater production, then discovers that Linda talked the director into giving him the part.",6.8,752,"https://m.media-amazon.com/images/M/MV5BMWVmMDkxYzctZWYyNC00ODQ1LThjYjItMjJjMWFjOTI5ZDEzXkEyXkFqcGc@._V1_QL75_UX500_CR0,0,500,281_.jpg",https://www.imdb.com/title/tt11254406/?ref_=ttep_ep_9,FALSE,NA,NA
182,10,10,Have Yourself a Maily Linda Christmas,2019-12-15,2019,8.1,7,"Linda works a temp job at the post office to make extra money for the holidays. But when an important package goes undelivered, Linda breaks protocol and takes it upon herself to save the day. Meanwhile, Bob and Tina are trapped at home with Linda's fussy family and Gene and Louise scramble last-minute to find the perfect gift for Tina.",Chris Song,Scott Jacobson,2.41,22,1983492,Have Yourself a Maily Linda Christmas,"Sun, Dec 15, 2019",Linda works a temp job at the post office to make extra money for the holidays; Bob and Tina get stuck at home with Linda's family; Gene and Louise try to find the perfect gift for Tina.,7.6,727,"https://m.media-amazon.com/images/M/MV5BZjUxZTA1OTMtMjVjYi00MGFhLTk4ODYtYTRlY2JmYTdiZjQzXkEyXkFqcGc@._V1_QL75_UX500_CR0,0,500,281_.jpg",https://www.imdb.com/title/tt11282118/?ref_=ttep_ep_10,TRUE,NA,NA
183,10,11,Drumforgiven,2020-01-12,2020,7.9,7,"Gene gets kicked out of the Ocean Avenue Hifi Emporium, but Louise takes matters into her own hands to defend Gene's honor. Teddy takes a handyman job at Jimmy Pesto's restaurant and tries to hide it from Bob.",Mario D'Anna,Jon Schroeder,5.76,22,1983493,Drumforgiven,"Sun, Jan 12, 2020",Louise comes to Gene's defense when he gets kicked out of the Ocean Avenue Hifi Emporium.,7.2,677,"https://m.media-amazon.com/images/M/MV5BOGQ3MTAzZDUtNWIyOC00ZjRhLTk4ZTgtNDNmMGM0NjIzNDIzXkEyXkFqcGc@._V1_QL75_UX500_CR0,0,500,281_.jpg",https://www.imdb.com/title/tt11282120/?ref_=ttep_ep_11,FALSE,NA,NA
184,10,12,A Fish Called Tina,2020-02-16,2020,7.9,7,"Tina goes too far trying to be a perfect mentor. Meanwhile, Bob and Linda test out the gym next door.",Ryan Mattos,Dan Fybel,1.51,22,1983495,A Fish Called Tina,"Sun, Feb 16, 2020",Tina tries too hard to be a perfect mentor; Bob and Linda visit the gym next door.,7.3,678,"https://m.media-amazon.com/images/M/MV5BZWY1NWU3YzItNDBmMi00MjE1LTgyMzEtOWMxM2NkNWUxNDdmXkEyXkFqcGc@._V1_QL75_UX500_CR0,0,500,281_.jpg",https://www.imdb.com/title/tt11282122/?ref_=ttep_ep_12,FALSE,Meredith Hagner,Madison
185,10,13,Three Girls and a Little Wharfy,2020-02-23,2020,8.1,8,"Louise skeptically joins Jessica and fifth-grader Megan in their search for Wharfy, a mythical sea monster, while Bob takes an online master class by a world-renowned chef.",Tom Riggin,Holly Schlesinger,1.58,22,1983496,Three Girls and a Little Wharfy,"Sun, Feb 23, 2020","In spite of her skepticism, Louise joins the search for a mythic sea monster; Bob takes a famous chef's online master class.",7.4,671,"https://m.media-amazon.com/images/M/MV5BYWU5MGExY2UtMzRhMS00YTgzLTkwZDQtNzVlMTJmZjIxMzExXkEyXkFqcGc@._V1_QL75_UX500_CR0,0,500,281_.jpg",https://www.imdb.com/title/tt11282128/?ref_=ttep_ep_13,FALSE,NA,NA
186,10,14,Wag the Song,2020-03-01,2020,7.5,8,"Tina competes against Gene and Louise to write a new school song for Wagstaff but finds herself creatively stalled. Meanwhile, Bob and Linda battle blinding glare from Jimmy Pesto's new shiny steel awning across the street.",Chris Song,Greg Thompson,1.43,22,1983497,Wag the Song,"Sun, Mar 1, 2020",Tina competes with Gene and Louise to write a new school song for Wagstaff; Jimmy Pesto's new steel awning creates a blinding glare for Bob and Linda.,7.2,644,"https://m.media-amazon.com/images/M/MV5BOGM4ZDdhYmUtNTBkMC00MDVjLWJlOTktOTcyNGRkZDNhNjFiXkEyXkFqcGc@._V1_QL75_UX500_CR0,0,500,281_.jpg",https://www.imdb.com/title/tt11282132/?ref_=ttep_ep_14,FALSE,NA,NA
187,10,15,Yurty Rotten Scoundrels,2020-03-08,2020,7.4,7,"When Gayle decides to host an artists' workshop in a yurt with only one attendee, Linda feels compelled to go to support her sister. Meanwhile, Louise and Gene lead a covert operation to find a lost cat for a cash reward.",Tom Riggin,Katie Crown,1.28,22,1983499,Flat-Top O' the Morning to Ya,"Sun, Mar 15, 2020",Bob and the kids help a down-on-his-luck restaurant owner while Linda and Teddy celebrate St. Patrick's Day.,7.2,636,"https://m.media-amazon.com/images/M/MV5BYTA5MjNkMTEtODBmMy00MGU2LTliNjktNzNiNWE2OTUwNzIwXkEyXkFqcGc@._V1_QL75_UY281_CR4,0,500,281_.jpg",https://www.imdb.com/title/tt11282138/?ref_=ttep_ep_15,TRUE,Matt Kaminsky; Richard Kind,Customer; Jules
188,10,16,Flat-Top O' the Morning to Ya,2020-03-15,2020,7.8,8,"Bob and the kids help a down-on-his-luck restaurant owner, while Linda and Teddy get carried away with St. Patrick's Day festivities.",Ryan Mattos,Rich Rinaldi,1.44,22,1983498,Yurty Rotten Scoundrels,"Sun, Mar 8, 2020",Linda goes to Gayle's artists' workshop in a yurt; Louise and Gene search for a lost cat to collect a cash reward.,7,685,"https://m.media-amazon.com/images/M/MV5BNGRmMzlhZjAtNDM4ZS00NDVlLWE2NjItMDE2ODQ3NzMzYjhlXkEyXkFqcGc@._V1_QL75_UX500_CR0,0,500,281_.jpg",https://www.imdb.com/title/tt11282144/?ref_=ttep_ep_16,FALSE,NA,NA
189,10,17,Just the Trip,2020-03-22,2020,8.3,7,The family takes an unexpected road trip with Nat the limo driver.,Chris Song,Lizzie Molyneux & Wendy Molyneux,1.31,22,1983494,Just the Trip,"Sun, Mar 22, 2020",The Belchers go on a road trip with Nat the limo driver.,7.6,683,"https://m.media-amazon.com/images/M/MV5BMTljNThiMzgtMmNlYi00MTZkLWE1ZTctNDY0YzZiZGU5OTMxXkEyXkFqcGc@._V1_QL75_UX500_CR0,0,500,281_.jpg",https://www.imdb.com/title/tt11282148/?ref_=ttep_ep_17,FALSE,Akilah Hughes,Theresa
190,10,18,Tappy Tappy Tappy Tap Tap Tap,2020-04-19,2020,7.3,7,"Tina goes to see Josh perform in a tap show, and suspects sabotage when he's injured on stage.",Ryan Mattos,Jon Schroeder,1.36,22,2209681,Tappy Tappy Tappy Tap Tap Tap,"Sun, Apr 19, 2020",Tina suspects sabotage when Josh gets injured on-stage in a tap show.,7.1,627,"https://m.media-amazon.com/images/M/MV5BZDI0ZjI5YjItNzljZi00Nzk5LTliYTgtMzhmYjM2MTE3MmE2XkEyXkFqcGc@._V1_QL75_UX500_CR0,0,500,281_.jpg",https://www.imdb.com/title/tt11976590/?ref_=ttep_ep_18,FALSE,NA,NA
191,10,19,The Handyman Can,2020-04-26,2020,7.9,8,"When Teddy finds himself doubting his abilities as a handyman, the kids build up his confidence.",Tom Riggin,Kelvin Yu,1.29,22,2209682,The Handyman Can,"Sun, Apr 26, 2020",The Belcher kids try to help Teddy when he doubts his abilities as a handyman.,7.2,668,"https://m.media-amazon.com/images/M/MV5BNjE4N2QyMmEtOWE1YS00MzM5LTk2YTAtZGQ2ZGE0ZjA1NGNiXkEyXkFqcGc@._V1_QL75_UX500_CR0,0,500,281_.jpg",https://www.imdb.com/title/tt11976610/?ref_=ttep_ep_19,FALSE,NA,NA
192,10,20,Poops!... I Didn't Do It Again,2020-05-03,2020,8,8,"Louise must face her fear of public pooping when her class goes on an overnight trip to the aquarium. Meanwhile, Linda enlists the family to make a video for her parents' anniversary.",Chris Song,Steven Davis,1.17,22,2228886,Poops!... I Didn't Do It Again,"Sun, May 3, 2020",Louise must confront her fear of pooping in public on an overnight school trip to the aquarium; Linda enlists the rest of the family to make a video for her parents' anniversary.,7.9,736,"https://m.media-amazon.com/images/M/MV5BZmUwZDYyZjEtYzk3OS00MDhhLTkwZGQtM2ZiMWIwYTQ3MTJiXkEyXkFqcGc@._V1_QL75_UX500_CR0,0,500,281_.jpg",https://www.imdb.com/title/tt11976654/?ref_=ttep_ep_20,FALSE,NA,NA
193,10,21,Local She-ro,2020-05-10,2020,7.6,8,"While trying to show Tina what's great about their town, Linda ends up on the trail of a legendary local singer. Meanwhile, Teddy turns to Bob for help in arguing with a sports radio host.",Ryan Mattos,Scott Jacobson,1.04,22,2244924,Local She-ro,"Sun, May 10, 2020",Linda ends up on the trail of a legendary local singer while showing Tina what's great about their town; Teddy asks Bob for help arguing with a sports radio host.,6.9,662,"https://m.media-amazon.com/images/M/MV5BOGIzZGVkZWItNmUwZi00MTcxLWEzMjUtZjBhMmZhMzY1ZmQzXkEyXkFqcGc@._V1_QL75_UX500_CR0,0,500,281_.jpg",https://www.imdb.com/title/tt11976698/?ref_=ttep_ep_21,FALSE,Martin Mull; Laraine Newman,Shopkeeper; Dove
194,10,22,Prank You for Being a Friend,2020-05-17,2020,8.3,7,"A classmate comes to Louise for lessons in how to get in trouble. Meanwhile, Bob reluctantly agrees to bring Jimmy Pesto his hernia medication.",Tom Riggin,Katie Crown,1.28,23,2244925,Prank You for Being a Friend,"Sun, May 17, 2020",Louise gives a classmate lessons on pulling pranks; Bob is reluctant to bring Jimmy Pesto his hernia medication.,7.6,653,"https://m.media-amazon.com/images/M/MV5BNDg0ZTE2ZWUtZTFhMi00YzA4LWI5NmYtZjAwZTA2YmIzNTI2XkEyXkFqcGc@._V1_QL75_UX500_CR0,0,500,281_.jpg",https://www.imdb.com/title/tt11976736/?ref_=ttep_ep_22,FALSE,NA,NA
195,11,1,Dream a Little Bob of Bob,2020-09-27,2020,8.3,7,Bob goes on an epic quest to find a misplaced lock box key. Tina attempts to learn a hand-slapping song that everyone can do - but her.,Simon Chong,Dan Fybel,1.77,22,2366028,Dream a Little Bob of Bob,"Sun, Sep 27, 2020",Bob goes on a quest to find a misplaced key to a lock box; Tina tries to learn a hand-slapping song that everyone else can do.,7.7,799,"https://m.media-amazon.com/images/M/MV5BMTVhOWM5YWItMTUyNy00MmI3LTllNzctYTllZWZhNjU0MTIwXkEyXkFqcGc@._V1_QL75_UX500_CR0,0,500,281_.jpg",https://www.imdb.com/title/tt11754086/?ref_=ttep_ep_1,FALSE,NA,NA
196,11,2,Worms of In-Rear-Ment,2020-10-04,2020,7.6,8,"When the family prepares for a night out, they have to abort their plans when one certain member catches the pinworm.",Chris Song,Nora Smith,1.12,22,2366029,Worms of In-Rear-Ment,"Sun, Oct 4, 2020",A pinworm epidemic thwarts Linda's attempt to take the family to the symphony on free admission night.,7.3,774,"https://m.media-amazon.com/images/M/MV5BZmExN2ZmZTktNDMyMy00ZTg1LWE5MGUtMWE5NTdlZjU1Y2Q5XkEyXkFqcGc@._V1_QL75_UY281_CR1,0,500,281_.jpg",https://www.imdb.com/title/tt13056198/?ref_=ttep_ep_2,FALSE,NA,NA
197,11,3,Copa-Bob-bana,2020-10-11,2020,7.5,8,Bob agrees to be the temporary chef at the Fischoeders' new nightclub; the kids throw a pool party in the restaurant basement when they get a hold of a stock tank.,Ryan Mattos,Holly Schlesinger,1.26,22,2446055,Copa-Bob-Bana,"Sun, Oct 11, 2020",Bob agrees to be the temporary chef at the Fischoeders' new nightclub; the kids throw a pool party in the restaurant basement when they get a hold of a stock tank.,7.4,669,"https://m.media-amazon.com/images/M/MV5BNGNiOWQ3YTEtNmNkNy00MzNjLWIyZWQtYTY3ZmRkMzQ3ZDFjXkEyXkFqcGc@._V1_QL75_UX500_CR0,0,500,281_.jpg",https://www.imdb.com/title/tt13154390/?ref_=ttep_ep_3,FALSE,NA,NA
198,11,4,Heartbreak Hotel-oween,2020-11-01,2020,8.1,8,The kids meet a mysterious old woman at a hotel on Halloween as Louise plots her revenge for a candy transgression; Bob and Linda donate blood at a vampire-themed blood mobile.,Chris Song,Rich Rinaldi,1.9,22,2446056,Heartbreak Hotel-oween,"Sun, Nov 1, 2020",The kids meet a mysterious old woman at a hotel on Halloween as Louise plots her revenge for a candy transgression; Bob and Linda donate blood at a vampire-themed blood mobile.,7.5,725,"https://m.media-amazon.com/images/M/MV5BNTM0Y2Q0YTItN2JlYS00ZjAzLWJiMjUtZjUyMDdhOTMwZjc0XkEyXkFqcGc@._V1_QL75_UX500_CR0,0,500,281_.jpg",https://www.imdb.com/title/tt13154408/?ref_=ttep_ep_4,TRUE,NA,NA
199,11,5,Fast Time Capsules at Wagstaff School,2020-11-08,2020,7.9,7,"Tina is put in charge of the Wagstaff School time capsule project, but she makes an enemy when she rejects Tammy's submission.",Tom Riggin,Greg Thompson,1.41,22,2500661,Fast Time Capsules at Wagstaff School,"Sun, Nov 8, 2020",Tina makes enemies with Tammy when she's put in charge of the Wagstaff School time capsule project; Bob teases Linda for not being able to whistle.,7.2,662,"https://m.media-amazon.com/images/M/MV5BMWI4M2IxNWItNTI2OS00MWY0LThkN2YtZmY4ZjVjMzNhMTExXkEyXkFqcGc@._V1_QL75_UX500_CR0,0,500,281_.jpg",https://www.imdb.com/title/tt13236022/?ref_=ttep_ep_5,FALSE,NA,NA
200,11,6,"Bob Belcher and the Terrible, Horrible, No Good, Very Bad Kids",2020-11-15,2020,8.4,8,The family must figure out how to keep the restaurant open after Bob's flattop breaks on the morning of the Ocean Avenue Business Association's: Ocean Fest on Ocean Avenue.,Matthew Long,Steven Davis,1.79,22,2500662,"Bob Belcher and the Terrible, Horrible, No Good, Very Bad Kids","Sun, Nov 15, 2020",The Belchers try to keep the restaurant open when Bob's flattop breaks on the morning of the Ocean Avenue Business Association's Ocean Fest.,8.1,746,"https://m.media-amazon.com/images/M/MV5BOWI5ZWY2MTMtOTM4NS00MzlhLWFhMzEtNGY2MzljYjI5ZTBhXkEyXkFqcGc@._V1_QL75_UX500_CR0,0,500,281_.jpg",https://www.imdb.com/title/tt13285628/?ref_=ttep_ep_6,FALSE,NA,NA
201,11,7,Diarrhea of a Poopy Kid,2020-11-22,2020,8,6,"When Gene can't eat Thanksgiving dinner because of a stomach flu, the family tries to cheer him up.",Tom Riggin,Lizzie Molyneux-Logelin & Wendy Molyneux,1.77,22,2500663,Diarrhea of a Poopy Kid,"Sun, Nov 22, 2020",The family tries to cheer up Gene when a stomach flu makes him unable to eat Thanksgiving dinner.,7.4,723,"https://m.media-amazon.com/images/M/MV5BMzYzNmM0YmYtNjVlYi00YjdhLTljOWYtNmU1MjIzN2YwMTA2XkEyXkFqcGc@._V1_QL75_UX500_CR0,0,500,281_.jpg",https://www.imdb.com/title/tt13369744/?ref_=ttep_ep_7,TRUE,NA,NA
202,11,8,The Terminalator II: Terminals of Endearment,2020-11-29,2020,8.1,8,"When Linda's parents have a layover at an airport nearby, Bob and Linda attempt to turn it into their annual ""visit.""",Ryan Mattos,Kelvin Yu,1.23,22,2500665,The Terminalator II: Terminals of Endearment,"Sun, Nov 29, 2020","When Linda's parents have a layover at a nearby airport, she and Bob decide to make it their annual ""visit"".",7.8,720,"https://m.media-amazon.com/images/M/MV5BZmJmMTNiNjUtMDRhZi00OWVhLWJmMmUtZDA4MmZmNjExNDE2XkEyXkFqcGc@._V1_QL75_UX500_CR0,0,500,281_.jpg",https://www.imdb.com/title/tt13404582/?ref_=ttep_ep_8,FALSE,Timothy Simons,TSA Agent
203,11,9,Mommy Boy,2020-12-06,2020,7.6,7,"When Linda joins a women's business group, Gene gets possessive of her time. Meanwhile, Louise and Tina want to learn how to fight.",Simon Chong,Jon Schroeder,1.25,22,2505394,Mommy Boy,"Sun, Dec 6, 2020",Gene becomes jealous when Linda joins a women's business group; Louise and Tina want to learn how to fight.,6.9,718,"https://m.media-amazon.com/images/M/MV5BYzkzNTRmNzUtYTZmMy00ZDBjLThmM2EtMTA0ZDVkMTRjOWI1XkEyXkFqcGc@._V1_QL75_UX500_CR0,0,500,281_.jpg",https://www.imdb.com/title/tt13445148/?ref_=ttep_ep_9,FALSE,NA,NA
204,11,10,Yachty or Nice,2020-12-13,2020,8.1,7,"When the Belchers get an unexpected invitation to cater the Glencrest Yacht Club's holiday boat parade, Bob wonders if there's a catch. Meanwhile, Louise has her eye on the present-loaded Santa Schooner.",Chris Song,Scott Jacobson,1.81,22,2518986,Yachty or Nice,"Sun, Dec 13, 2020",Bob wonders if there's a catch to the Belchers being invited to cater the Glencrest Yacht Club's holiday boat parade; Louise has her eye on the Santa Schooner.,7.6,690,"https://m.media-amazon.com/images/M/MV5BNzk3NTk3NTUtZmEyMi00ZWVlLWFhOGQtMmExYzM3MDM1ZTExXkEyXkFqcGc@._V1_QL75_UX500_CR0,0,500,281_.jpg",https://www.imdb.com/title/tt13502578/?ref_=ttep_ep_10,TRUE,Greg Hollimon,Well-Dressed Man
205,11,11,Romancing the Beef,2021-02-21,2021,8.1,7,"Louise convinces her parents to cash in on the lucrative Valentine's Day dinner business, even though it means putting Bob and Linda's own Valentine's Day plans on hold. Meanwhile, Tina attends Tammy's Anti-Valentine's Day party.",Tom Riggin,Greg Thompson,1.24,22,2537298,Romancing the Beef,"Sun, Feb 21, 2021","Louise convinces Bob and Linda to cash in on the Valentine's Day dinner business, forcing them to put their plans on hold; Tina attends Tammy's Anti-Valentine's Day party.",8,706,"https://m.media-amazon.com/images/M/MV5BYzFiMzU5NDktM2U3Ni00Y2EwLTlkOTEtMmVjMzVkMWYwMjY4XkEyXkFqcGc@._V1_QL75_UY281_CR0,0,500,281_.jpg",https://www.imdb.com/title/tt13670956/?ref_=ttep_ep_11,TRUE,NA,NA
206,11,12,"Die Card, or Card Trying",2021-02-28,2021,8.1,8,"Linda drags Bob and the kids out into nature, determined to take the best holiday family portrait ever.",Matthew Long,Katie Crown,1.09,22,2687465,"Die Card, or Card Trying","Sun, Feb 28, 2021",Linda drags Bob and the kids into her efforts to take the best family picture ever.,7.7,709,"https://m.media-amazon.com/images/M/MV5BM2Q3MjE1Y2YtNDUzOC00MjEzLWE4YjItZTcxOTQyY2ZlOTk4XkEyXkFqcGc@._V1_QL75_UX500_CR0,0,500,281_.jpg",https://www.imdb.com/title/tt13671532/?ref_=ttep_ep_12,FALSE,NA,NA
207,11,13,An Incon-wheelie-ent Truth,2021-03-07,2021,7.7,7,"While on a family trip to the flea market, Bob and Linda are haunted by a lie they told Tina, Gene and Louise about what really happened to their beloved stuffed animal, Wheelie Mammoth.",Simon Chong,Dan Fybel,1.21,22,2718392,An Incon-wheelie-ent Truth,"Sun, Mar 7, 2021","On a trip to the flea market, Bob and Linda are haunted by a lie they told the kids about what happened to their beloved stuffed animal, Wheelie Mammoth.",7.6,649,"https://m.media-amazon.com/images/M/MV5BN2E3Yzc2Y2YtODhhNC00ZGQ4LWI5YTYtMGFjMzY3YjUwODAwXkEyXkFqcGc@._V1_QL75_UX500_CR0,0,500,281_.jpg",https://www.imdb.com/title/tt13671536/?ref_=ttep_ep_13,FALSE,NA,NA
208,11,14,Mr. Lonely Farts,2021-03-14,2021,7.4,7,"When Linda and Tina go to the shoe store, Gene accidently is left home by himself. Meanwhile, Bob, Louise and Teddy go to buy restaurant equipment from a creepy guy whom Bob found on the internet.",Ryan Mattos,Holly Schlesinger,1.21,22,2722024,Mr. Lonely Farts,"Sun, Mar 14, 2021","Gene is left home alone when Linda and Tina go to the shoe store, while Bob, Louise and Teddy buy restaurant equipment from a creepy guy Bob found on the internet.",7.4,664,"https://m.media-amazon.com/images/M/MV5BNTgyMzdlMzctOTlkMi00ZjhkLWFjMDQtMDNjMDhjMWUxZDRiXkEyXkFqcGc@._V1_QL75_UX500_CR0,0,500,281_.jpg",https://www.imdb.com/title/tt13671538/?ref_=ttep_ep_14,FALSE,NA,NA
209,11,15,Sheshank Redumption,2021-03-21,2021,8.1,7,Linda's new routine of diet and exercise gives her gastrointestinal trouble on the day of parent-teacher-student conferences.,Chris Song,Jon Schroeder,1.05,22,2760892,Sheshank Redumption,"Sun, Mar 21, 2021",Linda's new diet and exercise routine gives her gastrointestinal disorder on parent-teacher-student conference day.,7.6,636,"https://m.media-amazon.com/images/M/MV5BMjZiZTI1ZDctZGM0OC00NmRhLThiMDItNzJjNDAzODI5Y2U0XkEyXkFqcGc@._V1_QL75_UY281_CR29,0,500,281_.jpg",https://www.imdb.com/title/tt14139504/?ref_=ttep_ep_15,FALSE,Jackie Kashian,Jailbird
210,11,16,Y Tu Tina También,2021-03-28,2021,7.8,8,"When Tina is forced to listen to Spanish audio lessons in the library to improve her grade, she develops an unexpected crush. Meanwhile, Louise and Gene want to dunk Mr. Frond at the Wagstaff Spring Fair.",Matthew Long,Rich Rinaldi,1.07,22,2772889,Y Tu Tina También,"Sun, Mar 28, 2021",Tina develops an unexpected crush when she must listen to Spanish audio lessons to improve her grade; Louise and Gene hope to dunk Mr. Frond at the Wagstaff Spring Fair.,7.5,666,"https://m.media-amazon.com/images/M/MV5BYTJjZTFmZjktZGY5ZC00N2NkLWExNzUtODY3Y2EyMmM0YjUzXkEyXkFqcGc@._V1_QL75_UX500_CR0,0,500,281_.jpg",https://www.imdb.com/title/tt14140060/?ref_=ttep_ep_16,FALSE,Julio Torres,Rodrigo
211,11,17,Fingers-loose,2021-04-11,2021,7.5,8,"Tina faces a hall-monitor crisis when she falls in love with a new underground trend at Wagstaff that Mr. Frond is trying to squelch. Meanwhile, Bob and Linda try to come up with a way for Teddy to sneak food into a movie theater.",Simon Chong,Lizzie Molyneux-Logelin & Wendy Molyneux,1.19,22,2804536,Fingers-Loose,"Sun, Apr 11, 2021",Tina faces a crisis as hall monitor when she finds a new passion for an underground trend at Wagstaff that Mr. Frond is out to stop; Bob and Linda try to help Teddy sneak food into a movie theater.,7.4,691,"https://m.media-amazon.com/images/M/MV5BMjQ2NmM0OWYtYTM0Ni00NDc5LTlkZjUtMDU2YmM0ZDI2ZTRiXkEyXkFqcGc@._V1_QL75_UY281_CR1,0,500,281_.jpg",https://www.imdb.com/title/tt14140100/?ref_=ttep_ep_17,FALSE,NA,NA
212,11,18,Some Kind of Fender Benderful,2021-04-18,2021,7.4,8,"When Bob gets into a four-car fender bender right outside the restaurant, he realizes finding out who is at fault will not be as simple as he thought.",Ryan Mattos,Kelvin Yu,1.05,22,2821457,Some Kind of Fender Benderful,"Sun, Apr 18, 2021",Bob gets into a four-car fender bender outside the restaurant and finding out who's at fault proves to be harder than he thought.,6.9,671,"https://m.media-amazon.com/images/M/MV5BMDc3OGExNGYtMjFhZi00M2U0LTg0NmYtMjIwMzVhN2FhMDMzXkEyXkFqcGc@._V1_QL75_UX500_CR0,0,500,281_.jpg",https://www.imdb.com/title/tt14316804/?ref_=ttep_ep_18,FALSE,Bridget Everett,Officer Bridget
213,11,19,Bridge Over Troubled Rudy,2021-05-02,2021,7.4,8,"Louise ropes her siblings into an adventure; Mort teaches Bob, Linda and Teddy how to meditate.",Chris Song,Scott Jacobson,0.95,22,2862602,Bridge Over Troubled Rudy,"Sun, May 2, 2021","Louise ropes Tina and Gene into her journey to see Rudy's model bridge that explodes; Mort tries to teach Bob, Linda and Teddy how to meditate.",7.2,579,"https://m.media-amazon.com/images/M/MV5BOGUxYmUwYmYtYWZiZi00NzUxLTk4YzUtNWU1ODIwNTM4NTVjXkEyXkFqcGc@._V1_QL75_UX500_CR0,1,500,281_.jpg",https://www.imdb.com/title/tt14408910/?ref_=ttep_ep_19,FALSE,NA,NA
214,11,20,Steal Magazine-olias,2021-05-09,2021,7.8,5,"The Belcher kids get caught up in a game of cat-and-mouse when Dr. Yap comes to the restaurant in search of something that was taken from the waiting room of his dentistry office. Meanwhile, Bob, Linda and Teddy try to clean a huge bird poop off the restaurant's window.",Matthew Long,Katie Crown,1.11,23,2879011,Steal Magazine-olias,"Sun, May 9, 2021","The Belcher kids get into a cat-and-mouse game with Dr. Yap when he catches them stealing something in the waiting room of his office; Bob, Linda and Teddy try to clean bird poop off the restaurant window.",7.3,574,"https://m.media-amazon.com/images/M/MV5BYjYyMzM2ZmEtMTc2Zi00M2MzLTk2MDMtMWM0ODViZjE5MmE0XkEyXkFqcGc@._V1_QL75_UX500_CR0,3,500,281_.jpg",https://www.imdb.com/title/tt14534486/?ref_=ttep_ep_20,FALSE,NA,NA
215,11,21,Tell Me Dumb Thing Good,2021-05-16,2021,7.1,8,"Linda needs the kids' help in fighting for a fun, dumb, local tradition. Meanwhile, Bob is captivated by an online cucumber.",Simon Chong,Dan Fybel,1.08,23,2905415,Tell Me Dumb Thing Good,"Sun, May 16, 2021",Linda recruits the kids in her fight to save a dumb local tradition; Bob is entranced by an online cucumber.,6.9,583,"https://m.media-amazon.com/images/M/MV5BNmQ5MWFjZWItN2FkMy00ZGNhLThjMWYtZmU2NDYxMmQ3OTJkXkEyXkFqcGc@._V1_QL75_UY281_CR2,0,500,281_.jpg",https://www.imdb.com/title/tt14408924/?ref_=ttep_ep_21,FALSE,NA,NA
216,11,22,Vampire Disco Death Dance,2021-05-23,2021,7.8,6,"After Tina and Bob plan a father-daughter date to see Bob's favorite old campy vampire-sing-along movie, Tina decides to invite her group of friends along, as well. Meanwhile, Linda opens a restaurant for the raccoons in their alley.",Tom Riggin,Steven Davis,0.98,23,2905463,Vampire Disco Death Dance,"Sun, May 23, 2021",Tina invites her friends to see an old campy vampire sing-along movie with her and Bob; Linda opens a restaurant for raccoons in the alley.,7.6,650,"https://m.media-amazon.com/images/M/MV5BODFmNTBjY2QtNjVkMS00ZTc0LWE2MjgtMWFjZmY0N2UzNzJmXkEyXkFqcGc@._V1_QL75_UY281_CR15,0,500,281_.jpg",https://www.imdb.com/title/tt14408892/?ref_=ttep_ep_22,FALSE,Nicolette Robinson,Destiny
217,12,1,Manic Pixie Crap Show,2021-09-26,2021,7,6,"Louise must pay a debt to Millie by attending the Pixie Princess Promenade. Meanwhile, a bouquet in the shape of a dog forces Linda to confront her past.",Ryan Mattos,Nora Smith,1.6,23,3093582,Manic Pixie Crap Show,"Sun, Sep 26, 2021",Louise must attend the Pixie Princess Promenade to pay Millie a debt; a bouquet shaped like a dog forces Linda to face her past.,7.5,706,"https://m.media-amazon.com/images/M/MV5BZmRhZjcyOWYtYmVmNi00NGNlLWJmN2MtYmU5OTg2MjhjMjYzXkEyXkFqcGc@._V1_QL75_UY281_CR3,0,500,281_.jpg",https://www.imdb.com/title/tt13154522/?ref_=ttep_ep_1,FALSE,NA,NA
218,12,2,Crystal Mess,2021-10-03,2021,7.2,5,"In order to help with anxiety about an upcoming oral report, Mr. Frond lends Tina a crystal that his new girlfriend alleges has special powers. Meanwhile, Bob and Linda buy a box of imperfect produce and try to use it all before it rots.",Tom Riggin,Holly Schlesinger,1.14,23,3242910,Crystal Mess,"Sun, Oct 3, 2021","When Tina gets nervous about an oral report, Mr. Frond lends her a crystal his girlfriend claims has special powers; Bob and Linda purchase a box of imperfect produce and try to use it all before it goes bad.",7.4,622,"https://m.media-amazon.com/images/M/MV5BZTJjODY5ZjgtYjk2MS00YmE3LWJmZDctNjA4NWIzODU4OTJmXkEyXkFqcGc@._V1_QL75_UY281_CR3,0,500,281_.jpg",https://www.imdb.com/title/tt14630416/?ref_=ttep_ep_2,FALSE,NA,NA
219,12,3,The Pumpkinening,2021-10-10,2021,6.7,3,"When a mysterious note is sent to Linda on Halloween, she and Gayle must travel to their hometown to face a wrong they committed 27 years ago.",Chris Song,Kelvin Yu,1.77,23,3242912,The Pumpkinening,"Sun, Oct 10, 2021",Linda receives a mysterious note on Halloween and must go to her old hometown with Gayle to answer for a misdeed they committed 27 years ago.,7.5,671,"https://m.media-amazon.com/images/M/MV5BOWQyYjkzZGQtMTg3OS00MmQ5LTg0ZjYtNTAyMTZiODA5YWU1XkEyXkFqcGc@._V1_QL75_UX500_CR0,33,500,281_.jpg",https://www.imdb.com/title/tt15393594/?ref_=ttep_ep_3,TRUE,Joel Kim Booster,Life Coach Dane
220,12,4,Driving Big Dummy,2021-10-17,2021,7.3,6,Bob gets roped into a road trip with Teddy while Linda and the kids compete for the title of employee of the day.,Matthew Long,Jon Schroeder,1.17,23,3242911,Driving Big Dummy,"Sun, Oct 17, 2021",Bob goes on a road trip with Teddy; Linda and the kids compete to be Employee of the Day.,7.8,672,"https://m.media-amazon.com/images/M/MV5BZWZlODVmNDItMTJiMi00MjUyLTk3ZjEtMjEwOTQ5MTU3NzZkXkEyXkFqcGc@._V1_QL75_UX500_CR0,0,500,281_.jpg",https://www.imdb.com/title/tt15493860/?ref_=ttep_ep_4,FALSE,NA,NA
221,12,5,Seven-tween Again,2021-10-24,2021,6.8,6,"Gene has a freak-out about growing up and desperately tries to relive his youth; Linda is tempted to try the fancy new hair salon that opened up next to Bob's Burgers, but she's scared of her hairdresser Gretchen's wrath.",Simon Chong,Rich Rinaldi,1.2,23,3252950,Seven-tween Again,"Sun, Oct 24, 2021","Gene freaks out about growing up and tries to stay young; Linda considers trying the new hair salon next to the restaurant, but fears the wrath of her hairdresser-slash-friend Gretchen.",7.2,617,"https://m.media-amazon.com/images/M/MV5BMWQ1ODRkNDktYTkxNS00ZDUyLWE0YWUtMWU1ZjhjY2ZlMjU5XkEyXkFqcGc@._V1_QL75_UX500_CR0,0,500,281_.jpg",https://www.imdb.com/title/tt15534592/?ref_=ttep_ep_5,FALSE,Kate Berlant,Shampooer
222,12,6,"Beach, Please",2021-11-07,2021,7.2,5,"When the Belcher kids participate in a beach clean-up for Wagstaff Volunteer Day, Louise gets drawn into a battle of wits with Mr. Fischoeder; Teddy surprises Bob and Linda with a new look.",Ryan Mattos,Scott Jacobson,1.48,23,3252951,"Beach, Please","Sun, Nov 7, 2021",Louise and Mr. Fischoeder engage in a battle of wits when the Belcher kids take part in a beach clean-up for Wagstaff Volunteer Day; Teddy surprises Bob and Linda with his new look.,7.5,658,"https://m.media-amazon.com/images/M/MV5BZDlmMjVhMmEtNmEyMi00MGIzLWE0YTItNDZjYWM1MTFkM2EzXkEyXkFqcGc@._V1_QL75_UX500_CR0,0,500,281_.jpg",https://www.imdb.com/title/tt15705472/?ref_=ttep_ep_6,FALSE,NA,NA
223,12,7,Loft in Bedslation,2021-11-14,2021,7.2,4,Linda and the girls attempt to build a loft bed for Louise in just one day; Bob and Gene host a group of gamers.,Matthew Long,Jameel Saleem,1.16,23,3252952,Loft in Bedslation,"Sun, Nov 14, 2021",Linda and Tina try to help Louise build a bed loft in one day; Bob and Gene host a tabletop role-playing game.,7.6,634,"https://m.media-amazon.com/images/M/MV5BNWRkYzY5MjctYjRhZi00ZDI1LWExZjEtMjBmYWUyNjA5YThiXkEyXkFqcGc@._V1_QL75_UX500_CR0,0,500,281_.jpg",https://www.imdb.com/title/tt15730798/?ref_=ttep_ep_7,FALSE,Alec Mapa; Christine Medrano; Danette Wilson,Murferion; Lady Cannefer; Shirley
224,12,8,Stuck in the Kitchen with You,2021-11-21,2021,6.8,4,"When Bob volunteers to cook Thanksgiving dinner for a retirement home, Louise gets stuck helping him on his most intense cooking day of the year. Meanwhile, Gene and Tina try to help Zeke entertain the residents.",Tom Riggin,Dan Fybel,1.84,23,3252953,Stuck in the Kitchen with You,"Sun, Nov 21, 2021",Louise gets stuck helping Bob cook Thanksgiving dinner for a retirement home; Tina and Gene assist Zeke with entertaining the residents.,7.7,626,"https://m.media-amazon.com/images/M/MV5BZDgwMzhlMDItODcwMi00YzEyLThhMTQtNWU2M2FlZjAyZTgwXkEyXkFqcGc@._V1_QL75_UX500_CR0,0,500,281_.jpg",https://www.imdb.com/title/tt15800520/?ref_=ttep_ep_8,TRUE,NA,NA
225,12,9,FOMO You Didn't,2021-11-28,2021,6.2,4,"Susmita offers to help Tina with a photography class assignment, but Tina can't stop thinking about all the fun Tammy, Jocelyn, Zeke and Jimmy Jr. are having ditching class. Meanwhile, a woman who used to live in the Belchers' apartment comes for a visit.",Simon Chong,Holly Schlesinger,1.62,23,3252954,FOMO You Didn't,"Sun, Nov 28, 2021",Tina becomes obsessed with her schoolmates ditching class during a photography assignment; the Belchers are visited by a woman who used to live in their apartment.,7,580,"https://m.media-amazon.com/images/M/MV5BNDk1MjgzYzYtZDA0Ni00ZTA2LTkzNjAtMGIyNmM2YzVjYTkwXkEyXkFqcGc@._V1_QL75_UX500_CR0,0,500,281_.jpg",https://www.imdb.com/title/tt15844528/?ref_=ttep_ep_9,FALSE,Kevin Avery; Daniele Gaither; Robin Thede,Victor; Violet; Violet's Mom
226,12,10,Gene's Christmas Break,2021-12-19,2021,6.8,4,"After Gene breaks his favorite, extremely rare '70s era Christmas record, Tina and Louise join him in the search for another copy. Meanwhile, Teddy wants to do a neighborhood Secret Santa with Bob and Linda.",Chris Song,Katie Crown,1.6,23,3252955,Gene's Christmas Break,"Sun, Dec 19, 2021","Gene breaks an extremely rare Christmas record from the '70s, so he and his sisters search for another copy; Teddy tries to do a neighborhood Secret Santa with Bob and Linda.",7.3,645,"https://m.media-amazon.com/images/M/MV5BNGE0ZjkyOTMtZmIzZS00N2I3LThjMWMtZmY0ZWEwNzc4OGZiXkEyXkFqcGc@._V1_QL75_UX500_CR0,0,500,281_.jpg",https://www.imdb.com/title/tt16091568/?ref_=ttep_ep_10,TRUE,NA,NA
227,12,11,Touch of Eval(uations),2022-01-09,2022,7.5,4,Louise realizes the new plan for student evaluating teachers has shifted the power at school from teacher to student; Bob and Linda find they don't agree on where their final resting place should be.,Ryan Mattos,Greg Thompson,1.42,23,3252956,Touch of Eval(uations),"Sun, Jan 9, 2022",Louise discovers that Mr. Frond's plan to have the students evaluate the teachers shifts the balance of power from the teachers to the children; Bob and Linda can't agree on their final resting place.,7.8,624,"https://m.media-amazon.com/images/M/MV5BYzVjYTFmZWEtOTMyMS00MmQ2LTg4NzItZDM4YmUzYWY1YzZhXkEyXkFqcGc@._V1_QL75_UY281_CR0,0,500,281_.jpg",https://www.imdb.com/title/tt16450480/?ref_=ttep_ep_11,FALSE,NA,NA
228,12,12,Ferry on My Wayward Bob and Linda,2022-02-27,2022,6.4,5,"Bob and Linda accept a Valentine's Day dinner invitation from the chef of a fancy restaurant; the kids have a scheme to get cheap Valentine's Day candy, but first they'll have to make it past an unusually strict babysitter.",Matthew Long,Scott Jacobson,1.18,23,3252957,Ferry on My Wayward Bob and Linda,"Sun, Feb 27, 2022",Bob and Linda are invited to a Valentine's Day dinner at a fancy restaurant on Kingshead Island; the kids attempt to get past Jen the babysitter so they can have cheap Valentine's Day candy.,7.3,607,"https://m.media-amazon.com/images/M/MV5BN2ExZTNiZTAtYTZhNC00OWQ4LTljODEtMjlkZjQwNzUyOGYyXkEyXkFqcGc@._V1_QL75_UY281_CR0,0,500,281_.jpg",https://www.imdb.com/title/tt17058476/?ref_=ttep_ep_12,TRUE,NA,NA
229,12,13,Frigate Me Knot,2022-03-06,2022,7.2,5,"Linda encourages Teddy to attend a farewell ceremony for the ship on which he served in the Navy, but it means confronting his Navy pals and his past.",Chris Song,Rich Rinaldi,1.15,23,3510404,Frigate Me Knot,"Sun, Mar 6, 2022",Teddy is forced to face his past when Linda encourages him to attend a farewell ceremony for the ship on which he served in the Navy.,7.4,581,"https://m.media-amazon.com/images/M/MV5BOTdiY2Y3YWQtNDIyYS00ZDE0LWFmMjMtMzc0NjMzMTg0ODk4XkEyXkFqcGc@._V1_QL75_UX500_CR0,0,500,281_.jpg",https://www.imdb.com/title/tt18226944/?ref_=ttep_ep_13,FALSE,NA,NA
230,12,14,Video Killed the Gene-io Star,2022-03-13,2022,6.7,6,Gene begrudgingly agrees to participate in a music video for Courtney; Teddy and Linda obsess over a mysterious customer at the restaurant.,Tom Riggin,Jon Schroeder,0.95,23,3526291,Video Killed the Gene-io Star,"Sun, Mar 13, 2022",Gene reluctantly agrees to star in a music video for Courtney; Teddy and Linda are obsessed with a mysterious customer at the restaurant.,6.9,602,"https://m.media-amazon.com/images/M/MV5BNDg0OTRmZWItMjIzZS00NTkwLWI3NjktYzEyMWQ5Y2ExNDQ0XkEyXkFqcGc@._V1_QL75_UX500_CR0,0,500,281_.jpg",https://www.imdb.com/title/tt18270570/?ref_=ttep_ep_14,FALSE,NA,NA
231,12,15,Ancient Misbehavin,2022-03-20,2022,7.3,6,"After feeling slighted by a teacher during a special Ancient Greece unit, Louise, Millie and Regular Sized Rudy take matters into their own hands to restore justice. Meanwhile, Bob gets a room of his own.",Simon Chong,Dan Fybel,1.01,23,3593165,Ancient Misbehavin,"Sun, Mar 20, 2022","Louise, Millie, and Rudy plot revenge on a teacher after feeling slighted during a special Ancient Greece unit; Bob gets his own room.",7.6,603,"https://m.media-amazon.com/images/M/MV5BODY5ZDFhOTAtNTlmZC00YmU5LTkyZGYtOTYzMDk0M2E3OTMxXkEyXkFqcGc@._V1_QL75_UX500_CR0,0,500,281_.jpg",https://www.imdb.com/title/tt18334500/?ref_=ttep_ep_15,FALSE,NA,NA
232,12,16,Interview with a Pop-pop-pire,2022-03-27,2022,6.6,7,"Big Bob is coming to dinner so that Tina can interview him for a school project. While the family waits for Pop Pop to arrive, they take turns coming up with their own versions of an infamous tree incident that happened to him in his younger years.",Ryan Mattos,Katie Crown,1.05,23,3593166,Interview with a Pop-pop-pire,"Sun, Mar 27, 2022",The Belchers tell their own versions of an infamous tree incident in the early years of Big Bob as they await his arrival so Tina can interview him for a school project during dinner.,6.8,606,"https://m.media-amazon.com/images/M/MV5BMjc4MzIzN2QtYTU0Ny00YjhmLTg1MmQtZDI5NzNiZmVmN2Y5XkEyXkFqcGc@._V1_QL75_UX500_CR0,0,500,281_.jpg",https://www.imdb.com/title/tt18394900/?ref_=ttep_ep_16,FALSE,NA,NA
233,12,17,The Spider House Rules,2022-04-10,2022,6.8,4,"Louise befriends a house spider and hides it in her room after Linda and Bob tell her to remove it from the apartment. Meanwhile, Bob tries to make a friend outside of the people that come to the restaurant.",Tom Riggin & Ryan Mattos,Jameel Saleem,0.88,23,3608740,The Spider House Rules,"Sun, Apr 10, 2022",Louise hides a house spider in her room after being told to get rid of it; Bob tries to make a friend outside of the people who come to the restaurant.,7.2,557,"https://m.media-amazon.com/images/M/MV5BNzQyMmM3YTYtYzVhOS00MWI5LTg4OTAtY2E4NDZjM2IxOTIxXkEyXkFqcGc@._V1_QL75_UX500_CR0,0,500,281_.jpg",https://www.imdb.com/title/tt18815212/?ref_=ttep_ep_17,FALSE,NA,NA
234,12,18,Clear and Present Ginger,2022-04-24,2022,6.8,4,Linda has a big day planned when her friend comes to visit; Bob and the kids help Nat with her limo competition.,Chris Song,Lizzie Molyneux-Logelin & Wendy Molyneux,0.89,23,3645192,Clear and Present Ginger,"Sun, Apr 24, 2022",Linda plans a big day for her friend Ginger's visit; Bob and the kids help Nat with a limo competition.,7.1,555,"https://m.media-amazon.com/images/M/MV5BMDhmMTUzNjQtZTRiYi00MjkzLTk2YWQtMjRmODY0ODExOGNkXkEyXkFqcGc@._V1_QL75_UX500_CR0,0,500,281_.jpg",https://www.imdb.com/title/tt19268050/?ref_=ttep_ep_18,FALSE,NA,NA
235,12,19,A-Sprout A Boy,2022-05-01,2022,7,4,"When Gene becomes obsessed with an old handheld game, Bob offers to help with a school project, in hopes of steering his son towards more ""interesting"" pursuits. Meanwhile, Louise and Tina take over a grocery store kiddie ride.",Matthew Long,Holly Schlesinger,1.02,23,3657448,A-Sprout a Boy,"Sun, May 1, 2022","Gene becomes obsessed with an old handheld game, so Bob offers to help him with a school project in the hope of steering him towards more interesting pursuits; Louise and Tina take over a grocery store kiddie ride.",6.9,549,"https://m.media-amazon.com/images/M/MV5BYWVhNGQ5ODAtYjE4OS00YTA5LWEyMTUtNmZkOWI4YjRmYzY0XkEyXkFqcGc@._V1_QL75_UX500_CR0,0,500,281_.jpg",https://www.imdb.com/title/tt19268154/?ref_=ttep_ep_19,FALSE,NA,NA
236,12,20,Sauce Side Story,2022-05-08,2022,6.8,5,"When Louise, Gene and Tina try to track down a lost family recipe for a Mother's Day gift for Linda, first they have to navigate an old family feud.",Simon Chong & Tom Riggin,Steven Davis,0.92,23,3680026,Sauce Side Story,"Sun, May 8, 2022","Louise, Gene and Tina must navigate an old family feud when they attempt to find a lost family recipe for a Mother's Day gift for Linda.",7.4,558,"https://m.media-amazon.com/images/M/MV5BMjc0MzdhMDktMGQzMS00YmY2LWFlMDAtMzI4MzA2YWIwMDVmXkEyXkFqcGc@._V1_QL75_UX500_CR0,0,500,281_.jpg",https://www.imdb.com/title/tt19268168/?ref_=ttep_ep_20,TRUE,Susie Essman,Lorraine
237,12,21,Some Like It Bot: Eighth Grade Runner (1),2022-05-15,2022,8.5,4,"When Tina's new shirt is ridiculed by Tammy and Jocelyn in a Wagstaff News segment called ""Wow or Weird,"" she turns to her erotic friend-fiction and writes about a futuristic world in which she is a robot.",Simon Chong,Loren Bouchard & Nora Smith,1.01,23,3680027,Some Like It Bot Part 1: Eighth Grade Runner,"Sun, May 15, 2022","After Tammy and Jocelyn ridicule her new shirt, Tina turns to her erotic friend-fiction and writes about a futuristic world where she's a robot.",8.2,760,"https://m.media-amazon.com/images/M/MV5BYzNmODYyMDctNmMwYy00NzYwLTkxYzgtZDdiNWYyNTA0YTdhXkEyXkFqcGc@._V1_QL75_UX500_CR0,109,500,281_.jpg",https://www.imdb.com/title/tt19268192/?ref_=ttep_ep_21,FALSE,Jinhee Joung,Passerby 2
238,12,22,Some Like It Bot: Judge-bot Day (2),2022-05-22,2022,8,6,"Tina is on a mission that could get her into a lot of trouble. Then, her family reads her erotic friend fiction, finds out what Tina is up to and tries to stop her.",Ryan Mattos,Loren Bouchard & Nora Smith,0.93,23,3680028,Some Like It Bot Part 2: Judge-bot Day,"Sun, May 22, 2022",Tina embarks on a mission that could get her into trouble and the family tries to stop her when they read her erotic friend fiction.,7.7,644,"https://m.media-amazon.com/images/M/MV5BMzgwMzdjNGMtOTAyMC00OWYyLThhNzAtZGRmNTgzYWQ5YmYzXkEyXkFqcGc@._V1_QL75_UX500_CR0,109,500,281_.jpg",https://www.imdb.com/title/tt19268216/?ref_=ttep_ep_22,FALSE,Hannah Parikh,Computer Voice
239,13,1,"To Bob, or Not to Bob",2022-09-25,2022,7.3,6,"Bob, Linda and the kids help Mr. Fischoeder put on a play to get his brother Felix to confess to a theft. Meanwhile, Louise is jealous of Tina's hands.",Chris Song,Lizzie Molyneux-Logelin & Wendy Molyneux,1.67,22,3776327,"To Bob, or Not to Bob","Sun, Sep 25, 2022",The Belchers help Mr. Fischoeder put on a play in an attempt to make his brother Felix admit committing a theft; Louise is jealous of Tina's hands.,7.2,663,"https://m.media-amazon.com/images/M/MV5BOGUyYWJiMzctMWQ4My00ZDE3LTlhZGUtN2I0MzhjYWIwZjIzXkEyXkFqcGc@._V1_QL75_UX500_CR0,0,500,281_.jpg",https://www.imdb.com/title/tt13154524/?ref_=ttep_ep_1,FALSE,Adam Godley,Ghost
240,13,2,The Reeky Lake Show,2022-10-02,2022,8,4,"The family's Labor Day lake trip takes a turn when the Belchers find themselves trapped in their cabin, hiding from what lurks outside.",Matthew Long,Rich Rinaldi,1.06,22,3960977,The Reeky Lake Show,"Sun, Oct 2, 2022",The Belchers' Labor Day lake trip goes south when they end up trapped in their cabin hiding from what lurks outside.,7.5,685,"https://m.media-amazon.com/images/M/MV5BM2JlNzAwYTktMWYyZC00MWMxLWFkZWMtMzNmZWM5OTZmYzMxXkEyXkFqcGc@._V1_QL75_UX500_CR0,0,500,281_.jpg",https://www.imdb.com/title/tt22037754/?ref_=ttep_ep_2,TRUE,NA,NA
241,13,3,What About Job?,2022-10-09,2022,7.5,4,"A school assignment about careers sends Louise spiraling, trying to imagine what her future might hold.",Tom Riggin,Lizzie Molyneux-Logelin & Wendy Molyneux,1.68,22,3960981,What About Job?,"Sun, Oct 9, 2022",Louise imagines what her future may hold when a school assignment about careers sends her spiraling.,7.4,649,"https://m.media-amazon.com/images/M/MV5BODI1OTk2NjMtNWM4Zi00OWIyLTk2ZTAtMTY1NjA5NWJiZDhjXkEyXkFqcGc@._V1_QL75_UX500_CR0,0,500,281_.jpg",https://www.imdb.com/title/tt22053394/?ref_=ttep_ep_3,FALSE,NA,NA
242,13,4,Comet-y of Errors,2022-10-16,2022,7.5,4,"At a comet watch party, Bob tries to keep Teddy from going off the deep end, looking for signs from the universe. Meanwhile, the kids try to make their comet wishes come true.",Brian Loschiavo,Dan Fybel,0.92,22,3985162,Comet-y of Errors,"Sun, Oct 16, 2022","At a comet watch party, Teddy searches for signs from the universe and Bob tries to keep him from going off the deep end, while the Belcher kids try to make their comet wishes come true.",7.5,629,"https://m.media-amazon.com/images/M/MV5BYmQ2YzQxMWEtYTExOC00ZDczLWFiNjQtMmNkNWM5NmM3ZTkyXkEyXkFqcGc@._V1_QL75_UX500_CR0,0,500,281_.jpg",https://www.imdb.com/title/tt22246546/?ref_=ttep_ep_4,FALSE,NA,NA
243,13,5,So You Stink You Can Dance,2022-10-23,2022,7.2,5,Tina cheers Jimmy Junior on at a semi-prestigious dancing seminar while Bob and Linda compete to see who can catch the most homerun balls outside of Wonder Wharf Stadium.,Ryan Mattos,Jon Schroeder,1.49,22,3997521,So You Stink You Can Dance,"Sun, Oct 23, 2022","Tina cheers for Jimmy Junior at a semi-prestigious dancing seminar, while Bob and Linda have a bet to see which of them can catch the most home run balls outside Wonder Wharf Stadium.",6.9,613,"https://m.media-amazon.com/images/M/MV5BMzEyMjBjYTktOGZkMi00OTRhLWFhNmEtZTBjOTkzMDkzMDgxXkEyXkFqcGc@._V1_QL75_UX500_CR0,0,500,281_.jpg",https://www.imdb.com/title/tt22464980/?ref_=ttep_ep_5,FALSE,NA,NA
244,13,6,Apple Gore-chard! (But Not Gory),2022-10-30,2022,7.2,6,"Louise suspects there's something sinister afoot during a Halloween field trip to an apple orchard. Meanwhile, Tina and Gene hope to win the school costume parade.",Chris Song,Scott Jacobson,1.66,22,3997522,Apple Gore-chard! (But Not Gory),"Sun, Oct 30, 2022","Louise suspects foul play on a Halloween field trip to an apple orchard, while Tina and Gene hope to win the school costume parade.",7.2,657,"https://m.media-amazon.com/images/M/MV5BMTQzNDE4N2QtMWYxMy00NzA2LTkyOWYtMmNhOTIxYWVhOTFmXkEyXkFqcGc@._V1_QL75_UX500_CR0,0,500,281_.jpg",https://www.imdb.com/title/tt22505414/?ref_=ttep_ep_6,TRUE,NA,NA
245,13,7,Ready Player Gene,2022-11-13,2022,6.5,6,"A VR arcade opens next door and Gene spends all his money. Meanwhile, Louise and Tina try to build a menu tower taller than they ever have before.",Matthew Long,Jameel Saleem,1.65,22,4022687,Ready Player Gene,"Sun, Nov 13, 2022","Gene spends all his money at a VR arcade that opens next door to the restaurant, while Tina and Louise try to build their tallest menu tower ever.",6.8,644,"https://m.media-amazon.com/images/M/MV5BYjU2NTVjODctMzhjMC00ZTlmLThmYTgtZDdhZDI1YTAxMTY0XkEyXkFqcGc@._V1_QL75_UX500_CR0,0,500,281_.jpg",https://www.imdb.com/title/tt22689224/?ref_=ttep_ep_7,FALSE,NA,NA
246,13,8,Putts-giving,2022-11-20,2022,6.8,6,The Belchers go to a mini golf course on Thanksgiving morning.,Tom Riggin,Katie Crown,1.09,22,4033081,Putts-giving,"Sun, Nov 20, 2022",The Belchers go to a mini-golf course on Thanksgiving.,7.1,637,"https://m.media-amazon.com/images/M/MV5BNzM2MjM5MjktNWViYy00N2MzLTg1YWUtMjk4MDg3OGU1MjYyXkEyXkFqcGc@._V1_QL75_UX500_CR0,0,500,281_.jpg",https://www.imdb.com/title/tt23055074/?ref_=ttep_ep_8,TRUE,NA,NA
247,13,9,Show Mama from the Grave,2022-11-27,2022,7.7,7,"Bob takes Linda and the kids to visit his mother's grave, but finding the headstone is harder than he expected. Meanwhile, Teddy makes a grave mistake while doing repairs in the Belcher's house.",Brian Loschiavo,Holly Schlesinger,1.22,22,4054318,Show Mama from the Grave,"Sun, Nov 27, 2022","Bob takes Linda and the kids to his mother's grave, but finding the headstone is harder than he thought; Teddy makes a fatal mistake while doing repairs on the Belcher home.",8.3,858,"https://m.media-amazon.com/images/M/MV5BZmE1YTk3NmQtYzhhYS00NzcyLTg2YzEtZDljZDQyY2EzOTRiXkEyXkFqcGc@._V1_QL75_UX500_CR0,0,500,281_.jpg",https://www.imdb.com/title/tt23649562/?ref_=ttep_ep_9,FALSE,NA,NA
248,13,10,The Plight Before Christmas,2022-12-11,2022,8.5,10,Bob and Linda try to attend all three kids' holiday performances at the same time.,Chris Song,Teleplay by : Loren BouchardStory by : Kelvin Yu,1.46,22,4057782,The Plight Before Christmas,"Sun, Dec 11, 2022",Bob and Linda try to attend all the kids' holiday performances at the same time.,9.6,3300,"https://m.media-amazon.com/images/M/MV5BNGRkOTk3NjktNzBmZi00M2I0LWEwNTMtNmM4NmM5MjM5NzVjXkEyXkFqcGc@._V1_QL75_UX500_CR0,0,500,281_.jpg",https://www.imdb.com/title/tt23708680/?ref_=ttep_ep_10,TRUE,John Grady; Hrishikesh Hirway; Saeed Jones; H.E.R.,Guy with Headlamp; Rishi; Librarian; Aliah
249,13,11,Cheaty Cheaty Bang Bang,2023-01-08,2023,7.3,7,"After a student accuses her of cheating on a test, Tina needs to get back to school to clear her name, but a snowstorm traps her and her family at home.",Ryan Mattos,Steven Davis,1.35,22,4090735,Cheaty Cheaty Bang Bang,"Sun, Jan 8, 2023","Tina attempts to clear her name when a student accuses her of cheating on a test, but a snowstorm traps the Belchers in their home.",7.4,601,"https://m.media-amazon.com/images/M/MV5BOGI2ZTNmZjYtNTU2My00MzU0LThjYzUtMWE2N2Q4NmYwZDlmXkEyXkFqcGc@._V1_QL75_UX500_CR0,0,500,281_.jpg",https://www.imdb.com/title/tt24176418/?ref_=ttep_ep_11,FALSE,Tim Baltz,Billy
250,13,12,Oh Row You Didn't,2023-02-19,2023,7.2,6,A man trying to row from New Zealand to Nova Scotia visits the restaurant to have a burger and it changes everything.,Matthew Long,Rich Rinaldi,1.01,22,4121321,Oh Row You Didn't,"Sun, Feb 19, 2023",Everything changes when a man rowing from New Zealand to Nova Scotia visits the restaurant for a burger.,7.2,573,"https://m.media-amazon.com/images/M/MV5BYjE1ZjhiN2MtOTJiMC00ZWQxLWE1ZWQtNDY0NzNmYmVjZjg4XkEyXkFqcGc@._V1_QL75_UY281_CR0,0,500,281_.jpg",https://www.imdb.com/title/tt25828582/?ref_=ttep_ep_12,FALSE,NA,NA
251,13,13,Stop! Or My Mom Will Sleuth!,2023-02-26,2023,7,6,"When Louise is accused of a theft at school, Linda uses her position as school office volunteer to try and solve the case from the inside.",Tom Riggin,Dan Fybel,0.87,22,4121322,Stop! Or My Mom Will Sleuth!,"Sun, Feb 26, 2023","Louise is accused of a theft at school, so Linda uses her position as school office volunteer to solve the case.",7.4,563,"https://m.media-amazon.com/images/M/MV5BYzYwYzdhODctM2FjNS00YjAyLWExMjMtZjBjNzI4YTBmN2M4XkEyXkFqcGc@._V1_QL75_UY281_CR5,0,500,281_.jpg",https://www.imdb.com/title/tt26591158/?ref_=ttep_ep_13,FALSE,NA,NA
252,13,14,These Boots Are Made for Stalking,2023-03-05,2023,7.3,6,"When the coolest teens she's ever seen start coming into the restaurant, Tina decides she needs to be just like them. Meanwhile, Gene and Louise get into a battle of wills over stinky socks.",Brian Loschiavo,Lindsey Stoddart,0.78,22,4225932,These Boots Are Made for Stalking,"Sun, Mar 5, 2023",Tina decides to be like the coolest teens she's ever seen come into the restaurant; Gene and Louise get into a battle of wills over stinky socks.,7.6,650,"https://m.media-amazon.com/images/M/MV5BODA1MmJlMGEtNDc4YS00MzdkLTgzMTAtYTIyM2U3MzBmMTdiXkEyXkFqcGc@._V1_QL75_UY281_CR4,0,500,281_.jpg",https://www.imdb.com/title/tt26672092/?ref_=ttep_ep_14,FALSE,Jack Haven; Xosha Roquemore; Jaboukie Young-White,Nose Ring Teen; Crazy Nails Teen; Blue Haired Teen
253,13,15,The Show (And Tell) Must Go On,2023-03-12,2023,7,7,"Louise brings Tina along on a mission to find the perfect item for her last-ever Show and Tell. Meanwhile, Teddy goes overboard trying to impress a date at the restaurant.",Ryan Mattos,Jon Schroeder,0.84,22,4262563,The Show (And Tell) Must Go On,"Sun, Mar 12, 2023",Louise brings Tina on her mission to find the perfect item for her last Show and Tell ever; Teddy goes overboard trying to impress his date at the restaurant.,7.3,569,"https://m.media-amazon.com/images/M/MV5BMWUxZjVlMTctYjE3NC00ZjczLTgwOTYtY2U0NWQ4YzVkMzE3XkEyXkFqcGc@._V1_QL75_UX500_CR0,0,500,281_.jpg",https://www.imdb.com/title/tt26862538/?ref_=ttep_ep_15,FALSE,NA,NA
254,13,16,What a (April) Fool Believes,2023-03-19,2023,7.9,7,"Mr. Fischoeder challenges Bob to successfully prank him on April Fool's Day, or lose his lease.",Matthew Long,Greg Thompson,0.75,22,4273734,What a (April) Fool Believes,"Sun, Mar 19, 2023",Bob risks his lease to successfully prank Mr. Fischoeder on April Fool's Day.,8.1,639,"https://m.media-amazon.com/images/M/MV5BYTdkOTU5ZjYtY2VjNy00OWExLWEzZjEtNjVmYzY0YzViM2Q2XkEyXkFqcGc@._V1_QL75_UX500_CR0,0,500,281_.jpg",https://www.imdb.com/title/tt27003615/?ref_=ttep_ep_16,FALSE,NA,NA
255,13,17,Crows Encounters of the Bird Kind,2023-03-19,2023,6.9,7,"Tina drags Bob along on a desperate quest to earn her bird-watching badge for ThunderGirls. Meanwhile, Louise and Gene try to keep their new restaurant game a secret from Linda.",Chris Song,Scott Jacobson,0.81,22,4273736,Crows Encounters of the Bird Kind,"Sun, Mar 19, 2023",Tina brings Bob on her quest to earn her ThunderGirls bird-watching badge; Louise and Gene try to keep their new restaurant game a secret from Linda.,7.3,551,"https://m.media-amazon.com/images/M/MV5BNGY2ZWM1OWUtZGY0NC00OTFmLWE5NzQtZmI1NzNlZDIxOGIwXkEyXkFqcGc@._V1_QL75_UX500_CR0,0,500,281_.jpg",https://www.imdb.com/title/tt27003633/?ref_=ttep_ep_17,FALSE,NA,NA
256,13,18,Gift Card or Buy Trying,2023-04-16,2023,7.1,7,"When a customer leaves a $100 gift card as a tip, Bob, Linda and the kids go on a $20-each shopping spree, and Gene has an awkward run-in with a former friend.",Tom Riggin,Jameel Saleem,0.67,22,4306823,Gift Card or Buy Trying,"Sun, Apr 16, 2023",The Belchers go on a $20-each shopping spree when a customer leaves a $100 gift card as a tip and Gene has an awkward meeting with an old friend.,7.2,560,"https://m.media-amazon.com/images/M/MV5BNDFkY2Y0MmUtZWYyOS00MGY5LWI0NjAtNTAzNDc3ZjQyMjcwXkEyXkFqcGc@._V1_QL75_UX500_CR0,0,500,281_.jpg",https://www.imdb.com/title/tt27263244/?ref_=ttep_ep_18,FALSE,Brandon Fobbs; Tim Gunn,Attendant 2; Sewing Machine
257,13,19,Crab-solutely Fabulous,2023-04-23,2023,6.5,8,"The kids become a part of a crustacean-themed wrestling show. Meanwhile, Linda tries to form a 21-day habit.",Brian Loschiavo,Katie Crown,0.8,22,4341349,Crab-solutely Fabulous,"Sun, Apr 23, 2023",The Belcher kids join a crustacean-themed wrestling show; Linda tries to form a 21-day habit.,6.7,593,"https://m.media-amazon.com/images/M/MV5BMjU1N2U2ODgtZjVhNy00MTkzLTk4M2ItZGJlOGE2OTM4Y2QxXkEyXkFqcGc@._V1_QL75_UX500_CR0,0,500,281_.jpg",https://www.imdb.com/title/tt27422384/?ref_=ttep_ep_19,FALSE,Jane Lynch,Carol
258,13,20,Radio No You Didn't,2023-04-30,2023,6.8,6,"Bob tells Linda and the kids the story behind an old, broken radio that used to belong to his grandmother Alice and the part it played in her discovery that a German spy lived in her building.",Ryan Mattos,Holly Schlesinger,0.82,22,4343375,Radio No You Didn't,"Sun, Apr 30, 2023","Bob tells Linda and the kids the story of how an old, broken radio that belonged to his grandmother Alice helped her discover that a German spy lived in her building.",7.9,723,"https://m.media-amazon.com/images/M/MV5BNDI4ZjA4ZWMtOTcyNS00MjgxLThkMjQtOTAwZDllOWYzOGM5XkEyXkFqcGc@._V1_QL75_UX500_CR0,0,500,281_.jpg",https://www.imdb.com/title/tt27425603/?ref_=ttep_ep_20,FALSE,Cristin Milioti,Alice
259,13,21,Mother Author Laser Pointer,2023-05-14,2023,6.9,7,"Linda almost totally accidentally kidnaps a children’s book author. Meanwhile, the kids help Mr. Frond try to get his cat out of a tree in front of the school.",Chris Song,Lindsey Stoddart,0.72,22,4353800,Mother Author Laser Pointer,"Sun, May 14, 2023",Linda very nearly kidnaps a children's book author by accident; the Belcher kids try to help Mr. Frond get his cat out of a tree in front of the school.,6.8,604,"https://m.media-amazon.com/images/M/MV5BYzVjZWNhYzQtZWQzNi00OWYzLThhMjMtYmM0NjQ4NWVlYzRlXkEyXkFqcGc@._V1_QL75_UY281_CR21,0,500,281_.jpg",https://www.imdb.com/title/tt27440176/?ref_=ttep_ep_21,FALSE,NA,NA
260,13,22,Amelia,2023-05-21,2023,7.9,7,Louise takes a class assignment - and a few unhelpful comments by Wayne - very personally. And Bob hires a masseur-in-training to give Linda a massage for Mother's Day.,Matthew Long & Brian Loschiavo,Loren Bouchard,0.72,22,4353802,Amelia,"Sun, May 21, 2023",Louise takes a class assignment - and some unhelpful comments from Wayne - personally; Bob hires a masseur-in-training to massage Linda for Mother's Day.,9,1400,"https://m.media-amazon.com/images/M/MV5BOWM2ZTk3MDgtZGQ0Yy00MTVjLTk0MjUtYzMyZjc3Mjg5YzRiXkEyXkFqcGc@._V1_QL75_UX500_CR0,0,500,281_.jpg",https://www.imdb.com/title/tt27440179/?ref_=ttep_ep_22,TRUE,Paul Reubens; Jackie Quinn,Pat; Benj
261,14,1,Fight at the Not Okay Chore-ral,2023-10-01,2023,6.1,8,"When Linda and Bob suggest the kids do chores, the family ends up in a showdown.",Bernard Derriman,Nora Smith,1.23,22,4441463,Fight at the Not Okay Chore-ral,"Sun, Oct 1, 2023",The Belchers end up in a showdown when Bob and Linda suggest the kids do chores.,6.8,701,"https://m.media-amazon.com/images/M/MV5BMzRiZDQ5NmYtYWRjNC00NWIwLWEwNGEtYTY5MWUxMmYwZmM3XkEyXkFqcGc@._V1_QL75_UY281_CR1,0,500,281_.jpg",https://www.imdb.com/title/tt26457875/?ref_=ttep_ep_1,FALSE,NA,NA
262,14,2,The Amazing Rudy,2023-10-08,2023,7.4,8,Rudy attends an important dinner. The Belchers make an important casserole.,Ryan Mattos,Lizzie Molyneux-Logelin & Wendy Molyneux,0.82,21,4650464,The Amazing Rudy,"Sun, Oct 8, 2023",Rudy attends an important dinner; the Belchers make a casserole.,9.1,1700,"https://m.media-amazon.com/images/M/MV5BYmRjOTdhY2YtZWMzMS00YjU0LTg5NDQtYTlmZWVmNGUxZDA5XkEyXkFqcGc@._V1_QL75_UX500_CR0,0,500,281_.jpg",https://www.imdb.com/title/tt29141866/?ref_=ttep_ep_2,FALSE,Sheryl Lee Ralph,Esmeralda
263,14,3,The Pickleorette,2023-10-22,2023,7.2,5,"Bob and Linda help Gretchen throw her sister's bachelorette party. Meanwhile, Tina forces Gene and Louise to play a board game they found on the street.",Chris Song,Steven Davis,0.78,22,4650462,The Pickleorette,"Sun, Oct 22, 2023",Bob and Linda help Gretchen throw her sister's bachelorette party; Tina forces Gene and Louise to play a board game they find on the street.,7.3,616,"https://m.media-amazon.com/images/M/MV5BYzkyMDM4YWMtOWZlNC00MDE3LWJmNjItNWZiZWM4M2IzNzk3XkEyXkFqcGc@._V1_QL75_UX500_CR0,0,500,281_.jpg",https://www.imdb.com/title/tt29379938/?ref_=ttep_ep_3,FALSE,NA,NA
264,14,4,Running Down a Gene,2023-10-29,2023,7,6,"Gene tries to learn how to lucid dream in order to recover the world's most perfect song that he wrote while asleep. Meanwhile, Louise and Tina try to trap a cricket whose chirping is keeping Linda up at night.",Matthew Long,Holly Schlesinger,0.91,22,4650461,Running Down a Gene,"Sun, Oct 29, 2023",Gene tries to lucid dream so he can remember the perfect song he wrote in his sleep; Louise and Tina try to catch a cricket that's keeping Linda up at night with its chirping.,7.1,582,"https://m.media-amazon.com/images/M/MV5BNWFiZDlhNTMtYzE1Mi00ZDc3LTg2NTUtMmUxOWM0NWNjNjhmXkEyXkFqcGc@._V1_QL75_UX500_CR0,0,500,281_.jpg",https://www.imdb.com/title/tt29379944/?ref_=ttep_ep_4,FALSE,NA,NA
265,14,5,Bully-ieve It or Not,2023-11-05,2023,8,6,"The Belcher kids learn a secret about Zeke's past, while Bob rekindles his feud with Jimmy Pesto.",Brian Loschiavo,Jon Schroeder,1.56,22,4650465,Bully-ieve It or Not,"Sun, Nov 5, 2023","The Belcher kids uncover a secret about Zeke's past, while Bob rekindles his feud with Jimmy Pesto.",7.3,608,"https://m.media-amazon.com/images/M/MV5BMGY2NGVkMGUtYzMwNi00YTE1LThjNGQtYjNiZTA5YTEyMDlkXkEyXkFqcGc@._V1_QL75_UX500_CR0,0,500,281_.jpg",https://www.imdb.com/title/tt29387714/?ref_=ttep_ep_5,FALSE,NA,NA
266,14,6,Escape from Which Island?,2023-11-12,2023,7.5,4,"Mr. Fischoeder enlists Bob to be his personal chef for a glamping trip on his exclusive club's secret island. Meanwhile, Linda gives the kids a crash-course on cocktail party etiquette.",Chris Song,Rich Rinaldi,1.43,22,4650466,Escape from Which Island?,"Sun, Nov 12, 2023","Mr. Fischoeder enlists Bob to be his personal chef for a glamping trip on his exclusive club's secret island. Meanwhile, Linda gives the kids a crash-course on cocktail party etiquette.",7.5,615,"https://m.media-amazon.com/images/M/MV5BOWNlMzBjYTYtMWNmNy00ZWM3LThiNTUtNWZkYjYyZTQwOWJlXkEyXkFqcGc@._V1_QL75_UX500_CR0,0,500,281_.jpg",https://www.imdb.com/title/tt29622450/?ref_=ttep_ep_6,FALSE,NA,NA
267,14,7,The (Raccoon) King and I,2023-11-19,2023,7.7,6,"During a neighborhood block party, Linda makes a mistake that could threaten the life of her favorite alley raccoon.",Ryan Mattos,Scott Jacobson,0.86,21,4650467,The (Raccoon) King and I,"Sun, Nov 19, 2023",Linda makes a mistake during a neighborhood block party that could endanger the life of her favorite alley raccoon.,7.1,562,"https://m.media-amazon.com/images/M/MV5BNGIwMmJkZGUtM2EzNi00YjcxLTkxNDEtNmY3NjAxZGQ4MmRjXkEyXkFqcGc@._V1_QL75_UY281_CR2,0,500,281_.jpg",https://www.imdb.com/title/tt29732135/?ref_=ttep_ep_7,FALSE,Julian Barratt; Retta,Ian; Animal Control Officer
268,14,8,"Wharf, Me Worry?",2023-11-26,2023,6.7,3,"During their special day at the wharf with Big Bob, the kids get into trouble with the Wharf's newest fortune-telling giant clam.",Matthew Long,Katie Crown,0.87,22,4650468,"Wharf, Me Worry?","Sun, Nov 26, 2023","The Belcher kids spend a special day with Big Bob at the Wharf, where they get into trouble with its new fortune-telling giant clam.",7.2,533,"https://m.media-amazon.com/images/M/MV5BMmE2YWQ2MDAtZmMwNi00MDk0LWI0NmItOWVmYmRjNWY2MGQ3XkEyXkFqcGc@._V1_QL75_UX500_CR0,0,500,281_.jpg",https://www.imdb.com/title/tt29865867/?ref_=ttep_ep_8,FALSE,NA,NA
269,14,9,Fraud of the Dead: Zombie-docu-pocalypse,2023-12-03,2023,7.6,5,A documentary film profiling world class archer Louise Belcher is interrupted by unexpected visitors.,Brian Loschiavo,Jameel Saleem,1.3,22,4650469,Fraud of the Dead: Zombie-Docu-Pocalypse,"Sun, Dec 3, 2023",A documentary film profiling Louise as a world-class archer is interrupted by unexpected visitors.,8,697,"https://m.media-amazon.com/images/M/MV5BOWRhN2ZhYzEtNjRlZi00MjI3LWI4OTgtZjg0ZjA3YTlkZDNhXkEyXkFqcGc@._V1_QL75_UY281_CR3,0,500,281_.jpg",https://www.imdb.com/title/tt30028400/?ref_=ttep_ep_9,FALSE,NA,NA
270,14,10,The Nightmare 2 Days Before Christmas,2023-12-17,2023,7.7,3,"When the power goes out two days before Christmas, The Belchers must spend the holiday at Mr. Fischoeder's family's old hunting lodge.",Ryan Mattos,Lindsey Stoddart,1.5,21,4898493,The Nightmare 2 Days Before Christmas,"Sun, Dec 17, 2023",The Belchers are forced to spend Christmas at Mr. Fischoeder's old hunting lodge when the power goes out two days before the holiday.,7.7,581,"https://m.media-amazon.com/images/M/MV5BY2Y5NjFmOGUtZmM5OC00MmUyLWI1ZGEtMWQyYmZiY2RhMGUxXkEyXkFqcGc@._V1_QL75_UY281_CR8,0,500,281_.jpg",https://www.imdb.com/title/tt29804427/?ref_=ttep_ep_10,TRUE,Mike Ivy,Bernie the Electrician
271,14,11,Mission Impossi-Bob,2024-01-07,2024,7.9,7,"Teddy gets stuck in an underground survival bunker, and he calls on Bob to find him and get him out.",Chris Song,Steven Davis,0.98,22,4939490,Mission Impossi-Bob,"Sun, Jan 7, 2024",Teddy gets stuck in an underground survival bunker and calls on Bob to get him out.,7.5,560,"https://m.media-amazon.com/images/M/MV5BMWE5OWMwN2ItYTIwZS00MjI2LTgzZjItMWI0MWFjZmI5ZGJiXkEyXkFqcGc@._V1_QL75_UX500_CR0,0,500,281_.jpg",https://www.imdb.com/title/tt30129655/?ref_=ttep_ep_11,FALSE,David Alan Grier,Harry
272,14,12,Jade in the Shade,2024-03-10,2024,7.6,5,"On a tour of the town's bootlegging history, Linda and Louise stumble into a treasure-hunting adventure. Meanwhile, Bob, Tina and Gene play host to a group of street performers looking to settle a beef.",Matthew Long,Jon Schroeder,0.79,22,5165370,Jade in the Shade,"Sun, Mar 10, 2024","Linda and Louise stumble into a treasure-hunting adventure on a tour of the town's bootlegging history; Bob, Tina and Gene play host to a group of street performers looking to settle a beef.",7.8,485,"https://m.media-amazon.com/images/M/MV5BYjVmZmFkZDctNGE2MC00OWM0LTk3NjItMTAzMDVmYjY4ZGYzXkEyXkFqcGc@._V1_QL75_UY281_CR1,0,500,281_.jpg",https://www.imdb.com/title/tt31450468/?ref_=ttep_ep_12,FALSE,David Zayas,Bubble Master
273,14,13,Butt Sweat and Fears,2024-05-19,2024,7.4,5,"Tina is determined to get some upper butt action at Chelsea's party, but in her attempts to dry off her nervous butt sweat, her skirt ends up stuck in the dryer. Meanwhile, Teddy tries to get in on the family's competition of building objects from the basement trash.",Brian Loschiavo,Holly Schlesinger,0.59,22,5192306,Butt Sweat and Fears,"Sun, May 19, 2024","Tina gets her skirt stuck in the dryer when she tries to dry off her butt sweat at Chelsea's party, where she anticipates upper butt action; Teddy tries to join the Belchers' competition of building objects from the basement trash.",7.6,484,"https://m.media-amazon.com/images/M/MV5BZDA2OTYxMmMtZTc2NC00NDI1LWJjOGItZTNmMjllNzY3OWVmXkEyXkFqcGc@._V1_QL75_UY281_CR2,0,500,281_.jpg",https://www.imdb.com/title/tt32143987/?ref_=ttep_ep_13,FALSE,NA,NA
274,14,14,The Big Stieblitzki,2024-09-08,2024,7.3,3,"When the family gets invited to Rudy's father's birthday party, they scramble to make him look better than Paul, who's trying to hit on Rudy's mother. Meanwhile, Tina attempts to convince a woman to commit to a relationship with Rudy's father.",Ryan Mattos,Scott Jacobson,1.91,22,5550632,The Big Stieblitzki,"Sun, Sep 8, 2024",The Belchers get invited to Rudy's father's birthday party and try to make him look better than Rudy's Mom's new boyfriend; Tina attempts to convince a woman to commit to a relationship with Rudy's father.,7.6,421,"https://m.media-amazon.com/images/M/MV5BOGZmMmFkOTAtMTNlOS00MjQ1LWE3YTgtY2JmYjY4MDEzNzg2XkEyXkFqcGc@._V1_QL75_UX500_CR0,0,500,281_.jpg",https://www.imdb.com/title/tt32952069/?ref_=ttep_ep_14,FALSE,Blair Socci,Rachel
275,14,15,The Right Tough Stuff,2024-09-15,2024,7.7,3,"When Gayle tells the family she's sending in an audition tape to be on Tough Stuff Island, Linda is determined to make her tape boring to save her from being humiliated on a rejection reel. Bob struggles with his new electric grinder while the kids secretly attempt to make Gayle's tape more interesting.",Chris Song,Rich Rinaldi,0.77,22,5550635,The Right Tough Stuff,"Sun, Sep 15, 2024","When Gayle tells the Belchers about her plans to send an audition tape for Tough Stuff Island, Linda tries to make her tape boring and the kids try to make it more interesting; Bob struggles with his new electric grinder.",7.6,415,"https://m.media-amazon.com/images/M/MV5BZmI5ZGEwODctODkyMS00MGE0LTkxNTEtY2FkOTRjZjM3Njg4XkEyXkFqcGc@._V1_QL75_UX500_CR0,0,500,281_.jpg",https://www.imdb.com/title/tt32952110/?ref_=ttep_ep_15,FALSE,NA,NA
276,14,16,To Catch a Beef,2024-09-22,2024,7.3,3,"When Bosco goes to Bob needing to learn how to make a burger for an undercover mission to oust criminal and burger joint owner Vincent Balicki, it becomes obvious that the sergeant is severely lacking in cooking knowledge. As Bob's family constantly halts any progress in Bob's lessons, Bosco, still unseasoned, goes to his interview, only to meet with his potential criminal employer again back at Bob's Burgers for a spontaneous burger-making test.",Matthew Long,Jameel Saleem,0.99,22,5550639,To Catch a Beef,"Sun, Sep 22, 2024",Sergeant Bosco goes to Bob to learn how to cook burgers for an undercover mission to oust criminal burger joint owner Vincent Balicki.,7.8,427,"https://m.media-amazon.com/images/M/MV5BZTg0NDFjMDEtOTQxYS00NmEwLWI1NmYtODQ1YmM2OTgzNmNlXkEyXkFqcGc@._V1_QL75_UX500_CR0,0,500,281_.jpg",https://www.imdb.com/title/tt32952214/?ref_=ttep_ep_16,FALSE,NA,NA
277,15,1,The Tina Table: The Tables Have Tina-Ed,2024-09-29,2024,8.2,4,"Tina attempts to save her school news segment by interviewing Mr. Frond about his revolutionary new computer game. Meanwhile, Bob and Linda entertain Teddy by making up the plots to popular horror movies they haven't seen.",Bernard Derriman,Greg Thompson,0.72,22,5431064,The Tina Table: The Tables Have Tina-ed,"Sun, Sep 29, 2024",Tina interviews Mr. Frond about his revolutionary computer game in an attempt to save her school news segment; Bob and Linda make up the plots to popular horror movies they haven't seen to entertain Teddy.,7.5,487,"https://m.media-amazon.com/images/M/MV5BZjNlMjg4ZDktNmJhZC00OTVlLWJmMDctMjJmMjAzZGRkMDRkXkEyXkFqcGc@._V1_QL75_UX500_CR0,0,500,281_.jpg",https://www.imdb.com/title/tt26457876/?ref_=ttep_ep_1,FALSE,NA,NA
278,15,2,Saving Favorite Drive-In,2024-10-06,2024,8.7,3,"When the Belchers visit the local drive-in, Bob comes up with a plan to save the theater from closing. Meanwhile, Linda accidentally insults another mom while on a group text chain, and Louise and Gene hide from Tina after stealing some of her favorite candy.",Brian Loschiavo,Katie Crown,0.75,22,5484010,Saving Favorite Drive-In,"Sun, Oct 6, 2024",Bob comes up with a plan to save the local drive-in theater from closing; Linda accidentally insults another mom on a group text chain; Louise and Gene hide from Tina when they steal some of her favorite candy.,8,517,"https://m.media-amazon.com/images/M/MV5BM2E4ZjQ3YmItYjkwOS00OWQ5LThkMjAtZjNjNzUzYWMyOGE2XkEyXkFqcGc@._V1_QL75_UX500_CR0,0,500,281_.jpg",https://www.imdb.com/title/tt33482013/?ref_=ttep_ep_2,FALSE,Paulina Alexis; Pam Grier; Nasser Samara,Ramona; Evelyn; Quinn
279,15,3,Colon-ly the Dronely,2024-10-20,2024,8,4,"Linda agrees to drive Teddy to pick up Kathleen from her colonoscopy after he accidentally injures himself. Meanwhile, the kids concoct a scheme to prank an overhead drone which is set to film the school from above.",Ryan Mattos,Lindsey Stoddart,1.38,21,5484012,Colon-ly the Dronely,"Sun, Oct 20, 2024",Linda drives Teddy to help him pick up Kathleen from her colonoscopy after he hurts himself; the Belcher kids plan to prank a drone that's set to film the school from above.,7.7,479,"https://m.media-amazon.com/images/M/MV5BOWU2NTY2YzYtNDViMS00NjY1LWEzYTYtMjViYjkxMzY4ODI3XkEyXkFqcGc@._V1_QL75_UX500_CR0,0,500,281_.jpg",https://www.imdb.com/title/tt33621285/?ref_=ttep_ep_3,FALSE,Janine Harouni; Lina Hayek; Piter Marek; Laith Nakli,Dania; Hana; Sam; Papou
280,15,4,For Whom the Doll Toes,2024-10-27,2024,8.4,5,It's a mystery within a mystery as Louise stages a murder mystery in a creepy old dollhouse store for reasons that she has trouble explaining.,Simon Chong,Loren Bouchard,0.71,22,5484018,For Whom the Doll Toes,"Sun, Oct 27, 2024",Louise stages a murder mystery in a creepy old dollhouse store for reasons she can't explain.,8,542,"https://m.media-amazon.com/images/M/MV5BODYwNjEzMjYtYmU4Zi00YTY1LTkyZWEtMTJlMzhmNjFhNjcxXkEyXkFqcGc@._V1_QL75_UX500_CR0,0,500,281_.jpg",https://www.imdb.com/title/tt33848067/?ref_=ttep_ep_4,FALSE,NA,NA
281,15,5,Don't Stop Be-Cheesin,2024-11-03,2024,8,4,"Louise trains Tina to be the last student standing during an all-out cheese throwing battle against the other eighth graders. Meanwhile, Bob and Teddy teach Linda how to successfully eavesdrop on customers' conversations without getting caught.",Chris Song,Dan Fybel,1.05,22,5550659,Don't Stop Be-Cheesin,"Sun, Nov 3, 2024",Louise trains Tina to be the last student standing in a cheese throwing fight against the other eighth graders; Bob and Teddy teach Linda how to eavesdrop on customers' conversations without getting caught.,7.7,466,"https://m.media-amazon.com/images/M/MV5BMTEyNDY4YjMtZWYyNi00MThlLThkNmEtYmY0NDA1ZGJkZGZmXkEyXkFqcGc@._V1_QL75_UY281_CR0,0,500,281_.jpg",https://www.imdb.com/title/tt34207632/?ref_=ttep_ep_5,FALSE,NA,NA
282,15,6,Hope N' Mic Night,2024-11-10,2024,8.25,4,"The kids want to host an open mic night at the restaurant, but the hidden costs keep mounting and Bob worries that this night will ruin them.",Simon Chong,Loren Bouchard,0.71,22,5550662,Hope N' Mic Night,"Sun, Nov 10, 2024","The kids want to host an open mic night at the restaurant, but the hidden costs keep mounting and Bob worries it'll ruin them.",8.3,628,"https://m.media-amazon.com/images/M/MV5BOTM0YTExMjAtZTgwZS00YTRlLWIzNDQtZjc2NWFkMzgyYTQwXkEyXkFqcGc@._V1_QL75_UX500_CR0,0,500,281_.jpg",https://www.imdb.com/title/tt34357665/?ref_=ttep_ep_6,FALSE,Connor Ratliff,Fire Marshal
283,15,7,Boogie Days,2024-11-24,2024,8.25,4,Bob's past comes back to haunt him when Louise signs up for a father-daughter boogie board contest.,Brian Loschiavo,Jon Schroeder,1.32,22,5721644,Boogie Days,"Sun, Nov 24, 2024",Bob's past comes back to haunt him when Louise signs up for a father-daughter boogie board contest.,7.4,422,"https://m.media-amazon.com/images/M/MV5BM2VhZGQ0MTYtNTZhZi00OWEzLTkxNWQtMGY3MjA3OTI1Y2NhXkEyXkFqcGc@._V1_QL75_UY281_CR2,0,500,281_.jpg",https://www.imdb.com/title/tt34512189/?ref_=ttep_ep_7,FALSE,Faruq Tauheed,Lou
284,15,8,"They Slug Horses, Don't They?",2024-12-08,2024,8.5,2,"Tina and Louise get into an argument that escalates across several graphic ""apology"" cards.",Bernard Derriman,Nora Smith,1.03,22,5783294,"They Slug Horses, Don't They?","Sun, Dec 8, 2024","Tina and Louise get into an argument that escalates across several graphic ""apology"" cards.",8.4,733,"https://m.media-amazon.com/images/M/MV5BOTZjZThkNjMtOTRmMC00ZGY0LWI1NGQtNDk1N2M1MzJjZDhjXkEyXkFqcGc@._V1_QL75_UX500_CR0,0,500,281_.jpg",https://www.imdb.com/title/tt34730473/?ref_=ttep_ep_8,FALSE,NA,NA
285,15,9,Dog Christmas Day After Afternoon,2024-12-15,2024,9,2,"A family trip to see Christmas lights turns into a rescue mission, in more ways than one.",Chris Song,Steven Davis,1.16,22,5783299,Dog Christmas Day After Afternoon,"Sun, Dec 15, 2024",The Belchers' family trip to see Christmas lights becomes a rescue mission in more ways than one.,8.1,462,"https://m.media-amazon.com/images/M/MV5BMzFmYTkyYzktOTI0Yy00ZjVhLTgzM2MtNmY2NjY4ZDI4NzJhXkEyXkFqcGc@._V1_QL75_UY281_CR1,0,500,281_.jpg",https://www.imdb.com/title/tt34791042/?ref_=ttep_ep_9,TRUE,NA,NA
286,15,10,Advice Things Are Ad-nice,2024-12-29,2024,9,2,Tina becomes the new advice columnist for the school newspaper. Teddy takes on more than he can handle when he volunteers to build a float for the Bounty of the Bay Parade.,Ryan Mattos,Holly Schlesinger,1.2,22,5832759,Advice Things Are Ad-nice,"Sun, Dec 29, 2024",Tina becomes the new advice columnist for the school newspaper; Teddy takes on more than he can handle when he volunteers to build a float for the Bounty of the Bay Parade.,7.4,393,"https://m.media-amazon.com/images/M/MV5BNzI4YmI5OTEtOWE0My00ZGFmLWEyZjYtZjNmMWU1NzEzOWQ5XkEyXkFqcGc@._V1_QL75_UY281_CR0,0,500,281_.jpg",https://www.imdb.com/title/tt34984702/?ref_=ttep_ep_10,FALSE,NA,NA
287,15,11,Mr. Fischoeder's Opus,2025-05-18,2025,7,2,"When the Belchers' landlord, Mr. Fischoeder, offers them two months free rent in exchange for catering an important reception at his house, the family must do everything they can to ensure the event goes perfectly.",Brian Loschiavo,Scott Jacobson,0.52,22,6170147,Mr. Fischoeder's Opus,"Sun, May 18, 2025","Mr. Fischoeder offers the Belchers two months free rent in exchange for catering an important reception at his house, so the family does everything they can to make sure the event goes perfectly.",7.7,367,"https://m.media-amazon.com/images/M/MV5BMDdkMDQxOGEtZWRkOC00YWM2LThiYTYtYTY1OGU3ZTI1YzQ1XkEyXkFqcGc@._V1_QL75_UX500_CR0,0,500,281_.jpg",https://www.imdb.com/title/tt36684224/?ref_=ttep_ep_11,FALSE,Stephen Root,Jackson
288,15,12,Like a Candle in the Gym,2025-05-29,2025,7,2,"The Belchers run into Coach Blevins while on a family walk and find him selling sweat-scented candles, which Gene and Louise discover to be a cover for Blevins' scheme to sell sweat samples for DNA mining.",Chris Song,Lindsey Stoddart,0.64,22,6182805,Like a Candle in the Gym,"Thu, May 29, 2025","Linda forces the Belchers to go on a family walk, during which the kids stumble onto a conspiracy theory about their gym teacher, Coach Blevins.",7.3,338,"https://m.media-amazon.com/images/M/MV5BMzBjZDRiNzgtODc3My00NGY4LTlmYWItNmU5NTNkZGFiOGJjXkEyXkFqcGc@._V1_QL75_UX500_CR0,0,500,281_.jpg",https://www.imdb.com/title/tt36861477/?ref_=ttep_ep_12,FALSE,NA,NA
289,15,13,Snackface,2025-06-05,2025,7.5,2,"Tina, Gene and Louise strike it rich in the illegal snack business at school, but the addition of a new member to their ""cartel"" threatens to destroy it.",Ryan Mattos,Rich Rinaldi,0.53,22,6182808,Snackface,"Thu, Jun 5, 2025","Louise starts an illegal snack trade at school with Gene and Tina, but tensions rise when a rival snack business emerges; Bob and Linda face a laptop crisis, forcing them to choose between family memories and bookkeeping records.",7.7,328,"https://m.media-amazon.com/images/M/MV5BMmVlNDRlNTItZDI4OC00NmMwLTg5OWItZDk4MjdlYWM3MGQ1XkEyXkFqcGc@._V1_QL75_UX500_CR0,0,500,281_.jpg",https://www.imdb.com/title/tt36980689/?ref_=ttep_ep_13,FALSE,Sam Richardson,Dave
290,15,14,The Place Beyond the Pinecones,2025-06-12,2025,7,2,"Tina and the Thundergirls spend the night in the woods, and Tina faces something even scarier than her nemesis, Troop 257.",Brian Loschiavo,Katie Crown,0.8,22,6243584,The Place Beyond the Pinecones,"Thu, Jun 12, 2025","Tina embarks on a scavenger hunt for the ""golden pinecone"" during an overnight orienteering trip and gets trapped in an etiquette camp for good girls when she and her fellow Thundergirls get lost in the woods.",7.6,347,"https://m.media-amazon.com/images/M/MV5BOTk0ODYyMGMtNzQ5Ni00M2M0LWI5NTMtYTA1ZDQ3MGY1MDliXkEyXkFqcGc@._V1_QL75_UX500_CR0,0,500,281_.jpg",https://www.imdb.com/title/tt36980733/?ref_=ttep_ep_14,FALSE,NA,NA
291,15,15,The Lost City of Atlantic,2025-06-19,2025,7,2,The Belchers have a wild night at a casino and Linda learns more about her late grandfather than she wanted to know.,Chris Song,Dan Fybel,0.71,22,6243585,The Lost City of Atlantic,"Thu, Jun 19, 2025",The Belchers have a wild night at a casino and Linda learns more about her late grandfather than she wanted to know.,8.2,399,"https://m.media-amazon.com/images/M/MV5BNTlhZmFiNjktMDdmOS00N2EzLWE2NzQtODQxY2M4NGFkMTU2XkEyXkFqcGc@._V1_QL75_UX500_CR0,0,500,281_.jpg",https://www.imdb.com/title/tt36981015/?ref_=ttep_ep_15,FALSE,Maggie Wheeler,Shirley
292,15,16,The Shell Game,2025-07-03,2025,7,2,Bob competes in a Bachelor-style competition to inherit Mr. Fischoeder's 100-year-old giant tortoise.,Chris Song,Greg Thompson,0.58,22,6296192,The Shell Game,"Thu, Jul 3, 2025",Bob competes in a Bachelor-style competition to inherit Mr. Fischoeder's 100-year-old giant tortoise.,7.3,322,"https://m.media-amazon.com/images/M/MV5BZjVhMDRkOWYtZmYwMS00ZWFkLTgyOWItZWY1MDMwNDk2NGMyXkEyXkFqcGc@._V1_QL75_UX500_CR0,0,500,281_.jpg",https://www.imdb.com/title/tt37338247/?ref_=ttep_ep_16,FALSE,NA,NA
293,15,17,Wild Steal-ions,2025-07-10,2025,6.5,2,Tina's lost book of semi-erotic Horse-torical Fiction lands in the hands of a mysterious stranger with nefarious intentions.,Ian Hamilton,Brian Wylie,0.68,22,6330492,Wild Steal-ions,"Thu, Jul 10, 2025",Tina's lost book of semi-erotic Horse-torical Fiction lands in the hands of a mysterious stranger with nefarious intentions.,7.2,358,"https://m.media-amazon.com/images/M/MV5BZTJkNTVmMzEtOTEyNS00MGUwLTk1ODgtZTk5YTQ4MGRmNzU0XkEyXkFqcGc@._V1_QL75_UX500_CR0,0,500,281_.jpg",https://www.imdb.com/title/tt37338459/?ref_=ttep_ep_17,FALSE,Mitra Jouhari,Regan
294,15,18,"Don't Worry, Be Hoopy",2025-07-17,2025,6.5,2,Tina must confront her fear and her past when she advances to the County Finals of a national free throw competition.,Ryan Mattos,Lindsey Stoddart,0.6,22,6342697,"Don't Worry, Be Hoopy","Thu, Jul 17, 2025",Tina must confront her fear and her past when she advances to the County Finals of a national free throw competition.,7.3,316,"https://m.media-amazon.com/images/M/MV5BM2UyMWE1NWYtYjI3OS00ODJjLTg0MTYtNDkxYjA4MDlhMzExXkEyXkFqcGc@._V1_QL75_UX500_CR0,0,500,281_.jpg",https://www.imdb.com/title/tt37468577/?ref_=ttep_ep_18,FALSE,NA,NA
295,15,19,The Dead Bo-ats Society,2025-07-31,2025,7,2,"The kids explore a marine scrapyard in search of adventure, but the trip takes a dangerous turn.",Ryan Mattos,Jameel Saleem,0.62,22,6342698,The Dead Bo-ats Society,"Thu, Jul 31, 2025","The kids explore a marine scrapyard in search of adventure, but the trip takes a dangerous turn.",7.7,288,"https://m.media-amazon.com/images/M/MV5BMGM0NWQ3ZDAtYzZhNy00YWYwLWJhZWItN2FjOGIzMjdlYWI2XkEyXkFqcGc@._V1_QL75_UX500_CR0,0,500,281_.jpg",https://www.imdb.com/title/tt37543506/?ref_=ttep_ep_19,FALSE,NA,NA
296,15,20,Dad-urday Kite Fever,2025-07-31,2025,7,2,"When Big Bob brings over a kite from Bob's childhood, Bob is determined to fly it with his kids. Meanwhile, Teddy seeks Linda's help in rehearsing for a play.",Brian Loschiavo,Scott Jacobson,0.51,22,6376375,Dad-urday Kite Fever,"Thu, Jul 31, 2025",Bob is determined to fly a kite from his childhood with his kids; Teddy asks Linda for help rehearsing for a play.,7.5,289,"https://m.media-amazon.com/images/M/MV5BYzAzNDg2OTQtNjUxOS00YWNlLTk0NmUtNzAwZWNkNmY2OTJjXkEyXkFqcGc@._V1_QL75_UX500_CR0,0,500,281_.jpg",https://www.imdb.com/title/tt37543509/?ref_=ttep_ep_20,FALSE,NA,NA
297,15,21,Mr. Safebody,2025-08-07,2025,7,2,Louise's schoolmate Arnold enlists her to direct a promotional video for his new bodyguarding business; a stolen car blasting 90's alternative rock is abandoned outside of the restaurant.,Chris Song,Steven Davis,0.68,22,6376376,Mr. Safebody,"Thu, Aug 7, 2025",Louise's schoolmate Arnold enlists her to direct a promotional video for his new bodyguarding business; a stolen car blasting 90's alternative rock is abandoned outside of the restaurant.,7.1,265,"https://m.media-amazon.com/images/M/MV5BY2EzMTc3ZDQtNDFmZS00MDE5LTgyYWItNmZjZTVkYjYxNzQwXkEyXkFqcGc@._V1_QL75_UX500_CR0,0,500,281_.jpg",https://www.imdb.com/title/tt37592952/?ref_=ttep_ep_21,FALSE,NA,NA
298,15,22,InsomniBob,2025-08-14,2025,8,2,"Insomnia sends Bob on a creative spree in the kitchen, but at what cost?",Ryan Mattos,Jon Schroeder,0.79,22,6376377,Insomnibob,"Thu, Aug 14, 2025",Insomnia sends Bob on a creative spree in the kitchen.,8.1,322,"https://m.media-amazon.com/images/M/MV5BMjQwYzhhNDEtMWNkYy00MjM4LTgzNzktZTliNzgwNWFhZmRhXkEyXkFqcGc@._V1_QL75_UX500_CR0,0,500,281_.jpg",https://www.imdb.com/title/tt37599389/?ref_=ttep_ep_22,FALSE,NA,NA
299,16,1,Grand Pre-Pre-Opening,2025-09-28,2025,8.3,3,"In the 300th episode, Bob can't decide whether to raise the prices as flashbacks occur to when Bob and Linda first opened the restaurant and Linda was pregnant with Tina.",Chris Song,Loren Bouchard & Nora Smith,0.63,21,6408988,Grand Pre-Pre-Pre-Opening,"Sun, Sep 28, 2025",Bob and Linda are on the verge of a big decision which brings up memories of when the restaurant first opened; the kids embark on a new musical project.,9.3,623,"https://m.media-amazon.com/images/M/MV5BNzZmNjE4NjUtZjQ0NC00Mzk3LTg0MjEtOGVjMjUwOWVhOTdlXkEyXkFqcGc@._V1_QL75_UX500_CR0,0,500,281_.jpg",https://www.imdb.com/title/tt36431668/?ref_=ttep_ep_1,FALSE,NA,NA
300,16,2,'Til Death Do Us Art,2025-10-05,2025,5,1,Linda becomes concerned when Gayle turns her love life into a performance art piece.,Brian Loschiavo,Katie Crown,0.9,21,6513875,Til Death Do Us Art,"Sun, Oct 5, 2025",Linda becomes concerned when Gayle turns her love life into a performance art piece.,7.4,302,"https://m.media-amazon.com/images/M/MV5BNjJjM2E5MjAtOGMyNS00MWU5LWJmZmUtYjQ5MWUwZmU5NjM2XkEyXkFqcGc@._V1_QL75_UX500_CR0,0,500,281_.jpg",https://www.imdb.com/title/tt36431657/?ref_=ttep_ep_2,FALSE,NA,NA
301,16,3,The Twinnening,2025-10-19,2025,6,2,Teddy takes a handyman job next door to the restaurant and finds himself trapped inside a store full of spooky antiques.,Ryan Mattos,Kelvin Yu,1.17,21,6552617,The Twinnening,"Sun, Oct 19, 2025",Teddy takes a handyman job next door to the restaurant and finds himself trapped inside a store full of spooky antiques.,7.8,317,"https://m.media-amazon.com/images/M/MV5BMmFjY2NlNGItYmUwYi00YThkLTg2MmYtYmZlODU2Yzk0OWE5XkEyXkFqcGc@._V1_QL75_UX500_CR0,0,500,281_.jpg",https://www.imdb.com/title/tt36431661/?ref_=ttep_ep_3,FALSE,Jamie Demetriou,Gabriel / Gideon
302,16,4,The Skids in the Hall,2025-10-26,2025,8,1,Louise and Gene try to help Tina clear her name after she is fired as a Hall Monitor.,Brian Loschiavo,Rich Rinaldi,0.67,21,6555773,The Skids in the Hall,"Sun, Oct 26, 2025",Louise and Gene try to help Tina clear her name after she is fired as a Hall Monitor.,7.6,270,"https://m.media-amazon.com/images/M/MV5BYjY0ZmRlZWUtNTI2Yi00Y2RkLWIyY2UtNGIzYzViNDVhMGZmXkEyXkFqcGc@._V1_QL75_UX500_CR0,0,500,281_.jpg",https://www.imdb.com/title/tt36431659/?ref_=ttep_ep_4,FALSE,NA,NA
303,16,5,The Secret Guardin',2025-11-02,2025,8,1,"Tina, Gene, and Louise have a secret to keep from Linda, but their plan is jeopardized when Louise gets loopy from dental surgery.",Chris Song,Dan Fybel,0.77,21,6576755,The Secret Guardin',"Sun, Nov 2, 2025",The Belcher kids' plan to keep a secret from Linda gets jeopardized by dental surgery making Louise loopy.,7.9,250,"https://m.media-amazon.com/images/M/MV5BYWJiYmQwN2ItNTQ4Yy00MzgyLWI4ZWQtNDcxYjIyY2U1MTJjXkEyXkFqcGc@._V1_QL75_UX500_CR0,0,500,281_.jpg",https://www.imdb.com/title/tt36431666/?ref_=ttep_ep_5,FALSE,NA,NA
304,16,6,Get Her to the Zeke,2025-11-09,2025,8,1,Tina tries to set up Zeke on a date while the rest of the Belchers contend with a Super Rat.,Ryan Mattos,Lizzie Molyneux-Logelin & Wendy Molyneux,1.19,21,6595040,Get Her to the Zeke,"Sun, Nov 9, 2025",Tina tries to set up Zeke on a date while the rest of the Belchers contend with a Super Rat.,7.5,236,"https://m.media-amazon.com/images/M/MV5BZDRhYjFmMDktYmYyYi00OWNmLWI5MDYtMWM1ZjMzOTA2ZTczXkEyXkFqcGc@._V1_QL75_UX500_CR0,0,500,281_.jpg",https://www.imdb.com/title/tt36431670/?ref_=ttep_ep_6,FALSE,Mary Elizabeth Ellis; Jana Schmieding,Penelope; Roxy
305,16,7,Tube for Tina,2025-11-23,2025,6,1,"Linda has a strong reaction when Tina buys a tiny tube top. Meanwhile, Bob, Teddy, Louise and Gene deal with the consequences of a rare bird flying into the window of the restaurant.",Brian Loschiavo,Nora Smith & Holly Schlesinger,1.21,22,6632779,Tube for Tina,"Sun, Nov 23, 2025","Linda has a strong reaction to Tina buying a tiny tube top; Bob, Teddy, Louise and Gene face the consequences of a rare bird flying into the window of the restaurant.",7.4,217,"https://m.media-amazon.com/images/M/MV5BY2UxZjllNGQtYzcwYi00MjlkLWE4NjgtNzM0MTIwMDQ1OTA0XkEyXkFqcGc@._V1_QL75_UX500_CR0,0,500,281_.jpg",https://www.imdb.com/title/tt36431658/?ref_=ttep_ep_7,FALSE,NA,NA
306,16,8,Les Lizárdables,2025-12-07,2025,7.5,2,Gene and Courtney become embroiled in a complex custody battle over an injured lizard.,Ryan Mattos,Steven Davis,NA,22,6632782,Les Lizárdables,"Sun, Dec 7, 2025",Gene and Courtney get into a custody battle over an injured lizard.,7.2,197,"https://m.media-amazon.com/images/M/MV5BODNjNTMwNjMtMWIzNS00MTE2LWI3MjAtZjJiNDJkYjQwYzE2XkEyXkFqcGc@._V1_QL75_UX500_CR0,0,500,281_.jpg",https://www.imdb.com/title/tt36431665/?ref_=ttep_ep_8,FALSE,NA,NA
307,16,9,It's a Stunter-ful Life,2025-12-14,2025,NA,0,"The kids get caught up in a stunt competition at a Christmas tree farm, while Bob decorates cookies for Santa and Linda tries to find every tree a home.",Brian Loschiavo,Lindsey Stoddart,NA,22,6632785,It's a Stunterful Life,"Sun, Dec 14, 2025","The kids get caught up in a stunt competition at a Christmas tree farm, while Bob decorates cookies for Santa and Linda tries to find every tree a home.",7.8,227,"https://m.media-amazon.com/images/M/MV5BY2YyODhlZTMtMjAxZS00MWEwLTg1NDgtMjg0OGY0M2Y2ZjNkXkEyXkFqcGc@._V1_QL75_UX500_CR0,0,500,281_.jpg",https://www.imdb.com/title/tt36431669/?ref_=ttep_ep_9,TRUE,NA,NA
308,16,10,Heist Things Are Heist,2025-12-28,2025,NA,0,"After winning a prestigious award, Bob faces a setback at the ceremony, and the kids team up with possible former jewel thief Vincent to put things right.",Chris Song,Scott Jacobson,NA,22,6670292,Heist Things Are Heist,"Sun, Dec 28, 2025",Bob faces a setback after winning an award at a prestigious ceremony and the kids partner with possible jewel thief Vincent to set things right.,8.1,208,"https://m.media-amazon.com/images/M/MV5BYThlZWYyOTAtNTQ5My00ZjhkLTlkNDItMmI0NGU3MDE4Yjk2XkEyXkFqcGc@._V1_QL75_UX500_CR0,0,500,281_.jpg",https://www.imdb.com/title/tt36431662/?ref_=ttep_ep_10,FALSE,NA,NA
309,16,11,Episode 11,2026-03-01,2026,NA,0,NA,NA,NA,NA,NA,6795961,Episode #16.11,NA,NA,NA,NA,"https://m.media-amazon.com/images/M/MV5BZWQ1NGE4YjgtOGJjZS00OTZjLWI0MGUtMDUxYjY2M2E4MjNjXkEyXkFqcGc@._V1_QL75_UX500_CR0,234,500,281_.jpg",https://www.imdb.com/title/tt36431664/?ref_=ttep_ep_11,FALSE,NA,NA
