season,episode,title,aired_date,synopsis,imdb_rating,imdb_vote_count,thumbnail_url,imdb_episode_url,is_holiday
1,1,Human Flesh,"Sun, Jan 9, 2011","On top of watching his dysfunctional family crumble around him, Bob faces the wrath of a jealous health inspector who cooks up a nasty rumor about the restaurant's choice of meat.",7.7,2500,"https://m.media-amazon.com/images/M/MV5BMTg0Nzk3OTc5MV5BMl5BanBnXkFtZTcwNjE5MTcyNA@@._V1_QL75_UY281_CR0,0,500,281_.jpg",https://www.imdb.com/title/tt1645218/?ref_=ttep_ep_1,FALSE
1,2,Crawl Space,"Sun, Jan 16, 2011","His in-laws are coming into town, and Bob tries desperately to concoct a plan to avoid them for as long as he can. Unfortunately, Bob did not plan to get stuck in the recesses of the family restaurant.",8.1,2200,"https://m.media-amazon.com/images/M/MV5BZTU1OGQ5MTctNjQyNy00NTRmLTg5OTktYzEyMWFlNTQyMWU4XkEyXkFqcGc@._V1_QL75_UY281_CR0,0,500,281_.jpg",https://www.imdb.com/title/tt1646300/?ref_=ttep_ep_2,FALSE
1,3,Sacred Cow,"Sun, Jan 23, 2011","A filmmaker placed a cow outside the restaurant to make a statement, which angers Bob, but his family is confused over how he treats the cow.",7.5,1900,"https://m.media-amazon.com/images/M/MV5BMjcxMmJmY2ItZGFkZS00MTVmLWE3YTItOTQ3NTk2NTZiMDk1XkEyXkFqcGc@._V1_QL75_UX500_CR0,0,500,281_.jpg",https://www.imdb.com/title/tt1645219/?ref_=ttep_ep_3,FALSE
1,4,Sexy Dance Fighting,"Sun, Feb 13, 2011","When Tina develops a crush on the new martial arts instructor in town, she joins the class and ends up shirking her responsibilities at the restaurant. Bob finds out what's going on and decides to take matters into his own hands.",7.4,1800,"https://m.media-amazon.com/images/M/MV5BMTQxNjMxOTA0OF5BMl5BanBnXkFtZTgwNjI5OTg0MjE@._V1_QL75_UX500_CR0,47,500,281_.jpg",https://www.imdb.com/title/tt1645220/?ref_=ttep_ep_4,FALSE
1,5,Hamburger Dinner Theater,"Sun, Feb 20, 2011","Linda is dying to relive her dream of becoming a star on Broadway, so she decides to host a dinner theater at the restaurant. But on opening night a shocking surprise leaves Linda with a more chilling production than she planned for.",7.5,1800,"https://m.media-amazon.com/images/M/MV5BMTUyMzM0MzY3OV5BMl5BanBnXkFtZTgwODMyNzg0MjE@._V1_QL75_UX500_CR0,47,500,281_.jpg",https://www.imdb.com/title/tt1841032/?ref_=ttep_ep_5,FALSE
1,6,"Sheesh! Cab, Bob?","Sun, Mar 6, 2011","Bob takes a second job as a nighttime cab driver so he can give Tina the 13th birthday party she deserves, and he makes some surprising new friends along the ride.",8.3,2000,"https://m.media-amazon.com/images/M/MV5BMjMzMzI2NTE1OV5BMl5BanBnXkFtZTgwNDUzOTg0MjE@._V1_QL75_UX500_CR0,47,500,281_.jpg",https://www.imdb.com/title/tt1854660/?ref_=ttep_ep_6,FALSE
1,7,Bed & Breakfast,"Sun, Mar 13, 2011","Linda gets really excited about opening a Bed and Breakfast to capitalize on the high volume of tourists coming into town, but when the guests start to arrive Louise senses espionage afoot.",7.6,1600,"https://m.media-amazon.com/images/M/MV5BMTQ3Mjk1ODA1OF5BMl5BanBnXkFtZTgwMTMzOTg0MjE@._V1_QL75_UX500_CR0,47,500,281_.jpg",https://www.imdb.com/title/tt1854659/?ref_=ttep_ep_7,FALSE
1,8,Art Crawl,"Sun, Mar 20, 2011","Linda's eccentric sister Gayle comes to town intending to use the restaurant as a gallery for her paintings during this year's ""Art Crawl."" Bob is left totally oblivious the comically explicit nature of Gayle's artwork until it's too late.",7.9,1700,"https://m.media-amazon.com/images/M/MV5BMTYwNTQ2ODk4Nl5BMl5BanBnXkFtZTgwODc0NTg0MjE@._V1_QL75_UX500_CR0,47,500,281_.jpg",https://www.imdb.com/title/tt1857991/?ref_=ttep_ep_8,FALSE
1,9,Spaghetti Western and Meatballs,"Sun, Mar 27, 2011","Bob and Gene bond over spaghetti western movies, which makes Louise jealous.",7.6,1600,"https://m.media-amazon.com/images/M/MV5BMTg4Nzk1NjE3NV5BMl5BanBnXkFtZTgwODU0NTg0MjE@._V1_QL75_UX500_CR0,47,500,281_.jpg",https://www.imdb.com/title/tt1857992/?ref_=ttep_ep_9,FALSE
1,10,Burger War,"Sun, Apr 10, 2011","Bob's landlord has been understanding about the consistent delay in rent, but payment time has come. After getting wind of Bob's financial trouble, Jimmy Pesto faces-off against his mortal enemy by introducing burgers to his own menu.",7.7,1500,"https://m.media-amazon.com/images/M/MV5BMzU4NDVjYzMtZjU2MC00MjQ4LWI1M2EtYzc3YzEwNDVhNGYyXkEyXkFqcGc@._V1_QL75_UY281_CR0,0,500,281_.jpg",https://www.imdb.com/title/tt1876671/?ref_=ttep_ep_10,FALSE
1,11,Weekend at Mort's,"Sun, May 8, 2011",The family has to stay next door at Mort the Mortician's house since the restaurant is infested with mold. Bob and Linda double date with Mort and his mysterious Internet-girlfriend; while Tina entertains her siblings in the crematorium.,8,1600,"https://m.media-amazon.com/images/M/MV5BMTUzMDU5OTYyMF5BMl5BanBnXkFtZTgwMTUzNzg0MjE@._V1_QL75_UX500_CR0,47,500,281_.jpg",https://www.imdb.com/title/tt1905230/?ref_=ttep_ep_11,FALSE
1,12,Lobsterfest,"Sun, May 15, 2011","Bob is likely the only person in town excited about the cancellation of this years ""Lobsterfest"" due to inclement weather. Bob strikes gold when he opens the restaurant regardless of the storm, and is celebrated by the masses.",7.6,1500,"https://m.media-amazon.com/images/M/MV5BMjIzOTcxMDg5MF5BMl5BanBnXkFtZTgwNTc0Njg0MjE@._V1_QL75_UX500_CR0,47,500,281_.jpg",https://www.imdb.com/title/tt1919433/?ref_=ttep_ep_12,FALSE
1,13,Torpedo,"Sun, May 22, 2011","Bob is giddy as ever when his role model, minor league pitcher Torpedo Jones, gives a shout-out to the restaurant during a game, but is blind-sided upon finding out Torpedo endorses his burgers for reasons which are morally shaky at best.",7.6,1500,"https://m.media-amazon.com/images/M/MV5BMjA5ODQ1MzIxMV5BMl5BanBnXkFtZTgwODYyMjk0MjE@._V1_QL75_UX500_CR0,47,500,281_.jpg",https://www.imdb.com/title/tt1928417/?ref_=ttep_ep_13,FALSE
2,1,The Belchies,"Sun, Mar 11, 2012",The kids hunt for treasure in an abandoned taffy factory and Bob and Linda must find them before the factory's scheduled demolition.,8.3,1600,"https://m.media-amazon.com/images/M/MV5BNjk4NzY5MTUzNF5BMl5BanBnXkFtZTgwMjUwNDg0MjE@._V1_QL75_UX500_CR0,47,500,281_.jpg",https://www.imdb.com/title/tt2273811/?ref_=ttep_ep_1,FALSE
2,2,Bob Day Afternoon,"Sun, Mar 18, 2012","A bank robber holds up a bank across the street from Bob's Burgers. When the robbery goes awry, Bob finds himself at the center of a hostage crisis.",8.6,1900,"https://m.media-amazon.com/images/M/MV5BMDkyMTFkZjktNDAyYy00MjMyLTk5MjktZWNjZDg4ZjYxMmI3XkEyXkFqcGc@._V1_QL75_UY281_CR5,0,500,281_.jpg",https://www.imdb.com/title/tt2020389/?ref_=ttep_ep_2,FALSE
2,3,Synchronized Swimming,"Sun, Mar 25, 2012","The Belcher children sign up for an independent study of synchronized swimming in lieu on participating in gym class. Linda disturbingly watches ""pregnant yoga"" and comes to the rescue of her children in the end.",7.4,1500,"https://m.media-amazon.com/images/M/MV5BMTQxMjI5ODk1Ml5BMl5BanBnXkFtZTgwNTY2Nzg0MjE@._V1_QL75_UX500_CR0,47,500,281_.jpg",https://www.imdb.com/title/tt2303131/?ref_=ttep_ep_3,FALSE
2,4,Burgerboss,"Sun, Apr 1, 2012",Bob becomes a gamer.,8.2,1600,"https://m.media-amazon.com/images/M/MV5BNDUwMDAxMzg5MV5BMl5BanBnXkFtZTgwNTY4MTk0MjE@._V1_QL75_UX500_CR0,47,500,281_.jpg",https://www.imdb.com/title/tt2317497/?ref_=ttep_ep_4,FALSE
2,5,Food Truckin',"Sun, Apr 15, 2012",Bob gives the food truck business a try.,7.8,1500,"https://m.media-amazon.com/images/M/MV5BMTc0NjYyNzc3NV5BMl5BanBnXkFtZTgwODMzMjg0MjE@._V1_QL75_UX500_CR0,47,500,281_.jpg",https://www.imdb.com/title/tt2340209/?ref_=ttep_ep_5,FALSE
2,6,Dr. Yap,"Sun, Apr 29, 2012","When a drugged Bob kisses Gayle thinking she's Linda, Gayle develops a crush on him.",7.5,1400,"https://m.media-amazon.com/images/M/MV5BMjE5NDc2NzE3NF5BMl5BanBnXkFtZTgwODY1ODg0MjE@._V1_QL75_UX500_CR0,47,500,281_.jpg",https://www.imdb.com/title/tt2366089/?ref_=ttep_ep_6,FALSE
2,7,Moody Foodie,"Sun, May 6, 2012","After a critic leaves the restaurant a bad review, Bob goes to drastic measures to get him to change his mind.",7.7,1400,"https://m.media-amazon.com/images/M/MV5BMTQzOTk4MTA4MF5BMl5BanBnXkFtZTgwNzY5MTg0MjE@._V1_QL75_UX500_CR0,47,500,281_.jpg",https://www.imdb.com/title/tt2376081/?ref_=ttep_ep_7,FALSE
2,8,Bad Tina,"Sun, May 13, 2012",Tina pals around with a bad girl.,8,1500,"https://m.media-amazon.com/images/M/MV5BMTA3ODMyODIzNDheQTJeQWpwZ15BbWU4MDk0NTI5NDIx._V1_QL75_UX500_CR0,47,500,281_.jpg",https://www.imdb.com/title/tt2386531/?ref_=ttep_ep_8,FALSE
2,9,Beefsquatch,"Sun, May 20, 2012","Bob gets thrilled when he gets offered to be in a cookery segment in a local morning show. When Gene steps into the limelight, the audience is not entertained and enthralled by Bob's performance.",7.7,1400,"https://m.media-amazon.com/images/M/MV5BMjAxMTg1NjU4Nl5BMl5BanBnXkFtZTgwNTg3Njg0MjE@._V1_QL75_UX500_CR0,47,500,281_.jpg",https://www.imdb.com/title/tt2394175/?ref_=ttep_ep_9,FALSE
3,1,Ear-Sy Rider,"Sun, Sep 30, 2012","While a biker gang begins hanging out at the restaurant, Louise goes through a crisis after a teenager steals her bunny ear hat.",8.2,1500,"https://m.media-amazon.com/images/M/MV5BMTkxOTQ5ODI3MV5BMl5BanBnXkFtZTcwNTU2NjM0OA@@._V1_QL75_UY281_CR0,0,500,281_.jpg",https://www.imdb.com/title/tt2393284/?ref_=ttep_ep_1,FALSE
3,2,Full Bars,"Sun, Oct 7, 2012","On Halloween, the kids run into bullies when they go trick-or-treating in the rich neighborhood, while Bob and Linda attend a party where someone kills Teddy's pet guinea pig.",8.3,1500,"https://m.media-amazon.com/images/M/MV5BMjAxODM5NjI3MF5BMl5BanBnXkFtZTgwNDgyNjg0MjE@._V1_QL75_UX500_CR0,47,500,281_.jpg",https://www.imdb.com/title/tt2393286/?ref_=ttep_ep_2,TRUE
3,3,Bob Fires the Kids,"Sun, Nov 4, 2012","Fearing that he is ruining their childhoods, Bob fires the kids from their jobs at the restaurant, but they just end up working for hippies who run a marijuana farm, instead.",8,1500,"https://m.media-amazon.com/images/M/MV5BMTc2MzU5MTczN15BMl5BanBnXkFtZTgwNTUyMjg0MjE@._V1_QL75_UX500_CR0,47,500,281_.jpg",https://www.imdb.com/title/tt2483074/?ref_=ttep_ep_3,FALSE
3,4,Mutiny on the Windbreaker,"Sun, Nov 11, 2012","Bob brings the family along when he is hired to be a chef on a docked cruise ship, so they can see his skills outside the restaurant.",7.5,1400,"https://m.media-amazon.com/images/M/MV5BMjIyOTg1Mjg0OF5BMl5BanBnXkFtZTgwNTYyMjg0MjE@._V1_QL75_UX500_CR0,47,500,281_.jpg",https://www.imdb.com/title/tt2483078/?ref_=ttep_ep_4,FALSE
3,5,An Indecent Thanksgiving Proposal,"Sun, Nov 18, 2012","In order to entice an old flame who is only attracted to married men, Mr. Fischoeder bribes Bob into letting him pass off Linda and the kids as his own family, but the situation ruins all of Bob's Thanksgiving traditions.",8.2,1500,"https://m.media-amazon.com/images/M/MV5BMTY5Mzg1MzQ1OF5BMl5BanBnXkFtZTgwMDkyMjg0MjE@._V1_QL75_UX500_CR0,47,500,281_.jpg",https://www.imdb.com/title/tt2483080/?ref_=ttep_ep_5,TRUE
3,6,The Deepening,"Sun, Nov 25, 2012","Mr. Fischoeder buys a mechanical movie shark as an attraction for his amusement park, but the kids accidentally let it loose on the town, forcing Bob and Teddy to save the day.",7.8,1300,"https://m.media-amazon.com/images/M/MV5BMjAzNTczNTAxMV5BMl5BanBnXkFtZTgwNTAwMjg0MjE@._V1_QL75_UX500_CR0,47,500,281_.jpg",https://www.imdb.com/title/tt2511944/?ref_=ttep_ep_6,FALSE
3,7,Tina-Rannosaurus Wrecks,"Sun, Dec 2, 2012","Tina is wracked with guilt when Bob forces her to lie about an accident that occurred when he let her drive his car, but a shady insurance adjuster sees through their ploy and blackmails Bob into committing more insurance fraud.",8.3,1500,"https://m.media-amazon.com/images/M/MV5BNDYwNTM3OTk5M15BMl5BanBnXkFtZTgwNDExMjk0MjE@._V1_QL75_UX500_CR0,47,500,281_.jpg",https://www.imdb.com/title/tt2524708/?ref_=ttep_ep_7,FALSE
3,8,The Unbearable Like-Likeness of Gene,"Sun, Dec 9, 2012","An incredibly annoying girl develops a crush on Gene, but he can't bring himself to dump her after he finds out her father has a music studio in their home.",7.7,1300,"https://m.media-amazon.com/images/M/MV5BMjQyNjEyNzQwMV5BMl5BanBnXkFtZTgwMTkwMzg0MjE@._V1_QL75_UX500_CR0,47,500,281_.jpg",https://www.imdb.com/title/tt2531550/?ref_=ttep_ep_8,FALSE
3,9,Bob Rest Ye Merry Gentle-Mannequins,"Sun, Dec 16, 2012",'Tis the season for strange holiday mannequins.,7.8,1400,"https://m.media-amazon.com/images/M/MV5BMjAzMjc5NTQxM15BMl5BanBnXkFtZTgwNzIyMzg0MjE@._V1_QL75_UX500_CR0,47,500,281_.jpg",https://www.imdb.com/title/tt2531554/?ref_=ttep_ep_9,TRUE
3,10,Mother Daughter Laser Razor,"Sun, Jan 6, 2013","Linda struggles to connect with Louise when they attend a mother-daughter seminar, while Bob takes Tina to get her legs waxed.",8,1400,"https://m.media-amazon.com/images/M/MV5BMTU2NTM2OTE4Nl5BMl5BanBnXkFtZTgwNDMwNDk0MjE@._V1_QL75_UX500_CR0,47,500,281_.jpg",https://www.imdb.com/title/tt2579964/?ref_=ttep_ep_10,FALSE
3,11,Nude Beach,"Sun, Jan 13, 2013",It's dingles and dongles and birthday suits.,7.5,1300,"https://m.media-amazon.com/images/M/MV5BMjEyMzQ0MDU1OV5BMl5BanBnXkFtZTgwODg1MTg0MjE@._V1_QL75_UX500_CR0,47,500,281_.jpg",https://www.imdb.com/title/tt2605340/?ref_=ttep_ep_11,FALSE
3,12,Broadcast Wagstaff School News,"Sun, Jan 27, 2013",Tina is on a mission to unmask the middle school and Gene decides to dress up like Bob,8.5,1500,"https://m.media-amazon.com/images/M/MV5BMTA1NjkxMjc4NjheQTJeQWpwZ15BbWU4MDUxNzI5NDIx._V1_QL75_UX500_CR0,47,500,281_.jpg",https://www.imdb.com/title/tt2615854/?ref_=ttep_ep_12,FALSE
3,13,My Fuzzy Valentine,"Sun, Feb 10, 2013",Bob gets romantic.,7.5,1200,"https://m.media-amazon.com/images/M/MV5BMTgwMTQ2MjkwOF5BMl5BanBnXkFtZTgwNDYyOTg0MjE@._V1_QL75_UX500_CR0,47,500,281_.jpg",https://www.imdb.com/title/tt2661986/?ref_=ttep_ep_13,TRUE
3,14,Lindapendent Woman,"Sun, Feb 17, 2013",Linda quits the restaurant and takes up a job at a grocery store.,7.8,1300,"https://m.media-amazon.com/images/M/MV5BMjEwMzIxMDE4Ml5BMl5BanBnXkFtZTgwODY1Mjg0MjE@._V1_QL75_UX500_CR0,47,500,281_.jpg",https://www.imdb.com/title/tt2677612/?ref_=ttep_ep_14,FALSE
3,15,O.T.: The Outside Toilet,"Sun, Mar 3, 2013",Gene encounters a mysterious talking toilet.,8.2,1400,"https://m.media-amazon.com/images/M/MV5BMjMxNTgyMTkzN15BMl5BanBnXkFtZTgwMjI5MTk0MjE@._V1_QL75_UX500_CR0,47,500,281_.jpg",https://www.imdb.com/title/tt2708068/?ref_=ttep_ep_15,FALSE
3,16,Topsy,"Sun, Mar 10, 2013",The Belcher kids take on a Thomas Edison fanatic.,8.5,1500,"https://m.media-amazon.com/images/M/MV5BNTgwOTQyNTY2MV5BMl5BanBnXkFtZTgwMTA0MTk0MjE@._V1_QL75_UX500_CR0,47,500,281_.jpg",https://www.imdb.com/title/tt2733872/?ref_=ttep_ep_16,FALSE
3,17,Two for Tina,"Sun, Mar 17, 2013",Tina finds herself in a love triangle.,7.9,1300,"https://m.media-amazon.com/images/M/MV5BMTY1MTY0MDUzMF5BMl5BanBnXkFtZTgwMzA3Mjk0MjE@._V1_QL75_UX500_CR0,47,500,281_.jpg",https://www.imdb.com/title/tt2735282/?ref_=ttep_ep_17,FALSE
3,18,It Snakes a Village,"Sun, Mar 24, 2013",Bob and the family take a swinging vacation.,7.7,1200,"https://m.media-amazon.com/images/M/MV5BOTQ5NTA1NzY1MV5BMl5BanBnXkFtZTgwMTA3Mjk0MjE@._V1_QL75_UX500_CR0,47,500,281_.jpg",https://www.imdb.com/title/tt2735284/?ref_=ttep_ep_18,FALSE
3,19,Family Fracas,"Sun, Apr 14, 2013",The Belchers appear on a television game show.,7.3,1300,"https://m.media-amazon.com/images/M/MV5BMTY2NjIzMzQ1NV5BMl5BanBnXkFtZTgwODYzMzg0MjE@._V1_QL75_UX500_CR0,47,500,281_.jpg",https://www.imdb.com/title/tt2795748/?ref_=ttep_ep_19,FALSE
3,20,The Kids Run the Restaurant,"Sun, Apr 21, 2013","When Linda takes Bob to the hospital after cutting his finger, the kids turn the basement into an underground casino.",8.1,1300,"https://m.media-amazon.com/images/M/MV5BMTcwMzIwMzYwNl5BMl5BanBnXkFtZTgwMzg2MTg0MjE@._V1_QL75_UX500_CR0,47,500,281_.jpg",https://www.imdb.com/title/tt2835026/?ref_=ttep_ep_20,FALSE
3,21,Boyz 4 Now,"Sun, Apr 28, 2013",Louise is horrified when she develops her first crush.,8.5,1500,"https://m.media-amazon.com/images/M/MV5BMTQ2OTE5NTAwMl5BMl5BanBnXkFtZTgwNTc2MTg0MjE@._V1_QL75_UX500_CR0,47,500,281_.jpg",https://www.imdb.com/title/tt2835028/?ref_=ttep_ep_21,FALSE
3,22,Carpe Museum,"Sun, May 5, 2013",A school trip to the museum turns wild for the Belchers.,8.2,1300,"https://m.media-amazon.com/images/M/MV5BNDk4MDAzMjc3Ml5BMl5BanBnXkFtZTgwMDg2MTg0MjE@._V1_QL75_UX500_CR0,47,500,281_.jpg",https://www.imdb.com/title/tt2835032/?ref_=ttep_ep_22,FALSE
3,23,The Unnatural,"Sun, May 12, 2013",Gene loses his confidence after playing badly during a baseball game so Linda sends him to a baseball coach.,7.5,1200,"https://m.media-amazon.com/images/M/MV5BMTUzODE0MjA2OV5BMl5BanBnXkFtZTgwMjA3MTg0MjE@._V1_QL75_UX500_CR0,47,500,281_.jpg",https://www.imdb.com/title/tt2835034/?ref_=ttep_ep_23,FALSE
4,1,A River Runs Through Bob,"Sun, Sep 29, 2013",Bob and the family face the great outdoors.,7.8,1300,"https://m.media-amazon.com/images/M/MV5BMTQzNTAxMjQwN15BMl5BanBnXkFtZTgwMzk3MTMzMDE@._V1_QL75_UY281_CR0,0,500,281_.jpg",https://www.imdb.com/title/tt2531556/?ref_=ttep_ep_1,FALSE
4,2,Fort Night,"Sun, Oct 6, 2013",Tricks and treats and lunatics abound.,8.3,1300,"https://m.media-amazon.com/images/M/MV5BMjE2MTM5Mjg5Ml5BMl5BanBnXkFtZTgwNzE4MTMzMDE@._V1_QL75_UY281_CR0,0,500,281_.jpg",https://www.imdb.com/title/tt3211834/?ref_=ttep_ep_2,FALSE
4,3,Seaplane!,"Sun, Nov 3, 2013","Linda is bored by Bob's tired attempts at Date Night and decides to sign up for flying lessons. When Bob won't join her, she becomes the target of ""Upskirt Kurt"", the most charming pilot in the air.",7.7,1300,"https://m.media-amazon.com/images/M/MV5BMTQxNjg1OTc2NF5BMl5BanBnXkFtZTgwMjQyNzg0MjE@._V1_QL75_UX500_CR0,47,500,281_.jpg",https://www.imdb.com/title/tt3280380/?ref_=ttep_ep_3,FALSE
4,4,My Big Fat Greek Bob,"Sun, Nov 10, 2013","Bob scores a temporary gig as a cook at an ""underdog"" frat house and discovers that he fits right in! Hijinks ensue as Bob and the rest of the fraternity brothers find themselves in the middle of a collegiate prank war that involves the house's most famous alumnus, Dr. Yap. Meanwhile, the kids are on a mission to invade the frat house and get in on the action.",7.5,1200,"https://m.media-amazon.com/images/M/MV5BMTQ5MDQ3MzM0NF5BMl5BanBnXkFtZTgwODQ5MDk0MjE@._V1_QL75_UX500_CR0,47,500,281_.jpg",https://www.imdb.com/title/tt3304836/?ref_=ttep_ep_4,FALSE
4,5,Turkey in a Can,"Sun, Nov 24, 2013","Determined to have a perfect Thanksgiving, Bob meticulously prepares the family turkey. But, to his horror, he finds that someone then dumps the turkey in the toilet in an act of Thanksgiving sabotage.",8.4,1400,"https://m.media-amazon.com/images/M/MV5BMjA3MTgxOTg1MF5BMl5BanBnXkFtZTgwNDYxMDc2MDE@._V1_QL75_UY281_CR0,0,500,281_.jpg",https://www.imdb.com/title/tt3304838/?ref_=ttep_ep_5,TRUE
4,6,Purple Rain-Union,"Sun, Dec 1, 2013","Linda has an upcoming 25 year reunion at Cardinal Gennaro High. Debbie, chairman of the reunion, needs entertainment for the gala. Linda's old band, The Ta Tas, are not even her 3rd choice, but she asks Linda to round up the band: Angie, Patsy, Nancy, and Gayle. Linda does not want to do it: 25 years ago, Bad Hair Day rocked the talent show; and BHD still rocks the pro circuit. The kids egg on Linda until she agrees to perform. Tina plans to babysit, so the kids plan to attend. Like Louise says, who would miss the train wreck of all train wrecks? The kids fail to consider a key variable: Jen, the boring babysitter. All of a sudden, BHD... Woo! BHD will make one appearance; things are looking black at the Belcher house. The Ta Tas sound like cats being electrocuted while gnawing on tin cans and toenails. But Bob still has the most interesting date in the joint.",7.5,1200,"https://m.media-amazon.com/images/M/MV5BMjE3MTM2MDg5N15BMl5BanBnXkFtZTgwMzUxMDc2MDE@._V1_QL75_UY281_CR0,0,500,281_.jpg",https://www.imdb.com/title/tt3341538/?ref_=ttep_ep_6,FALSE
4,7,Bob and Deliver,"Sun, Dec 8, 2013","To Tina's delight, Bob becomes the substitute ""Home Ec"" teacher at her school and ends up creating a full-scale restaurant in the classroom. However, her excitement is short-lived as Bob's position causes father/daughter friction. But when Gene and Louise go to work for Bob's ""school"" restaurant, Linda must fend for herself at the family's ""other"" restaurant (aka Bob's Burgers).",8.2,1200,"https://m.media-amazon.com/images/M/MV5BYTRhOTE5ZjItMWZkYi00MGQ1LWFlNzktZDZlZTk5MjMxMjI5XkEyXkFqcGc@._V1_QL75_UY281_CR1,0,500,281_.jpg",https://www.imdb.com/title/tt3344302/?ref_=ttep_ep_7,FALSE
4,8,Christmas in the Car,"Sun, Dec 15, 2013","After spending Christmas Eve outrunning a candy cane truck with their last-minute tree, the Belchers find that Bob's friend gets caught in the kids' Santa trap.",8.2,1400,"https://m.media-amazon.com/images/M/MV5BMjI4MjIxMDU2NF5BMl5BanBnXkFtZTgwNTY4ODg0MjE@._V1_QL75_UX500_CR0,47,500,281_.jpg",https://www.imdb.com/title/tt3379840/?ref_=ttep_ep_8,TRUE
4,9,Slumber Party,"Sun, Jan 5, 2014","Linda decides to invite some of Louise's classmates over for a slumber party without her knowledge. With the prospect of being forced to endure an entire night with people she hates, Louise devises a plan to get all the girls to beg to go home. With the help of Tina and Gene, she starts to try and scare them off, but one is reluctant to go.",8.2,1200,"https://m.media-amazon.com/images/M/MV5BMjA2NTcxNTU1N15BMl5BanBnXkFtZTgwNjY2ODg0MjE@._V1_QL75_UX500_CR0,47,500,281_.jpg",https://www.imdb.com/title/tt3406076/?ref_=ttep_ep_9,FALSE
4,10,Presto-Tina-o,"Sun, Jan 12, 2014","Tina becomes a magician's assistant in order to get closer to Jimmy Jr., while Bob becomes the victim of a magician's ""curse.""",7.3,1100,"https://m.media-amazon.com/images/M/MV5BMjM2NDkxMTM3NF5BMl5BanBnXkFtZTgwNDcyOTg0MjE@._V1_QL75_UX500_CR0,47,500,281_.jpg",https://www.imdb.com/title/tt3422500/?ref_=ttep_ep_10,FALSE
4,11,"Easy Com-mercial, Easy Go-mercial","Sun, Jan 26, 2014","To compete with fellow ""restaurateur,"" Jimmy Pesto, and his blowout Super Bowl event, Bob is determined to create a Bob's Burgers commercial to air during the ""big game."" In an effort to outshine Pesto, the Belchers recruit Randy, a documentarian, to assist with the filmmaking and hire on former pro football star Sandy Frye to be the celebrity endorser.",7.4,1100,"https://m.media-amazon.com/images/M/MV5BMTQ0MDQ4NTM5MF5BMl5BanBnXkFtZTgwMTY5NDg0MjE@._V1_QL75_UX500_CR0,47,500,281_.jpg",https://www.imdb.com/title/tt3457742/?ref_=ttep_ep_11,FALSE
4,12,The Frond Files,"Sun, Mar 9, 2014",The Belcher children write fantasy essays about their school that their guidance counselor finds offensive.,8,1200,"https://m.media-amazon.com/images/M/MV5BMjEzMDAzOTYxMl5BMl5BanBnXkFtZTgwNDY5MTk0MjE@._V1_QL75_UX500_CR0,47,500,281_.jpg",https://www.imdb.com/title/tt3550794/?ref_=ttep_ep_12,FALSE
4,13,Mazel Tina,"Sun, Mar 16, 2014",A series of mishaps leave Tina the center of attention at a classmate's Bat Mitzvah she wasn't invited to.,8.1,1200,"https://m.media-amazon.com/images/M/MV5BODQ0NjY0MDU2MV5BMl5BanBnXkFtZTgwMDYyNzg0MjE@._V1_QL75_UX500_CR0,47,500,281_.jpg",https://www.imdb.com/title/tt3560292/?ref_=ttep_ep_13,FALSE
4,14,Uncle Teddy,"Sun, Mar 23, 2014","Bob and Linda ask Teddy to babysit the kids while they're on a romantic getaway at a Burger Convention. In the process, Teddy earns the title ""Uncle Teddy"" when he puts Tina's crush in his place for using her to get free burgers.",8,1100,"https://m.media-amazon.com/images/M/MV5BMjEzNzM4OTcyMV5BMl5BanBnXkFtZTgwMTI4ODg0MjE@._V1_QL75_UX500_CR0,47,500,281_.jpg",https://www.imdb.com/title/tt3577570/?ref_=ttep_ep_14,FALSE
4,15,The Kids Rob a Train,"Sun, Mar 30, 2014","Bob, Linda, and the kids board a train for a wine tasting while the kids are put in the caboose. The kids sneak out in an attempt to steal the chocolate from the kitchen car while Bob challenges another person on the train to a contest.",8.1,1200,"https://m.media-amazon.com/images/M/MV5BMTYwMDU2ODc3Nl5BMl5BanBnXkFtZTgwNzg3NDc5MjE@._V1_QL75_UX500_CR0,47,500,281_.jpg",https://www.imdb.com/title/tt3634392/?ref_=ttep_ep_15,FALSE
4,16,I Get Psychic Out of You,"Sun, Apr 6, 2014",Linda is believed to be a psychic when she correctly predicts that a telemarketer is calling the restaurant.,7.4,1000,"https://m.media-amazon.com/images/M/MV5BMjI0MzcwMzA0M15BMl5BanBnXkFtZTgwMzg5Mzk0MjE@._V1_QL75_UX500_CR0,47,500,281_.jpg",https://www.imdb.com/title/tt3620196/?ref_=ttep_ep_16,FALSE
4,17,The Equestranauts,"Sun, Apr 13, 2014","In an homage to the ""Bronies"" subculture, Tina attends her first Equestra-con, a convention based on her favorite animated pony show, ""The Equestranauts."" To her surprise, she finds that the show's fans are middle-aged men (called ""Equesticles""). When a powerful super-fan tricks Tina out of her rare toy pony, it's up to Bob to go undercover to get it back.",8.1,1200,"https://m.media-amazon.com/images/M/MV5BMjI3ODU5NDM1NF5BMl5BanBnXkFtZTgwNDQ4Mjk0MjE@._V1_QL75_UX500_CR0,47,500,281_.jpg",https://www.imdb.com/title/tt3636224/?ref_=ttep_ep_17,FALSE
4,18,Ambergris,"Sun, Apr 20, 2014","Gene, Louise, and Tina discover a seaweed-covered object at the beach that turns out to be a large hunk of Ambergris - an extremely valuable, but illegal, by-product of whale poop that is used in high-end perfumes. But Louise tries to cheat Gene and Tina out of the profit she hopes to make by selling the treasure on the black market. Meanwhile, Bob and Linda deal with their psychologically unstable landlord who is building them a new bathroom.",7.3,1000,"https://m.media-amazon.com/images/M/MV5BMTU3NDUyNDQ3OV5BMl5BanBnXkFtZTgwMzQ4ODg0MjE@._V1_QL75_UX500_CR0,47,500,281_.jpg",https://www.imdb.com/title/tt3653426/?ref_=ttep_ep_18,FALSE
4,19,The Kids Run Away,"Sun, Apr 27, 2014","Louise has a cavity, but also Dentist phobia. The family have to deal with it.",8.3,1100,"https://m.media-amazon.com/images/M/MV5BMTk1Nzk2ODEyOF5BMl5BanBnXkFtZTgwMzU4MTk0MjE@._V1_QL75_UX500_CR0,47,500,281_.jpg",https://www.imdb.com/title/tt3674020/?ref_=ttep_ep_19,FALSE
4,20,Gene It On,"Sun, May 4, 2014","Tina tries out for cheerleading, but a spirited and enthusiastic spectator Gene makes more of an impression.",7.4,1000,"https://m.media-amazon.com/images/M/MV5BNjI3NzExMTU2OV5BMl5BanBnXkFtZTgwNjc0MDk0MjE@._V1_QL75_UX500_CR0,47,500,281_.jpg",https://www.imdb.com/title/tt3686090/?ref_=ttep_ep_20,FALSE
4,21,Wharf Horse (or How Bob Saves/Destroys the Town - Part I),"Sun, May 11, 2014","Motivated by the promise of a new beachside burger joint, Bob conspires with Felix to convince Mr. Fischoeder to sell Wonder Wharf. Meanwhile, Tina protests the destruction of the wharf's carousel by chaining herself to it.",8.1,1100,"https://m.media-amazon.com/images/M/MV5BMTUwNDAyMzI1OV5BMl5BanBnXkFtZTgwOTc0MDk0MjE@._V1_QL75_UX500_CR0,47,500,281_.jpg",https://www.imdb.com/title/tt3686084/?ref_=ttep_ep_21,FALSE
4,22,World Wharf II: The Wharfening (or How Bob Saves/Destroys the Town - Part II),"Sun, May 18, 2014","It's Linda and the kids to the rescue when Felix takes desperate measures, and puts Bob and Mr. Fischoeder in danger.",8.4,1200,"https://m.media-amazon.com/images/M/MV5BMTg2MjE5Nzc5MF5BMl5BanBnXkFtZTgwNTc0MDk0MjE@._V1_QL75_UX500_CR0,47,500,281_.jpg",https://www.imdb.com/title/tt3686092/?ref_=ttep_ep_22,FALSE
5,1,"Work Hard or Die Trying, Girl","Sun, Oct 5, 2014",Gene tries to make one of his dreams a reality when he gets the opportunity to make a musical version of Die Hard at the Wagstaff Fall Festival.,8.2,1300,"https://m.media-amazon.com/images/M/MV5BMTU2MjY2OTY4MV5BMl5BanBnXkFtZTgwNjM5MDg5MjE@._V1_QL75_UX500_CR0,47,500,281_.jpg",https://www.imdb.com/title/tt3918318/?ref_=ttep_ep_1,FALSE
5,2,Tina and the Real Ghost,"Sun, Nov 2, 2014",Tina begins an out-of-this-world romance with a ghost that is believed to be living in the Belcher's basement.,7.8,1100,"https://m.media-amazon.com/images/M/MV5BMTcwNDQ5NzkxMl5BMl5BanBnXkFtZTgwOTY3OTE0MzE@._V1_QL75_UX500_CR0,47,500,281_.jpg",https://www.imdb.com/title/tt4166422/?ref_=ttep_ep_2,FALSE
5,3,Friends with Burger-fits,"Sun, Nov 16, 2014","Bob becomes Teddy's workout buddy after finding out his burgers contributed to Teddy's bad health. The two enroll in a stuntman boot camp where their friendship is put to the test. Meanwhile, the kids make an ice rink in the freezer, with Linda running their underground ice wrestling league.",7.6,992,"https://m.media-amazon.com/images/M/MV5BZTM5ZGRhMDAtYzdjZC00ZDQ4LThjYTMtNjQzNDRmNTdlOWYyXkEyXkFqcGc@._V1_QL75_UX500_CR0,0,500,281_.jpg",https://www.imdb.com/title/tt4193272/?ref_=ttep_ep_3,FALSE
5,4,Dawn of the Peck,"Sun, Nov 23, 2014","While Bob is boycotting the holiday, Linda and the kids spend Thanksgiving at the First Annual Fischoeder Turk-tacular Turkey Town Festival. However, a wild bird attack leads to total mayhem.",8.4,1300,"https://m.media-amazon.com/images/M/MV5BNTM2MTkwYmMtY2Q3Ny00NTczLTgzNTItOTVjYjYwNjUxMjEyXkEyXkFqcGc@._V1_QL75_UX500_CR0,0,500,281_.jpg",https://www.imdb.com/title/tt4166424/?ref_=ttep_ep_4,TRUE
5,5,Best Burger,"Sun, Nov 30, 2014","Bob is in a ""best burger"" competition, but is at risk of losing when an important part of the burger is nowhere to be found.",8,1000,"https://m.media-amazon.com/images/M/MV5BZDJiNzhlYWQtMGIwYy00MTMzLWFhYzItNmVjOGFmNWRjNzNmXkEyXkFqcGc@._V1_QL75_UX500_CR0,0,500,281_.jpg",https://www.imdb.com/title/tt4237506/?ref_=ttep_ep_5,FALSE
5,6,Father of the Bob,"Sun, Dec 7, 2014","At Bob's father's Christmas party, Bob and ""Big Bob"" rehash an old argument and try to outdo each other in the kitchen. Meanwhile, the kids compete to find the best gift for their dad.",7.8,1100,"https://m.media-amazon.com/images/M/MV5BZjU2OTYxM2QtYmEzYi00YmJkLWIxMTAtOTlhZDIwZjQ5NGUzXkEyXkFqcGc@._V1_QL75_UX500_CR0,0,500,281_.jpg",https://www.imdb.com/title/tt4226904/?ref_=ttep_ep_6,TRUE
5,7,Tina Tailor Soldier Spy,"Sun, Dec 14, 2014","After being pestered by the kids and a mistake by Gretchen, Linda decides to dye her hair full blonde. Meanwhile, when trying to quit the Thunder Girls Tina is asked to find a mole in the troop.",7.7,971,"https://m.media-amazon.com/images/M/MV5BNmU3OWI3ZjUtNmE0YS00MDlhLThjNGQtY2Q5ZWY2MDYwNWEyXkEyXkFqcGc@._V1_QL75_UX500_CR0,0,500,281_.jpg",https://www.imdb.com/title/tt4278370/?ref_=ttep_ep_7,FALSE
5,8,Midday Run,"Sun, Jan 4, 2015",Tina gets Gene and Louise to help ensure she gets a big hall-monitor promotion.,7.6,958,"https://m.media-amazon.com/images/M/MV5BZjQ4MWVjNzctODA3OS00MjIxLTk3ZTQtMWFkYzljMjVkMDA5XkEyXkFqcGc@._V1_QL75_UX500_CR0,0,500,281_.jpg",https://www.imdb.com/title/tt4285094/?ref_=ttep_ep_8,FALSE
5,9,Speakeasy Rider,"Sun, Jan 11, 2015","Tina, Gene and Louise are ready to put the pedal to the metal when they join a go-kart league. Meanwhile, at the restaurant Bob and Teddy partner up to serve Teddy's home-brewed beer.",7.8,964,"https://m.media-amazon.com/images/M/MV5BNjgyZTI0YTUtNzAyOC00MmEzLWExZGYtMjAzNTUxNGQ0NDYzXkEyXkFqcGc@._V1_QL75_UX500_CR0,0,500,281_.jpg",https://www.imdb.com/title/tt4346964/?ref_=ttep_ep_9,FALSE
5,10,Late Afternoon in the Garden of Bob and Louise,"Sun, Jan 25, 2015","In order to become a member of the community garden, Bob must give Louise's enemy a job.",7.9,1000,"https://m.media-amazon.com/images/M/MV5BYWQ0MWIyMWMtYWUzMC00MDhhLWE4YjktMTZkMDk3MTc2N2YxXkEyXkFqcGc@._V1_QL75_UX500_CR0,0,500,281_.jpg",https://www.imdb.com/title/tt4370928/?ref_=ttep_ep_10,FALSE
5,11,Can't Buy Me Math,"Sun, Feb 8, 2015",Tina and Darryl team up to win the Cupid's Couple contest; Linda plans Valentine's Day activities.,7.9,964,"https://m.media-amazon.com/images/M/MV5BOGI0YzllZmMtODM2Ni00MWExLWIxMTktNzdiODZjMGFkNmIyXkEyXkFqcGc@._V1_QL75_UX500_CR0,0,500,281_.jpg",https://www.imdb.com/title/tt4370950/?ref_=ttep_ep_11,TRUE
5,12,The Millie-churian Candiate,"Sun, Feb 15, 2015","Desperate to keep Millie from becoming class president and ruining the school, Tina and Louise volunteer to help run Jimmy Junior's campaign.",8.2,1000,"https://m.media-amazon.com/images/M/MV5BZjVkZWZmY2UtZWY5MC00YjY0LWFjYjQtZWE0Y2ZmM2U2N2YxXkEyXkFqcGc@._V1_QL75_UX500_CR0,0,500,281_.jpg",https://www.imdb.com/title/tt4393148/?ref_=ttep_ep_12,FALSE
5,13,The Gayle Tales,"Sun, Mar 1, 2015",The kids compete to be their Aunt Gayle's companion for the evening.,7.8,1000,"https://m.media-amazon.com/images/M/MV5BMDY1NDNkZGQtNzg3NC00MzUzLWEzMWMtYjBlM2Q5NjRlZTQwXkEyXkFqcGc@._V1_QL75_UX500_CR0,0,500,281_.jpg",https://www.imdb.com/title/tt4432866/?ref_=ttep_ep_13,FALSE
5,14,L'il Hard Dad,"Sun, Mar 8, 2015","Bob becomes obsessed with his new automatic helicopter. When it falls apart for no reason, he enters into a battle with the manufacturer in order to receive a refund. Gene assists Bob in his quest, but things quickly get out of hand and end in a crazy helicopter battle. Meanwhile, Louise and Linda help Tina prepare for her oral book report.",7.5,947,"https://m.media-amazon.com/images/M/MV5BZTI3MDIxY2MtN2JjYy00Mzk4LTg3ZjItNjMyOGNlZjFiNzZlXkEyXkFqcGc@._V1_QL75_UX500_CR0,0,500,281_.jpg",https://www.imdb.com/title/tt4454882/?ref_=ttep_ep_14,FALSE
5,15,Adventures in Chinchilla-sitting,"Sun, Mar 15, 2015","Bob and Linda head out on the town for a date - but to Linda's dismay, Bob's idea of romance proves ""trivial."" Meanwhile, a wild chinchilla chase ensues after the school pet that Louis was charged with watching escapes out the front door.",7.5,961,"https://m.media-amazon.com/images/M/MV5BNGY0M2ZiNTktOWE4My00NzFhLWFkZTYtYWM3YjFjMGMxN2U0XkEyXkFqcGc@._V1_QL75_UX500_CR0,0,500,281_.jpg",https://www.imdb.com/title/tt4469004/?ref_=ttep_ep_15,FALSE
5,16,The Runway Club,"Sun, Mar 22, 2015",The kids try to escape Saturday detention so they can attend the Cotton Candy Festival.,7.8,961,"https://m.media-amazon.com/images/M/MV5BYmU1ZTliZDMtNTRmMC00ZmVlLWI4ZmMtNjE0N2U4OWRiMjVjXkEyXkFqcGc@._V1_QL75_UX500_CR0,0,500,281_.jpg",https://www.imdb.com/title/tt4483572/?ref_=ttep_ep_16,FALSE
5,17,Itty Bitty Ditty Committee,"Sun, Apr 26, 2015","Gene is promptly kicked out of the band he formed with Tina, Louise, Rudy, Peter, and Daryl, and proclaims he is never going to play keyboard again.",7.6,931,"https://m.media-amazon.com/images/M/MV5BZjkxN2NiYzYtNDYyYS00ZWY1LTg0NGQtNmVlNjYxYWY3MGIzXkEyXkFqcGc@._V1_QL75_UX500_CR0,0,500,281_.jpg",https://www.imdb.com/title/tt4570998/?ref_=ttep_ep_17,FALSE
5,18,"Eat, Spray, Linda","Sun, May 3, 2015","It's Linda's birthday and Bob needs more time to plan her birthday surprise. But when he sends her out of the house as a distraction, she goes missing. Mayhem ensues as the Belchers must work together to find Linda.",8.4,1100,"https://m.media-amazon.com/images/M/MV5BMGIwOTI0NTEtNTc3Yy00NzAxLWE5MzAtODc5NWM0NzY3MWFkXkEyXkFqcGc@._V1_QL75_UX500_CR0,0,500,281_.jpg",https://www.imdb.com/title/tt4576552/?ref_=ttep_ep_18,FALSE
5,19,Housetrap,"Sun, May 10, 2015","When a vicious storm strikes during the Belcher family's vacation at a beach house in Craggy Neck, they find themselves staying with the mysterious owner.",8.7,1300,"https://m.media-amazon.com/images/M/MV5BODYyZTUyMzMtNGY2YS00YTE2LTg4ZDctYzBiYzljMjljZGI4XkEyXkFqcGc@._V1_QL75_UX500_CR0,0,500,281_.jpg",https://www.imdb.com/title/tt4622310/?ref_=ttep_ep_19,FALSE
5,20,Hawk & Chick,"Sun, May 17, 2015","Bob and Louise are thrilled when they meet Hawk, the star of their favorite martial arts series, and are quick to offer help upon learning about his family troubles.",8.4,1100,"https://m.media-amazon.com/images/M/MV5BMzY1NWUyMDMtMWRiYy00NzYzLTgzMDgtMGM0YTA5Yjk5ZGEzXkEyXkFqcGc@._V1_QL75_UX500_CR0,0,500,281_.jpg",https://www.imdb.com/title/tt4622318/?ref_=ttep_ep_20,FALSE
5,21,The Oeder Games,"Sun, May 17, 2015","With the threat of a rent increase on Ocean Avenue, Bob and the other tenants rebel. After approaching Fischoeder, the tenants find out that they will have to compete in order to convince him to keep their rents reasonable.",8.7,1200,"https://m.media-amazon.com/images/M/MV5BMmFiMmJmMzAtNWUzMS00MjYyLTkzZGMtMGY2OThjODcxYmYyXkEyXkFqcGc@._V1_QL75_UX500_CR0,0,500,281_.jpg",https://www.imdb.com/title/tt4622328/?ref_=ttep_ep_21,FALSE
6,1,Sliding Bobs,"Sun, Sep 27, 2015","When Bob starts to lose his hair, Linda reminisces about his mustache and how it made her fall for him; the kids make up their own versions of how Bob and Linda met.",7.8,986,"https://m.media-amazon.com/images/M/MV5BMTk3MTc0ODE3NV5BMl5BanBnXkFtZTgwODUwNTA3NjE@._V1_QL75_UX500_CR0,0,500,281_.jpg",https://www.imdb.com/title/tt4806434/?ref_=ttep_ep_1,FALSE
6,2,The Land Ship,"Sun, Oct 11, 2015",Bob thinks the upcoming Land Ship parade will increase business -- until he learns two porta-potties will be in front of his restaurant; Tina's friends tell her she is boring.,7.6,917,"https://m.media-amazon.com/images/M/MV5BMjMxNDE2MTU3Ml5BMl5BanBnXkFtZTgwMzUwNDg1MDI@._V1_QL75_UX500_CR0,47,500,281_.jpg",https://www.imdb.com/title/tt5043080/?ref_=ttep_ep_2,FALSE
6,3,The Hauntening,"Sun, Oct 18, 2015","When Louise admits that she has never felt scared before, the family goes to a haunted house in an effort to change but mayhem ensues after their visit.",9.1,1800,"https://m.media-amazon.com/images/M/MV5BZmVmZGUxMWEtNzI2YS00OTJiLWIzN2QtYTI1YWY3NDRhODM4XkEyXkFqcGc@._V1_QL75_UX500_CR0,0,500,281_.jpg",https://www.imdb.com/title/tt5062580/?ref_=ttep_ep_3,FALSE
6,4,Gayle Makin' Bob Sled,"Sun, Nov 8, 2015","Bob goes to pick up Gayle so she does not miss the Thanksgiving celebration, but gets caught in a snowstorm coming back, leaving Linda to prepare the turkey.",7.6,1000,"https://m.media-amazon.com/images/M/MV5BODY2OTYzMDk0Nl5BMl5BanBnXkFtZTgwNjkwNDg1MDI@._V1_QL75_UX500_CR0,47,500,281_.jpg",https://www.imdb.com/title/tt5124542/?ref_=ttep_ep_4,TRUE
6,5,Nice-Capades,"Sun, Nov 15, 2015","A grumpy mall Santa threatens to put Gene, Tina and Louise on the naughty list, inspiring them to arrange a musical performance in hopes of changing Santa's mind before Christmas.",7.5,927,"https://m.media-amazon.com/images/M/MV5BMjEzODQ1OTMyNl5BMl5BanBnXkFtZTgwNDAxNDg1MDI@._V1_QL75_UX500_CR0,47,500,281_.jpg",https://www.imdb.com/title/tt5147222/?ref_=ttep_ep_5,TRUE
6,6,"The Cook, the Steve, the Gayle, & Her Lover","Sun, Jan 17, 2016","When Bob throws a dinner party, Gayle takes advantage of the opportunity to introduce her new love interest to the family; a long-standing feud is revealed.",7.8,930,"https://m.media-amazon.com/images/M/MV5BMjMyNDk4MDE5M15BMl5BanBnXkFtZTgwMjIxNDg1MDI@._V1_QL75_UX500_CR0,47,500,281_.jpg",https://www.imdb.com/title/tt5204516/?ref_=ttep_ep_6,FALSE
6,7,The Gene and Courtney Show,"Sun, Feb 14, 2016","Gene and Courtney are given the opportunity to be the new hosts of morning announcements, but their romantic history poses challenges; Tina's plan goes awry.",7.6,879,"https://m.media-amazon.com/images/M/MV5BMTU1NDUyNDc3N15BMl5BanBnXkFtZTgwNzQ0OTQwODE@._V1_QL75_UX500_CR0,47,500,281_.jpg",https://www.imdb.com/title/tt5352800/?ref_=ttep_ep_7,FALSE
6,8,Sexy Dance Healing,"Sun, Feb 21, 2016",Bob must take legal action after he slips on the sidewalk and needs to pay for surgery; Jairo promises to heal Bob without doctors; the kids fake a law firm.,7.6,883,"https://m.media-amazon.com/images/M/MV5BMjQwMzM3MzU0Nl5BMl5BanBnXkFtZTgwMzQ2NjExODE@._V1_QL75_UX500_CR0,47,500,281_.jpg",https://www.imdb.com/title/tt5461660/?ref_=ttep_ep_8,FALSE
6,9,Sacred Couch,"Sun, Mar 6, 2016","Louise wants the family to get a new couch, but the family votes against it. So she decides to take care of the problem herself.",7.2,951,"https://m.media-amazon.com/images/M/MV5BNDM2NTJlMDItODRmMy00NGNkLWE4YmEtODllYTcwMzFkN2Y2XkEyXkFqcGc@._V1_QL75_UX500_CR0,47,500,281_.jpg",https://www.imdb.com/title/tt5527708/?ref_=ttep_ep_9,FALSE
6,10,Lice Things Are Lice,"Sun, Mar 13, 2016","When Tina volunteers alongside Nurse Liz, she finds herself involved in the biggest scandal to hit Wagstaff: a lice infestation. Meanwhile, Bob makes improvements to the restaurant that end up driving customers away. Can the Belchers juggle both a crisis at the restaurant and lice?",7.6,896,"https://m.media-amazon.com/images/M/MV5BMTg4MjE3OTYxNl5BMl5BanBnXkFtZTgwNTkxNDg1MDI@._V1_QL75_UX500_CR0,47,500,281_.jpg",https://www.imdb.com/title/tt5509096/?ref_=ttep_ep_10,FALSE
6,11,House of 1000 Bounces,"Sun, Apr 3, 2016","The Belcher kids hop into action after news of a bounce house crisis at a birthday party; Bob encounters a guest at the restaurant, fixing him to face a fear.",7.7,874,"https://m.media-amazon.com/images/M/MV5BOTdkMmYyMjItOGNhMS00MjVlLThmNTgtNGQ5ODFhNjZkZjcxXkEyXkFqcGc@._V1_QL75_UX500_CR0,0,500,281_.jpg",https://www.imdb.com/title/tt5555436/?ref_=ttep_ep_11,FALSE
6,12,Stand by Gene,"Sun, Apr 3, 2016","When Gene overhears talk about a mystical creature that lives nearby, he leads the Belcher kids and their friends on a journey to find it. Meanwhile, Linda's competitive nature takes over during downtime at the restaurant.",8.3,946,"https://m.media-amazon.com/images/M/MV5BYzk1ODAxZjMtNTFjOC00ZTQ5LWJjN2UtY2ViOTk4YzFmYTg1XkEyXkFqcGc@._V1_QL75_UX500_CR0,0,500,281_.jpg",https://www.imdb.com/title/tt5587988/?ref_=ttep_ep_12,FALSE
6,13,Wag the Hog,"Sun, Apr 10, 2016","The Belchers try to help Bob's friend, Critter, after he lands in jail for unpaid parking tickets; Linda takes a job as a babysitter.",7.6,841,"https://m.media-amazon.com/images/M/MV5BNTg1ODIzMjA2MV5BMl5BanBnXkFtZTgwNjEyNDg1MDI@._V1_QL75_UX500_CR0,47,500,281_.jpg",https://www.imdb.com/title/tt5587990/?ref_=ttep_ep_13,FALSE
6,14,The Hormone-iums,"Sun, Apr 17, 2016","Tina gets her wish for Wagstaff fame, but soon regrets it. Linda pursues an improbable business venture, but struggles to get it off the ground.",7.5,825,"https://m.media-amazon.com/images/M/MV5BMjA1NjgwMjg0Nl5BMl5BanBnXkFtZTgwMDIyNDg1MDI@._V1_QL75_UX500_CR0,47,500,281_.jpg",https://www.imdb.com/title/tt5606452/?ref_=ttep_ep_14,FALSE
6,15,Pro Tiki/Con Tiki,"Sun, Apr 24, 2016",Bob's friend Warren comes to visit and makes an offer to invest in the restaurant; Bob is hesitant when he finds out about Warren's interior design ideas.,7.4,865,"https://m.media-amazon.com/images/M/MV5BMTg1ODExMjAzM15BMl5BanBnXkFtZTgwMDA5MTg1MDI@._V1_QL75_UX500_CR0,47,500,281_.jpg",https://www.imdb.com/title/tt5623906/?ref_=ttep_ep_15,FALSE
6,16,Bye Bye Boo Boo,"Sun, May 8, 2016",Louise enters a contest with the hopes that Tina will get to meet Boo Boo from Boyz 4 Now; Bob learns more about the history of the restaurant.,7.5,839,"https://m.media-amazon.com/images/M/MV5BMTcyNDM0MTY0MV5BMl5BanBnXkFtZTgwNDMwNjY4ODE@._V1_QL75_UX500_CR0,47,500,281_.jpg",https://www.imdb.com/title/tt5662168/?ref_=ttep_ep_16,FALSE
6,17,The Horse Rider-er,"Sun, May 15, 2016","Tina manages to convince her parents to send her to horse camp; but in doing so, she realizes she must end her relationship with her imaginary horse, Jericho.",7.8,884,"https://m.media-amazon.com/images/M/MV5BMjMyNzg2NjMzMV5BMl5BanBnXkFtZTgwMTQyNDg1MDI@._V1_QL75_UX500_CR0,47,500,281_.jpg",https://www.imdb.com/title/tt5662170/?ref_=ttep_ep_17,FALSE
6,18,Secret Admiral-irer,"Sun, May 22, 2016","Tina's ideas of love and romance are tested when she volunteers at a nursing home to earn her next Thunder Girls badge. Meanwhile, Bob makes new friends who lead him to make some questionable choices.",7.8,867,"https://m.media-amazon.com/images/M/MV5BMjM3MTQ2MTkxM15BMl5BanBnXkFtZTgwMDQyNDg1MDI@._V1_QL75_UX500_CR0,47,500,281_.jpg",https://www.imdb.com/title/tt5662172/?ref_=ttep_ep_18,FALSE
6,19,"Glued, Where's My Bob?","Sun, May 22, 2016",The Belcher children are involved in a goop war prank that takes place on the same day that a journalist is visiting the restaurant to write a profile.,9,1500,"https://m.media-amazon.com/images/M/MV5BYjU5OTA3MWQtNjc1NC00NzNhLTgwMDMtMmNkZWZlYmU3ZmM1XkEyXkFqcGc@._V1_QL75_UX500_CR0,0,500,281_.jpg",https://www.imdb.com/title/tt5662174/?ref_=ttep_ep_19,FALSE
7,1,Flu-ouise,"Sun, Sep 25, 2016","Louise comes down with the flu and falls into a wild fever dream filled with familiar faces, zany musical numbers and a crazy adventure.",8.1,1200,"https://m.media-amazon.com/images/M/MV5BMTU4ODEzNjc4M15BMl5BanBnXkFtZTgwMjEzMjUxMDI@._V1_QL75_UX500_CR0,14,500,281_.jpg",https://www.imdb.com/title/tt5096560/?ref_=ttep_ep_1,FALSE
7,2,Sea Me Now,"Sun, Oct 9, 2016",Teddy tries to impress his ex-wife by organizing a day trip on his newly refurbished boat; Tina attempts to prove she's responsible enough to have a cellphone by taking care Bob's prized eraser.,7.8,940,"https://m.media-amazon.com/images/M/MV5BYzk3YzUyOTEtNmI2Zi00MDdiLTk1ZmEtZGMxYjFiYTYzMDg3XkEyXkFqcGc@._V1_QL75_UX500_CR0,47,500,281_.jpg",https://www.imdb.com/title/tt6104384/?ref_=ttep_ep_2,FALSE
7,3,Teen-a-Witch,"Sun, Oct 23, 2016","When Tammy steals her idea for winning the annual Halloween costume contest, Tina turns to witchcraft.",7.6,938,"https://m.media-amazon.com/images/M/MV5BMjI4OTQxMzIwNl5BMl5BanBnXkFtZTgwOTExNzY0MDI@._V1_QL75_UX500_CR0,47,500,281_.jpg",https://www.imdb.com/title/tt6114346/?ref_=ttep_ep_3,TRUE
7,4,"They Serve Horses, Don't They?","Sun, Nov 6, 2016",The Belchers find themselves involved in a full-blown investigation when Bob secures a new meat provider who claims to save money on every order.,7.6,892,"https://m.media-amazon.com/images/M/MV5BMTY5MDIwNDA3M15BMl5BanBnXkFtZTgwOTA0NDg1MDI@._V1_QL75_UX500_CR0,47,500,281_.jpg",https://www.imdb.com/title/tt6146960/?ref_=ttep_ep_4,FALSE
7,5,"Larger Brother, Where Fart Thou?","Sun, Nov 20, 2016","Gene and Louise are left home alone when Tina ends up in detention, while Bob and Linda get into trouble with their accountant.",8.1,942,"https://m.media-amazon.com/images/M/MV5BNmI3ZmI3M2YtZTY4ZS00OTNjLTgzYjAtZWMwZjU4ZGQ2YTE2XkEyXkFqcGc@._V1_QL75_UX500_CR0,0,500,281_.jpg",https://www.imdb.com/title/tt6190702/?ref_=ttep_ep_5,FALSE
7,6,The Quirk-ducers,"Sun, Nov 20, 2016",The Belcher kids produce their own version of the annual Thanksgiving play and Linda finds a potato that resembles her late grandfather.,8,927,"https://m.media-amazon.com/images/M/MV5BMTU3MTA4MTExOV5BMl5BanBnXkFtZTgwMzU2MDY2MDI@._V1_QL75_UX500_CR0,47,500,281_.jpg",https://www.imdb.com/title/tt6190772/?ref_=ttep_ep_6,TRUE
7,7,The Last Gingerbread House on the Left,"Sun, Nov 27, 2016","Bob gets involved in a gingerbread house competition with Mr. Fischoeder and his friends while Linda, Teddy and the kids spread Christmas cheer through caroling.",8.2,1000,"https://m.media-amazon.com/images/M/MV5BYjA4ZWZkMTctMTExOS00Y2I2LWJkNzAtNTZhMTA4NTk0ZGJkXkEyXkFqcGc@._V1_QL75_UX500_CR0,0,500,281_.jpg",https://www.imdb.com/title/tt6213826/?ref_=ttep_ep_7,TRUE
7,8,Ex Mach Tina,"Sun, Jan 8, 2017","After hurting her ankle, Tina enrolls in a program that enables her send a robot of herself to school and the robot gives her an unexpected breakthrough with Jimmy Jr.",7.9,920,"https://m.media-amazon.com/images/M/MV5BZDkwNjE3N2EtYzJmYy00N2VjLWJiNmMtZDIyZmI1ZTdjNjAxXkEyXkFqcGc@._V1_QL75_UX500_CR0,0,500,281_.jpg",https://www.imdb.com/title/tt6119178/?ref_=ttep_ep_8,FALSE
7,9,Bob Actually,"Sun, Feb 12, 2017","With Valentine's Day around the corner, the kids find themselves in love-caused chaos and Bob comes up with a romantic gesture to impress Linda.",8.5,1100,"https://m.media-amazon.com/images/M/MV5BMjExMjI1MzgtM2I5NC00NDdjLTg0MzgtYTQ3YTQyNzY3YWE3XkEyXkFqcGc@._V1_QL75_UX500_CR0,0,500,281_.jpg",https://www.imdb.com/title/tt6405378/?ref_=ttep_ep_9,TRUE
7,10,There's No Business Like Mr. Business Business,"Sun, Feb 19, 2017","Bob is skeptical about Gayle's cat Mr. Business having a career in showbiz, until it looks like the cat could have his big break.",7.5,859,"https://m.media-amazon.com/images/M/MV5BYTE3MGM2NjMtMzYyYS00ZDQ5LWI2ZWUtYmYzZjgyNTk2NWRlXkEyXkFqcGc@._V1_QL75_UX500_CR0,0,500,281_.jpg",https://www.imdb.com/title/tt6467848/?ref_=ttep_ep_10,FALSE
7,11,A Few 'Gurt Men,"Sun, Mar 5, 2017",Louise finds herself in a predicament when she is told that she will be representing one of her biggest enemies at Wagstaff during a mock-trial.,8.2,898,"https://m.media-amazon.com/images/M/MV5BODU2MTMxYjgtNmY0Zi00MzViLThkNDktZTljOGE0MmU5YzA2XkEyXkFqcGc@._V1_QL75_UX500_CR0,0,500,281_.jpg",https://www.imdb.com/title/tt6545324/?ref_=ttep_ep_11,FALSE
7,12,Like Gene for Chocolate,"Sun, Mar 12, 2017","Gene learns that the formula for his favorite chocolate has changed, so he works with the head of the company to fix the problem. In the meantime, Bob gets wrapped up in one of Teddy's not-so-perfect plans.",7.5,818,"https://m.media-amazon.com/images/M/MV5BM2Q3NTk0OTEtN2Y0OS00YTRiLTg4ODAtMjI0MDA3OTBmMTk0XkEyXkFqcGc@._V1_QL75_UX500_CR0,0,500,281_.jpg",https://www.imdb.com/title/tt6540330/?ref_=ttep_ep_12,FALSE
7,13,The Grand Mama-Pest Hotel,"Sun, Mar 19, 2017","Linda chaperones Tina's weekend at a heroine convention, while Gene and Louise spend the weekend with Bob.",7.4,833,"https://m.media-amazon.com/images/M/MV5BY2QyYjI2NGUtY2VmOC00M2FkLTg1NTItMjE5ZTUxNWE5MWFhXkEyXkFqcGc@._V1_QL75_UX500_CR0,0,500,281_.jpg",https://www.imdb.com/title/tt6570836/?ref_=ttep_ep_13,FALSE
7,14,Aquaticism,"Sun, Mar 26, 2017","The Belcher kids hatch a plan to save the aquarium from closure, while Bob learns a few things about Linda's customer service skills.",7.6,851,"https://m.media-amazon.com/images/M/MV5BMjU4NThkZTQtYjBmZC00YzE2LWJmYWUtNzdlNDg2MDYwZTY0XkEyXkFqcGc@._V1_QL75_UX500_CR0,0,500,281_.jpg",https://www.imdb.com/title/tt6597072/?ref_=ttep_ep_14,FALSE
7,15,Ain't Miss Debatin',"Sun, Mar 26, 2017","Tina is recruited for the debate team, while Gene and Louise make a stop motion film centered on a surprising subject matter.",7.9,860,"https://m.media-amazon.com/images/M/MV5BZDJjMDU1MTctZDIxNS00ZWVhLWI2YTgtZTY2ZDZkYTczYmQxXkEyXkFqcGc@._V1_QL75_UX500_CR0,0,500,281_.jpg",https://www.imdb.com/title/tt6597076/?ref_=ttep_ep_15,FALSE
7,16,Eggs for Days,"Sun, Apr 2, 2017","At the annual Easter egg hunt, Bob and Linda have a little too much fun hiding the eggs, so the Belchers race to find the one egg rotting in its hiding place.",8.2,889,"https://m.media-amazon.com/images/M/MV5BODJhMDFhNTMtNTJjMS00YmQ0LTg3OTMtMjZhYzkyYTkxMjBlXkEyXkFqcGc@._V1_QL75_UX500_CR0,0,500,281_.jpg",https://www.imdb.com/title/tt6631398/?ref_=ttep_ep_16,TRUE
7,17,Zero Larp Thirty,"Sun, Apr 23, 2017","Linda wins a contest to spend a weekend at the home where her favorite TV show is filmed, but it doesn't quite go as planned.",7.7,842,"https://m.media-amazon.com/images/M/MV5BZjZkMDgzODgtOTIzNC00OWRjLThlOGQtNDMwOTEyNGRiNDRiXkEyXkFqcGc@._V1_QL75_UX500_CR0,0,500,281_.jpg",https://www.imdb.com/title/tt6715452/?ref_=ttep_ep_17,FALSE
7,18,The Laser-inth,"Sun, Apr 23, 2017",Bob and Gene go to the last-ever rock-and-roll laser show at the planetarium while Linda and the girls go out to dinner at a wacky restaurant.,8.2,897,"https://m.media-amazon.com/images/M/MV5BMTJiMDk5NDctMzg0ZC00NGQ1LWJjMGYtMTNiYmM0YmE4YmE2XkEyXkFqcGc@._V1_QL75_UY281_CR0,0,500,281_.jpg",https://www.imdb.com/title/tt6733190/?ref_=ttep_ep_18,FALSE
7,19,Thelma & Louise Except Thelma Is Linda,"Sun, Apr 30, 2017",Linda could lose her position as the leader of the Wagstaff bake sale when Louise gets in trouble at school.,8.2,836,"https://m.media-amazon.com/images/M/MV5BOWRhMTQwNTEtODdkOC00OGI4LWEzMDktMDQxOTU1YjRkNmVlXkEyXkFqcGc@._V1_QL75_UX500_CR0,47,500,281_.jpg",https://www.imdb.com/title/tt6733194/?ref_=ttep_ep_19,FALSE
7,20,"Mom, Lies and Videotapes","Sun, May 7, 2017",Linda catches a cold just before the Mother's Day show at Wagstaff.,7.7,822,"https://m.media-amazon.com/images/M/MV5BMmNhMDVjMmItYzMwMi00YjBhLWJiYzEtZjhhMDQwM2RiNWJiXkEyXkFqcGc@._V1_QL75_UX500_CR0,47,500,281_.jpg",https://www.imdb.com/title/tt6733202/?ref_=ttep_ep_20,TRUE
7,21,Paraders of the Lost Float,"Sun, May 21, 2017",Teddy talks Bob into entering the Bog to Beach parade even though the forecast calls for rain.,7.6,821,"https://m.media-amazon.com/images/M/MV5BMzhiNWQ1OWQtZjg4ZC00MjNmLWIxMTYtOWI1MWU2MjQ1Y2Q0XkEyXkFqcGc@._V1_QL75_UX500_CR0,0,500,281_.jpg",https://www.imdb.com/title/tt6733206/?ref_=ttep_ep_21,FALSE
7,22,Into the Mild,"Sun, Jun 11, 2017",Bob realizes his dream of being an outdoorsman when the wilderness equipment store has a going out of business sale; Linda and the kids spend the night watching Aunt Gayle rehearse for her one-woman show.,7.6,799,"https://m.media-amazon.com/images/M/MV5BYzRkOTA5ZjAtY2UwYS00NThjLTllZWItNWRlZGIzYmViZTM2XkEyXkFqcGc@._V1_QL75_UX500_CR0,0,500,281_.jpg",https://www.imdb.com/title/tt6733212/?ref_=ttep_ep_22,FALSE
8,1,Brunchsquatch,"Sun, Oct 1, 2017",Bob decides to serve brunch to compete with Jimmy Pesto; the Belcher kids help Mr. Fischoeder's brother hide from him.,7.9,1300,"https://m.media-amazon.com/images/M/MV5BNDkzMGE4ZTYtNzg5MS00ZGEwLWIzNTItMDAzMzIyZGIwOTBkXkEyXkFqcGc@._V1_QL75_UX500_CR0,0,500,281_.jpg",https://www.imdb.com/title/tt6993092/?ref_=ttep_ep_1,FALSE
8,2,The Silence of the Louise,"Sun, Oct 15, 2017",Louise enlists Millie's help to find the culprit who attacked Mr. Frond's therapy dolls.,8.1,937,"https://m.media-amazon.com/images/M/MV5BZmE3YjZkYzktOGVlNS00NDUyLWE3MjAtNTNjZmUxMzNlMTI5XkEyXkFqcGc@._V1_QL75_UX500_CR0,0,500,281_.jpg",https://www.imdb.com/title/tt7437468/?ref_=ttep_ep_2,FALSE
8,3,The Wolf of Wharf Street,"Sun, Oct 22, 2017","On Halloween night, Linda tries to impress the kids by taking them to look for a wolf that has been terrorizing the town. Meanwhile, an injured and medicated Bob believes that Teddy has turned into a werewolf.",8,927,"https://m.media-amazon.com/images/M/MV5BYzYzZTk3ODQtNzU2Ni00ZWM2LTg0N2ItMTJjMmZiNTFmMjFkXkEyXkFqcGc@._V1_QL75_UX500_CR0,0,500,281_.jpg",https://www.imdb.com/title/tt7437454/?ref_=ttep_ep_3,TRUE
8,4,Sit Me Baby One More Time,"Sun, Nov 5, 2017",Tina starts a babysitting franchise that goes off the rails when Tammy is hired to work with her.,7.8,855,"https://m.media-amazon.com/images/M/MV5BYjliODU5MmItZDk3NS00ODdlLTliNzQtOWZlZGIwYWU1OWEyXkEyXkFqcGc@._V1_QL75_UX500_CR0,0,500,281_.jpg",https://www.imdb.com/title/tt7542490/?ref_=ttep_ep_4,FALSE
8,5,Thanks-hoarding,"Sun, Nov 19, 2017",The Belchers discover that Teddy is a secret hoarder when they reluctantly agree to pitch in for Thanksgiving with his family.,7.8,862,"https://m.media-amazon.com/images/M/MV5BMzA5MDAyNmEtM2QzYi00YzA1LTlkYTctYzIwNWNkMmVhYzI3XkEyXkFqcGc@._V1_QL75_UX500_CR0,0,500,281_.jpg",https://www.imdb.com/title/tt7585872/?ref_=ttep_ep_5,TRUE
8,6,The Bleakening,"Sun, Dec 10, 2017","Linda wants to add some extra cheer to the holidays by throwing a holiday party. After her ornaments are stolen, Linda interrogates her guests. The children think it was ""The Bleaken"".",8.4,1200,"https://m.media-amazon.com/images/M/MV5BZjJiODFmMmItMTAxZC00ZDMxLWIyM2MtODA2NjIwODY1ZDU3XkEyXkFqcGc@._V1_QL75_UX500_CR0,0,500,281_.jpg",https://www.imdb.com/title/tt7635808/?ref_=ttep_ep_6,TRUE
8,7,V for Valentine-detta,"Sun, Jan 14, 2018","Tina has a rough break up on Valentine's Day, so Linda and Louise take her on a girls' night out, while Bob and Gene have a trapeze experience that brings them closer.",8.3,1000,"https://m.media-amazon.com/images/M/MV5BYjM0MTE5NmUtMmFlNS00YTdhLWI4OGItNjAwNmM4MDcwMjhmXkEyXkFqcGc@._V1_QL75_UX500_CR0,0,500,281_.jpg",https://www.imdb.com/title/tt7733366/?ref_=ttep_ep_7,TRUE
8,8,Y Tu Ga-Ga Tambien,"Sun, Mar 11, 2018",Gene disapproves of a new playground game; Linda fills in for the local library storyteller.,7.6,805,"https://m.media-amazon.com/images/M/MV5BMmM5MGRlOGMtMzQxMC00MTVmLTg3ZDctNDI1MjdjM2I3MWQ4XkEyXkFqcGc@._V1_QL75_UX500_CR0,15,500,281_.jpg",https://www.imdb.com/title/tt7852806/?ref_=ttep_ep_8,FALSE
8,9,The Secret Ceramics Room of Secrets,"Sun, Mar 18, 2018","The kids are tasked with giving their grandma homemade gifts for her birthday and set out to find a secret ceramics room that, according to urban legend, has been boarded up for years.",7.7,758,"https://m.media-amazon.com/images/M/MV5BNTJiMjMyMjYtMTJlMC00NTFlLTk5ZTgtMzdhZjVmZWUxNzI1XkEyXkFqcGc@._V1_QL75_UX500_CR0,0,500,281_.jpg",https://www.imdb.com/title/tt8045718/?ref_=ttep_ep_9,FALSE
8,10,Sleeping with the Frenemy,"Sun, Mar 25, 2018",Tina allows Tammy to stay with the Belchers during Spring Break and fixes her up with a boy from out of town.,7.5,752,"https://m.media-amazon.com/images/M/MV5BYTdmOWUwNTctOGE5ZS00NjlkLWI3NjgtM2YwZmU5MDI2ZWY2XkEyXkFqcGc@._V1_QL75_UY281_CR18,0,500,281_.jpg",https://www.imdb.com/title/tt8075308/?ref_=ttep_ep_10,FALSE
8,11,The Hurt Soccer,"Sun, Apr 1, 2018",The Belchers sign Louise up for a soccer league and must help her train for the last game of the season.,8,827,"https://m.media-amazon.com/images/M/MV5BNWFkMmFmZjAtNDY5NS00YjljLTkzNmEtZjE1N2UzMzJiNTlhXkEyXkFqcGc@._V1_QL75_UX500_CR0,0,500,281_.jpg",https://www.imdb.com/title/tt8110994/?ref_=ttep_ep_11,FALSE
8,12,Cheer Up Sleepy Gene,"Sun, Apr 8, 2018",Gene is nervous about going to his first sleepover and realizes he had a right to be when things don't go as planned.,7.6,763,"https://m.media-amazon.com/images/M/MV5BNmI0NmNjMjUtMTA3MC00NjY1LThiZDUtZmFhY2ZhYzBiODM5XkEyXkFqcGc@._V1_QL75_UY281_CR0,0,500,281_.jpg",https://www.imdb.com/title/tt8174214/?ref_=ttep_ep_12,FALSE
8,13,The Trouble with Doubles,"Sun, Apr 15, 2018","Bob and Linda get trapped in an Escape Room while on a double date with another couple. Meanwhile, Louise hosts a zombie-movie night, but Tina takes charge when the zombies prove to be too scary.",7.9,791,"https://m.media-amazon.com/images/M/MV5BNzlhOWRlNjItNjk4OC00NThjLTg2MzQtNDdiYzc0N2VkNjcwXkEyXkFqcGc@._V1_QL75_UY281_CR0,0,500,281_.jpg",https://www.imdb.com/title/tt8254030/?ref_=ttep_ep_13,FALSE
8,14,Go Tina on the Mountain,"Sun, Apr 22, 2018","Tina befriends a hermit living in the woods when she, Gene and Louise go to Outdoor Education; Bob and Linda see what it's like to be empty-nesters.",7.7,744,"https://m.media-amazon.com/images/M/MV5BM2RkMGYyMzktOTQxOS00ZmU2LThjMDQtZjhkYTBhMTQ1NmU4XkEyXkFqcGc@._V1_QL75_UX500_CR0,0,500,281_.jpg",https://www.imdb.com/title/tt8254032/?ref_=ttep_ep_14,FALSE
8,15,"Are You There Bob? It's Me, Birthday","Sun, Apr 29, 2018","Linda and the kids try to put together a last-minute surprise party when they forget Bob's birthday, but to do so, Linda asks Hugo to take Bob with him on his restaurant health inspections.",7.7,745,"https://m.media-amazon.com/images/M/MV5BMTlkY2ExZDgtMzc2ZS00MmQxLTgwYjYtMzE5OTI1MmI3NTZkXkEyXkFqcGc@._V1_QL75_UX500_CR0,0,500,281_.jpg",https://www.imdb.com/title/tt8012166/?ref_=ttep_ep_15,FALSE
8,16,Boywatch,"Sun, May 6, 2018","Tina joins the Junior Lifeguards, but she struggles with the training, prompting one of her fellow junior guards to try and make her quit.",7.3,738,"https://m.media-amazon.com/images/M/MV5BNmZlOTAwZTItNDM3ZC00Yzc2LTg5ODUtZjlhNmM5ZGI1NjE1XkEyXkFqcGc@._V1_QL75_UX500_CR0,0,500,281_.jpg",https://www.imdb.com/title/tt8259880/?ref_=ttep_ep_16,FALSE
8,17,As I Walk Through the Alley of the Shadow of Ramps,"Sun, May 13, 2018",Louise gets into a turf war with a juice truck owner trying to set up shop in the Belcher's alley; Linda realizes she can't always come to her sister's defense.,7.7,761,"https://m.media-amazon.com/images/M/MV5BYmFkYTYyY2UtODI3YS00ZDViLTkxMjItY2I0ZjBiYjkxZWY1XkEyXkFqcGc@._V1_QL75_UX500_CR0,0,500,281_.jpg",https://www.imdb.com/title/tt8259884/?ref_=ttep_ep_17,FALSE
8,18,Mo Mommy Mo Problems,"Sun, May 13, 2018","On Mother's Day, the Belchers wind up in a real estate scheme when attend open houses for free food and Linda meets a charming real estate agent.",7.7,737,"https://m.media-amazon.com/images/M/MV5BNzA2MzFjMWMtYWRkYi00ZjRlLWE5ZDYtM2E3ZmJiMjg3ODg2XkEyXkFqcGc@._V1_QL75_UX500_CR0,0,500,281_.jpg",https://www.imdb.com/title/tt8259896/?ref_=ttep_ep_18,TRUE
8,19,Mission Impos-Slug-Ble,"Sun, May 20, 2018",Louise devises a plan to get her extensive Burobu card collection back after it's confiscated at school.,7.5,733,"https://m.media-amazon.com/images/M/MV5BZTJjMjU5MTQtMWExYS00Njk1LWFiMDUtZTkyZjY2M2U3Yzk1XkEyXkFqcGc@._V1_QL75_UX500_CR0,0,500,281_.jpg",https://www.imdb.com/title/tt8259898/?ref_=ttep_ep_19,FALSE
8,20,"Something Old, Something New, Something Bob Caters for You","Sun, May 20, 2018",The Belchers cater a wedding for a couple who fell in love at the restaurant.,8.2,839,"https://m.media-amazon.com/images/M/MV5BN2I1YTgwNDctYTIzZC00MWVhLWJkMzMtZTA0OWI0NzlhMjg5XkEyXkFqcGc@._V1_QL75_UX500_CR0,0,500,281_.jpg",https://www.imdb.com/title/tt8259902/?ref_=ttep_ep_20,FALSE
9,1,Just One of the Boyz 4 Now for Now,"Sun, Sep 30, 2018","Convinced she's met the love of her life, Tina decides to disguise herself as a boy and sneak into the Boyz 4 Now auditions to find him. Back at the restaurant, Teddy asks the rest of the Belcher gang to nurse his baby rat back to health.",7.6,1100,"https://m.media-amazon.com/images/M/MV5BNmNiYmI0ZDctYjQwNy00MzI2LWFmM2MtNzkwNGQyZWVlYzhiXkEyXkFqcGc@._V1_QL75_UX500_CR0,0,500,281_.jpg",https://www.imdb.com/title/tt8407530/?ref_=ttep_ep_1,FALSE
9,2,The Taking of Funtime One Two Three,"Sun, Oct 7, 2018","With help from Mr. Fischoeder, the Belcher kids devise a master plan to win the grand prize dune buggy at their local arcade; Teddy promises Bob and Linda fresh eggs if they take in a chicken.",8.5,982,"https://m.media-amazon.com/images/M/MV5BMjE0MTQ2MDMtNTQwZS00MjZlLTk1NDctMzdkOTM3MGJjZjQ4XkEyXkFqcGc@._V1_QL75_UX500_CR0,0,500,281_.jpg",https://www.imdb.com/title/tt8651752/?ref_=ttep_ep_2,FALSE
9,3,Tweentrepreneurs,"Sun, Oct 14, 2018","Tina, Louise, and Gene get a taste of business when they join the school's Tweentrepeneurs club. Back at the restaurant, Bob and Linda find themselves outsmarted by a dine-and-dasher.",7.7,798,"https://m.media-amazon.com/images/M/MV5BODY0NTY1ZTUtZjA0NS00MGU5LWIxYjAtM2U1NzUyOGNiNDhiXkEyXkFqcGc@._V1_QL75_UX500_CR0,0,500,281_.jpg",https://www.imdb.com/title/tt8651754/?ref_=ttep_ep_3,FALSE
9,4,Nightmare on Ocean Avenue Street,"Sun, Oct 21, 2018","The Belcher kids set out to find the culprit who's snatching everyone's candy bags on Halloween night. Meanwhile, Teddy gets carried away when he decorates the restaurant to compete with another handyman on the street.",8.1,858,"https://m.media-amazon.com/images/M/MV5BNjI5ZjdiODgtZDA1ZS00N2Q1LWJlNjItNzkzMjVmZTdlMzdhXkEyXkFqcGc@._V1_QL75_UX500_CR0,0,500,281_.jpg",https://www.imdb.com/title/tt8651756/?ref_=ttep_ep_4,TRUE
9,5,Live and Let Fly,"Sun, Nov 4, 2018",The Belcher kids' revenge plan against the school counselor gets them involved in a sibling rivalry between two pilots. Meanwhile Teddy invites Bob and Linda to a paper airplane contest.,7.3,750,"https://m.media-amazon.com/images/M/MV5BZjMxMTE4NDgtZGE4ZC00OTZmLTg3ZjUtMzE0ZmIxMTU1ZDY5XkEyXkFqcGc@._V1_QL75_UX500_CR0,0,500,281_.jpg",https://www.imdb.com/title/tt8651758/?ref_=ttep_ep_5,FALSE
9,6,Bobby Driver,"Sun, Nov 11, 2018",Bob drives a professional quilter around town when she talks him into joining her revenge plot; the kids attend a Gatsby-themed birthday party; Linda helps Teddy expand his taste palate.,8.1,863,"https://m.media-amazon.com/images/M/MV5BZjNmODVkYjYtMGNiNy00ZDA0LTk3OTctYTgwZmFlNTYwZWM1XkEyXkFqcGc@._V1_QL75_UX500_CR0,0,500,281_.jpg",https://www.imdb.com/title/tt8651762/?ref_=ttep_ep_6,FALSE
9,7,I Bob Your Pardon,"Sun, Nov 18, 2018",The Belchers try to save a turkey from the slaughterhouse.,7.6,764,"https://m.media-amazon.com/images/M/MV5BYmQ1ODBhMmUtYmRiYy00MWQwLWEzMDUtOTFhNDFiZjg0MjVkXkEyXkFqcGc@._V1_QL75_UX500_CR0,0,500,281_.jpg",https://www.imdb.com/title/tt8651764/?ref_=ttep_ep_7,FALSE
9,8,Roller? I Hardly Know Her!,"Sun, Nov 25, 2018","Gene is upset with his best friend ditching him for Courtney as a roller-dancing partner; Teddy, Linda and Bob discover someone stalking the restaurant.",7.3,728,"https://m.media-amazon.com/images/M/MV5BYzViMDY3NjItYmYxOC00YTVmLTliM2ItYTdiYzNjYWI4YjUxXkEyXkFqcGc@._V1_QL75_UX500_CR0,0,500,281_.jpg",https://www.imdb.com/title/tt8651766/?ref_=ttep_ep_8,FALSE
9,9,UFO No You Didn't,"Sun, Dec 2, 2018","Tina and her new science partner create a device that allows them to communicate with aliens, but their excitement turns to fear when they receive a dangerous warning message. Meanwhile, Bob attempts to sell mini coat racks he bought.",7.3,735,"https://m.media-amazon.com/images/M/MV5BYzBhMTkwMWItODRhZC00OGFiLTljMmYtZWUyYTk1YTQ2NWI2XkEyXkFqcGc@._V1_QL75_UX500_CR0,0,500,281_.jpg",https://www.imdb.com/title/tt8651768/?ref_=ttep_ep_9,FALSE
9,10,Better Off Sled,"Sun, Dec 9, 2018",The Belcher kids get into a turf war with teenagers who take their usual sledding territory; Bob tries to help Linda knit three scarves before Christmas.,8.1,823,"https://m.media-amazon.com/images/M/MV5BMjJiYWY0MzEtZjk1Yy00NjFlLThkMWItZTk1YTc2M2U5YWJiXkEyXkFqcGc@._V1_QL75_UX500_CR0,0,500,281_.jpg",https://www.imdb.com/title/tt8651770/?ref_=ttep_ep_10,TRUE
9,11,"Lorenzo's Oil? No, Linda's","Sun, Jan 6, 2019","Linda's new friend introduces her to essential oils and Aunt Gayle is convinced she must be rescued. Meanwhile, Bob and Teddy are bamboozled into performing a series of annoying favors for Mr. Huggins.",7.5,749,"https://m.media-amazon.com/images/M/MV5BNDgzZmFjMzEtNjNiZi00OWU5LThhYzUtZjBmMTBlOGViOWRiXkEyXkFqcGc@._V1_QL75_UX500_CR0,0,500,281_.jpg",https://www.imdb.com/title/tt9413680/?ref_=ttep_ep_11,FALSE
9,12,The Helen Hunt,"Sun, Jan 13, 2019","The Belchers help Teddy find his dream girl, but Tina believes she's found a better match for him.",7.9,802,"https://m.media-amazon.com/images/M/MV5BMTRiYTQ0ZDYtMjFhYS00ODI0LWJhNGYtN2Q3YThkYTRmZjM1XkEyXkFqcGc@._V1_QL75_UX500_CR0,0,500,281_.jpg",https://www.imdb.com/title/tt9402196/?ref_=ttep_ep_12,FALSE
9,13,"Bed, Bob & Beyond","Sun, Feb 10, 2019","A Valentine's Day fight between Bob and Linda has the kids feeling confused. After a failed attempt to see a movie, it's up to Tina, Louise and Gene to tell their own story as a distraction from the awkward tension.",7.2,839,"https://m.media-amazon.com/images/M/MV5BZTE0NjRmOGMtMTViMC00ZDliLThjMzgtZTI4MzQ1MWJjNWUwXkEyXkFqcGc@._V1_QL75_UX500_CR0,0,500,281_.jpg",https://www.imdb.com/title/tt9413706/?ref_=ttep_ep_13,TRUE
9,14,Every Which Way But Goose,"Sun, Feb 17, 2019","Tina, discouraged by not being asked to prom by Jimmy Jr., forms an unhealthy attachment to a goose from the nearby park. Meanwhile, Linda joins a dating app to help Gretchen find a match.",7.4,727,"https://m.media-amazon.com/images/M/MV5BMzQxNGZmMzUtYWQxMy00NjZhLTgwYTgtNDc4MTkzNzY1Yzg3XkEyXkFqcGc@._V1_QL75_UX500_CR0,0,500,281_.jpg",https://www.imdb.com/title/tt9413734/?ref_=ttep_ep_14,FALSE
9,15,The Fresh Princ-ipal,"Sun, Mar 3, 2019","Things get out of hand when Louise wins a contest to be Principal for a Day. Meanwhile, Teddy attempts to help Bob when he suddenly finds himself unable to flip burgers.",8.1,769,"https://m.media-amazon.com/images/M/MV5BMWNhMmRmZmYtOWMxZC00ZTM1LTkyYzEtNDdjMTIyNDRhMGQ0XkEyXkFqcGc@._V1_QL75_UX500_CR0,0,500,281_.jpg",https://www.imdb.com/title/tt9413736/?ref_=ttep_ep_15,FALSE
9,16,Roamin' Bob-iday,"Sun, Mar 10, 2019",Bob winds up working at a local sandwich shop when the family forces him to take a day off; a last-minute baby shower is thrown for a female biker group.,8,819,"https://m.media-amazon.com/images/M/MV5BNzY5YTc3MmUtYjNhYy00ZmU2LWI0OWYtZWM3OGVlNzk5MzJmXkEyXkFqcGc@._V1_QL75_UX500_CR0,0,500,281_.jpg",https://www.imdb.com/title/tt9667904/?ref_=ttep_ep_16,FALSE
9,17,What About Blob?,"Sun, Mar 17, 2019",Gene convinces Tina and Louise to help him save a misunderstood plankton blob from being destroyed by a yacht club.,7.3,703,"https://m.media-amazon.com/images/M/MV5BOTA1NzliMWMtMzUxOS00MmMwLWFjY2ItNGM4MmM4NTEyNTljXkEyXkFqcGc@._V1_QL75_UX500_CR0,0,500,281_.jpg",https://www.imdb.com/title/tt9667920/?ref_=ttep_ep_17,FALSE
9,18,"If You Love It So Much, Why Don't You Marionette?","Sun, Mar 24, 2019","On a school field trip, the kids visit a marionette theater, where Louise gets on the owner's bad side; Bob takes pity on a guy handing out flyers outside the restaurant.",7.2,729,"https://m.media-amazon.com/images/M/MV5BYjc2NjUzMDAtYjQ0NS00YzVlLWI0NzktMTZhMmZkNTFlMjhiXkEyXkFqcGc@._V1_QL75_UX500_CR0,0,500,281_.jpg",https://www.imdb.com/title/tt9667930/?ref_=ttep_ep_18,FALSE
9,19,"Long Time Listener, First Time Bob","Sun, Apr 7, 2019","The Belchers get in over their heads when they try to help Bob's personal hero, a renegade radio DJ, make a comeback.",7.2,695,"https://m.media-amazon.com/images/M/MV5BYTBkM2IzOTYtZDFlMS00YjMzLTkxM2ItMTdhMjU1MmQ0MTU3XkEyXkFqcGc@._V1_QL75_UX500_CR0,0,500,281_.jpg",https://www.imdb.com/title/tt9667942/?ref_=ttep_ep_19,FALSE
9,20,The Gene Mile,"Sun, Apr 28, 2019",The kids plan to sneak away from a mandatory mile for school on free-ice-cream-day; Bob and Linda try to get discount tickets to a show at the Wharf Arts Center.,7.7,691,"https://m.media-amazon.com/images/M/MV5BMTQ5Nzg5MDYtZmQwMi00MDVkLTkxNTItODIxNzU0MGI5NTA0XkEyXkFqcGc@._V1_QL75_UX500_CR0,0,500,281_.jpg",https://www.imdb.com/title/tt10093054/?ref_=ttep_ep_20,FALSE
9,21,P.T.A It Ain't So,"Sun, May 5, 2019",Linda joins the P.T.A.; Bob tries to cheer up a hardware store owner whose pet parrot flew away.,7.3,681,"https://m.media-amazon.com/images/M/MV5BNGViNTg2OWMtYWJmYi00OWE4LWExZTMtNGUwNmY3NDZmNzBjXkEyXkFqcGc@._V1_QL75_UY281_CR0,0,500,281_.jpg",https://www.imdb.com/title/tt10093058/?ref_=ttep_ep_21,FALSE
9,22,Yes Without My Zeke,"Sun, May 12, 2019","The Belcher kids and Jimmy Jr. try to help Zeke when he gets into trouble, but Tina wants Jimmy Jr.'s butt all to herself; Randy rents out Bob's Burgers to shoot an independent short film.",7.5,677,"https://m.media-amazon.com/images/M/MV5BN2NjZDUyNzItZDZlYS00OWI3LThiMWQtYjdhMjhhZTFhNzQ4XkEyXkFqcGc@._V1_QL75_UX500_CR0,0,500,281_.jpg",https://www.imdb.com/title/tt10093064/?ref_=ttep_ep_22,FALSE
10,1,The Ring (But Not Scary),"Sun, Sep 29, 2019",The kids get involved in Bob's plan to surprise Linda for their anniversary.,8.2,888,"https://m.media-amazon.com/images/M/MV5BN2M2ZGM1OTgtZmQ1NS00ODY3LTk5NDktMzk5ZmQ2MGEwNTQ4XkEyXkFqcGc@._V1_QL75_UX500_CR0,0,500,281_.jpg",https://www.imdb.com/title/tt9771048/?ref_=ttep_ep_1,FALSE
10,2,Boys Just Wanna Have Fungus,"Sun, Oct 6, 2019",Bob and Gene try to acquire a rare mushroom for a Burger of the Day; Tina thinks her new prescription glasses have given her a superpower.,7.6,764,"https://m.media-amazon.com/images/M/MV5BNDRmMzQzYTItNGNiOC00NzViLTgzYTctZmQzMTdmNmZjNDJiXkEyXkFqcGc@._V1_QL75_UX500_CR0,0,500,281_.jpg",https://www.imdb.com/title/tt10680742/?ref_=ttep_ep_2,FALSE
10,3,"Motor, She Boat","Sun, Oct 13, 2019",Bob and Tina participate in a father-daughter cardboard boat race; Linda takes Gene and Louise to a fire station open house.,7.3,720,"https://m.media-amazon.com/images/M/MV5BYTlhYTgzZTYtNzUwNy00ZGU0LWIxYzItNTAxZWNhODY0N2MyXkEyXkFqcGc@._V1_QL75_UY281_CR0,0,500,281_.jpg",https://www.imdb.com/title/tt10750116/?ref_=ttep_ep_3,FALSE
10,4,Pig Trouble in Little Tina,"Sun, Oct 20, 2019",Things get spooky when Tina dissects a fetal pig in science class; Bob and Linda battle a giant ball of earwax.,7.3,795,"https://m.media-amazon.com/images/M/MV5BNzQ0ODY0ZjktMmQ1YS00ODg1LWIwZTEtOTg5ZDgzM2EzZGJmXkEyXkFqcGc@._V1_QL75_UX500_CR0,0,500,281_.jpg",https://www.imdb.com/title/tt10750120/?ref_=ttep_ep_4,FALSE
10,5,Legends of the Mall,"Sun, Nov 3, 2019","On a trip to the mall, Tina is mistaken for someone's girlfriend, Gene and Louise are turned loose on motorized animals, Linda disrupts a book reading and Bob shops for acceptable pants.",7.7,741,"https://m.media-amazon.com/images/M/MV5BMGM0NTY0MDctOWIxOC00Yjg4LTk0YzMtYmVjYWM0MjQyYzY4XkEyXkFqcGc@._V1_QL75_UX500_CR0,0,500,281_.jpg",https://www.imdb.com/title/tt11096572/?ref_=ttep_ep_5,FALSE
10,6,The Hawkening: Look Who's Hawking Now,"Sun, Nov 10, 2019","Bob and Louise host an exclusive screening of a ""Hawk and Chick"" movie at the restaurant, but the actor who plays Hawk throws a wrench into their plans for mysterious reasons.",7.2,680,"https://m.media-amazon.com/images/M/MV5BOWY4YmVlZjAtYWQ5YS00ZWY3LTk5MDUtYWM1YTc0Y2U2ZGQzXkEyXkFqcGc@._V1_QL75_UX500_CR0,0,500,281_.jpg",https://www.imdb.com/title/tt10769006/?ref_=ttep_ep_6,FALSE
10,7,Land of the Loft,"Sun, Nov 17, 2019",Bob and Linda attend a loft party on a stormy night while the kids challenge their babysitter and face the storm in an ice cream truck.,7.7,723,"https://m.media-amazon.com/images/M/MV5BZGZjYzhlMzUtNGMzMi00YWNkLWJhZmItOTJlMzg1OGYxYjNjXkEyXkFqcGc@._V1_QL75_UX500_CR0,0,500,281_.jpg",https://www.imdb.com/title/tt10779038/?ref_=ttep_ep_7,FALSE
10,8,Now We're Not Cooking with Gas,"Sun, Nov 24, 2019","Bob is willing to do whatever it takes to cook a rare, heritage turkey when the gas goes out on Thanksgiving.",8.1,760,"https://m.media-amazon.com/images/M/MV5BNGQyYWI3ZDUtZDQxMC00MWYxLThiYmQtYzFmMmI3YWQ0NzIzXkEyXkFqcGc@._V1_QL75_UX500_CR0,0,500,281_.jpg",https://www.imdb.com/title/tt10779028/?ref_=ttep_ep_8,TRUE
10,9,All That Gene,"Sun, Dec 1, 2019","Gene auditions for a small role in a local theater production, then discovers that Linda talked the director into giving him the part.",6.8,752,"https://m.media-amazon.com/images/M/MV5BMWVmMDkxYzctZWYyNC00ODQ1LThjYjItMjJjMWFjOTI5ZDEzXkEyXkFqcGc@._V1_QL75_UX500_CR0,0,500,281_.jpg",https://www.imdb.com/title/tt11254406/?ref_=ttep_ep_9,FALSE
10,10,Have Yourself a Maily Linda Christmas,"Sun, Dec 15, 2019",Linda works a temp job at the post office to make extra money for the holidays; Bob and Tina get stuck at home with Linda's family; Gene and Louise try to find the perfect gift for Tina.,7.6,727,"https://m.media-amazon.com/images/M/MV5BZjUxZTA1OTMtMjVjYi00MGFhLTk4ODYtYTRlY2JmYTdiZjQzXkEyXkFqcGc@._V1_QL75_UX500_CR0,0,500,281_.jpg",https://www.imdb.com/title/tt11282118/?ref_=ttep_ep_10,TRUE
10,11,Drumforgiven,"Sun, Jan 12, 2020",Louise comes to Gene's defense when he gets kicked out of the Ocean Avenue Hifi Emporium.,7.2,677,"https://m.media-amazon.com/images/M/MV5BOGQ3MTAzZDUtNWIyOC00ZjRhLTk4ZTgtNDNmMGM0NjIzNDIzXkEyXkFqcGc@._V1_QL75_UX500_CR0,0,500,281_.jpg",https://www.imdb.com/title/tt11282120/?ref_=ttep_ep_11,FALSE
10,12,A Fish Called Tina,"Sun, Feb 16, 2020",Tina tries too hard to be a perfect mentor; Bob and Linda visit the gym next door.,7.3,678,"https://m.media-amazon.com/images/M/MV5BZWY1NWU3YzItNDBmMi00MjE1LTgyMzEtOWMxM2NkNWUxNDdmXkEyXkFqcGc@._V1_QL75_UX500_CR0,0,500,281_.jpg",https://www.imdb.com/title/tt11282122/?ref_=ttep_ep_12,FALSE
10,13,Three Girls and a Little Wharfy,"Sun, Feb 23, 2020","In spite of her skepticism, Louise joins the search for a mythic sea monster; Bob takes a famous chef's online master class.",7.4,671,"https://m.media-amazon.com/images/M/MV5BYWU5MGExY2UtMzRhMS00YTgzLTkwZDQtNzVlMTJmZjIxMzExXkEyXkFqcGc@._V1_QL75_UX500_CR0,0,500,281_.jpg",https://www.imdb.com/title/tt11282128/?ref_=ttep_ep_13,FALSE
10,14,Wag the Song,"Sun, Mar 1, 2020",Tina competes with Gene and Louise to write a new school song for Wagstaff; Jimmy Pesto's new steel awning creates a blinding glare for Bob and Linda.,7.2,644,"https://m.media-amazon.com/images/M/MV5BOGM4ZDdhYmUtNTBkMC00MDVjLWJlOTktOTcyNGRkZDNhNjFiXkEyXkFqcGc@._V1_QL75_UX500_CR0,0,500,281_.jpg",https://www.imdb.com/title/tt11282132/?ref_=ttep_ep_14,FALSE
10,15,Flat-Top O' the Morning to Ya,"Sun, Mar 15, 2020",Bob and the kids help a down-on-his-luck restaurant owner while Linda and Teddy celebrate St. Patrick's Day.,7.2,636,"https://m.media-amazon.com/images/M/MV5BYTA5MjNkMTEtODBmMy00MGU2LTliNjktNzNiNWE2OTUwNzIwXkEyXkFqcGc@._V1_QL75_UY281_CR4,0,500,281_.jpg",https://www.imdb.com/title/tt11282138/?ref_=ttep_ep_15,TRUE
10,16,Yurty Rotten Scoundrels,"Sun, Mar 8, 2020",Linda goes to Gayle's artists' workshop in a yurt; Louise and Gene search for a lost cat to collect a cash reward.,7,685,"https://m.media-amazon.com/images/M/MV5BNGRmMzlhZjAtNDM4ZS00NDVlLWE2NjItMDE2ODQ3NzMzYjhlXkEyXkFqcGc@._V1_QL75_UX500_CR0,0,500,281_.jpg",https://www.imdb.com/title/tt11282144/?ref_=ttep_ep_16,FALSE
10,17,Just the Trip,"Sun, Mar 22, 2020",The Belchers go on a road trip with Nat the limo driver.,7.6,683,"https://m.media-amazon.com/images/M/MV5BMTljNThiMzgtMmNlYi00MTZkLWE1ZTctNDY0YzZiZGU5OTMxXkEyXkFqcGc@._V1_QL75_UX500_CR0,0,500,281_.jpg",https://www.imdb.com/title/tt11282148/?ref_=ttep_ep_17,FALSE
10,18,Tappy Tappy Tappy Tap Tap Tap,"Sun, Apr 19, 2020",Tina suspects sabotage when Josh gets injured on-stage in a tap show.,7.1,627,"https://m.media-amazon.com/images/M/MV5BZDI0ZjI5YjItNzljZi00Nzk5LTliYTgtMzhmYjM2MTE3MmE2XkEyXkFqcGc@._V1_QL75_UX500_CR0,0,500,281_.jpg",https://www.imdb.com/title/tt11976590/?ref_=ttep_ep_18,FALSE
10,19,The Handyman Can,"Sun, Apr 26, 2020",The Belcher kids try to help Teddy when he doubts his abilities as a handyman.,7.2,668,"https://m.media-amazon.com/images/M/MV5BNjE4N2QyMmEtOWE1YS00MzM5LTk2YTAtZGQ2ZGE0ZjA1NGNiXkEyXkFqcGc@._V1_QL75_UX500_CR0,0,500,281_.jpg",https://www.imdb.com/title/tt11976610/?ref_=ttep_ep_19,FALSE
10,20,Poops!... I Didn't Do It Again,"Sun, May 3, 2020",Louise must confront her fear of pooping in public on an overnight school trip to the aquarium; Linda enlists the rest of the family to make a video for her parents' anniversary.,7.9,736,"https://m.media-amazon.com/images/M/MV5BZmUwZDYyZjEtYzk3OS00MDhhLTkwZGQtM2ZiMWIwYTQ3MTJiXkEyXkFqcGc@._V1_QL75_UX500_CR0,0,500,281_.jpg",https://www.imdb.com/title/tt11976654/?ref_=ttep_ep_20,FALSE
10,21,Local She-ro,"Sun, May 10, 2020",Linda ends up on the trail of a legendary local singer while showing Tina what's great about their town; Teddy asks Bob for help arguing with a sports radio host.,6.9,662,"https://m.media-amazon.com/images/M/MV5BOGIzZGVkZWItNmUwZi00MTcxLWEzMjUtZjBhMmZhMzY1ZmQzXkEyXkFqcGc@._V1_QL75_UX500_CR0,0,500,281_.jpg",https://www.imdb.com/title/tt11976698/?ref_=ttep_ep_21,FALSE
10,22,Prank You for Being a Friend,"Sun, May 17, 2020",Louise gives a classmate lessons on pulling pranks; Bob is reluctant to bring Jimmy Pesto his hernia medication.,7.6,653,"https://m.media-amazon.com/images/M/MV5BNDg0ZTE2ZWUtZTFhMi00YzA4LWI5NmYtZjAwZTA2YmIzNTI2XkEyXkFqcGc@._V1_QL75_UX500_CR0,0,500,281_.jpg",https://www.imdb.com/title/tt11976736/?ref_=ttep_ep_22,FALSE
11,1,Dream a Little Bob of Bob,"Sun, Sep 27, 2020",Bob goes on a quest to find a misplaced key to a lock box; Tina tries to learn a hand-slapping song that everyone else can do.,7.7,799,"https://m.media-amazon.com/images/M/MV5BMTVhOWM5YWItMTUyNy00MmI3LTllNzctYTllZWZhNjU0MTIwXkEyXkFqcGc@._V1_QL75_UX500_CR0,0,500,281_.jpg",https://www.imdb.com/title/tt11754086/?ref_=ttep_ep_1,FALSE
11,2,Worms of In-Rear-Ment,"Sun, Oct 4, 2020",A pinworm epidemic thwarts Linda's attempt to take the family to the symphony on free admission night.,7.3,774,"https://m.media-amazon.com/images/M/MV5BZmExN2ZmZTktNDMyMy00ZTg1LWE5MGUtMWE5NTdlZjU1Y2Q5XkEyXkFqcGc@._V1_QL75_UY281_CR1,0,500,281_.jpg",https://www.imdb.com/title/tt13056198/?ref_=ttep_ep_2,FALSE
11,3,Copa-Bob-Bana,"Sun, Oct 11, 2020",Bob agrees to be the temporary chef at the Fischoeders' new nightclub; the kids throw a pool party in the restaurant basement when they get a hold of a stock tank.,7.4,669,"https://m.media-amazon.com/images/M/MV5BNGNiOWQ3YTEtNmNkNy00MzNjLWIyZWQtYTY3ZmRkMzQ3ZDFjXkEyXkFqcGc@._V1_QL75_UX500_CR0,0,500,281_.jpg",https://www.imdb.com/title/tt13154390/?ref_=ttep_ep_3,FALSE
11,4,Heartbreak Hotel-oween,"Sun, Nov 1, 2020",The kids meet a mysterious old woman at a hotel on Halloween as Louise plots her revenge for a candy transgression; Bob and Linda donate blood at a vampire-themed blood mobile.,7.5,725,"https://m.media-amazon.com/images/M/MV5BNTM0Y2Q0YTItN2JlYS00ZjAzLWJiMjUtZjUyMDdhOTMwZjc0XkEyXkFqcGc@._V1_QL75_UX500_CR0,0,500,281_.jpg",https://www.imdb.com/title/tt13154408/?ref_=ttep_ep_4,TRUE
11,5,Fast Time Capsules at Wagstaff School,"Sun, Nov 8, 2020",Tina makes enemies with Tammy when she's put in charge of the Wagstaff School time capsule project; Bob teases Linda for not being able to whistle.,7.2,662,"https://m.media-amazon.com/images/M/MV5BMWI4M2IxNWItNTI2OS00MWY0LThkN2YtZmY4ZjVjMzNhMTExXkEyXkFqcGc@._V1_QL75_UX500_CR0,0,500,281_.jpg",https://www.imdb.com/title/tt13236022/?ref_=ttep_ep_5,FALSE
11,6,"Bob Belcher and the Terrible, Horrible, No Good, Very Bad Kids","Sun, Nov 15, 2020",The Belchers try to keep the restaurant open when Bob's flattop breaks on the morning of the Ocean Avenue Business Association's Ocean Fest.,8.1,746,"https://m.media-amazon.com/images/M/MV5BOWI5ZWY2MTMtOTM4NS00MzlhLWFhMzEtNGY2MzljYjI5ZTBhXkEyXkFqcGc@._V1_QL75_UX500_CR0,0,500,281_.jpg",https://www.imdb.com/title/tt13285628/?ref_=ttep_ep_6,FALSE
11,7,Diarrhea of a Poopy Kid,"Sun, Nov 22, 2020",The family tries to cheer up Gene when a stomach flu makes him unable to eat Thanksgiving dinner.,7.4,723,"https://m.media-amazon.com/images/M/MV5BMzYzNmM0YmYtNjVlYi00YjdhLTljOWYtNmU1MjIzN2YwMTA2XkEyXkFqcGc@._V1_QL75_UX500_CR0,0,500,281_.jpg",https://www.imdb.com/title/tt13369744/?ref_=ttep_ep_7,TRUE
11,8,The Terminalator II: Terminals of Endearment,"Sun, Nov 29, 2020","When Linda's parents have a layover at a nearby airport, she and Bob decide to make it their annual ""visit"".",7.8,720,"https://m.media-amazon.com/images/M/MV5BZmJmMTNiNjUtMDRhZi00OWVhLWJmMmUtZDA4MmZmNjExNDE2XkEyXkFqcGc@._V1_QL75_UX500_CR0,0,500,281_.jpg",https://www.imdb.com/title/tt13404582/?ref_=ttep_ep_8,FALSE
11,9,Mommy Boy,"Sun, Dec 6, 2020",Gene becomes jealous when Linda joins a women's business group; Louise and Tina want to learn how to fight.,6.9,718,"https://m.media-amazon.com/images/M/MV5BYzkzNTRmNzUtYTZmMy00ZDBjLThmM2EtMTA0ZDVkMTRjOWI1XkEyXkFqcGc@._V1_QL75_UX500_CR0,0,500,281_.jpg",https://www.imdb.com/title/tt13445148/?ref_=ttep_ep_9,FALSE
11,10,Yachty or Nice,"Sun, Dec 13, 2020",Bob wonders if there's a catch to the Belchers being invited to cater the Glencrest Yacht Club's holiday boat parade; Louise has her eye on the Santa Schooner.,7.6,690,"https://m.media-amazon.com/images/M/MV5BNzk3NTk3NTUtZmEyMi00ZWVlLWFhOGQtMmExYzM3MDM1ZTExXkEyXkFqcGc@._V1_QL75_UX500_CR0,0,500,281_.jpg",https://www.imdb.com/title/tt13502578/?ref_=ttep_ep_10,TRUE
11,11,Romancing the Beef,"Sun, Feb 21, 2021","Louise convinces Bob and Linda to cash in on the Valentine's Day dinner business, forcing them to put their plans on hold; Tina attends Tammy's Anti-Valentine's Day party.",8,706,"https://m.media-amazon.com/images/M/MV5BYzFiMzU5NDktM2U3Ni00Y2EwLTlkOTEtMmVjMzVkMWYwMjY4XkEyXkFqcGc@._V1_QL75_UY281_CR0,0,500,281_.jpg",https://www.imdb.com/title/tt13670956/?ref_=ttep_ep_11,TRUE
11,12,"Die Card, or Card Trying","Sun, Feb 28, 2021",Linda drags Bob and the kids into her efforts to take the best family picture ever.,7.7,709,"https://m.media-amazon.com/images/M/MV5BM2Q3MjE1Y2YtNDUzOC00MjEzLWE4YjItZTcxOTQyY2ZlOTk4XkEyXkFqcGc@._V1_QL75_UX500_CR0,0,500,281_.jpg",https://www.imdb.com/title/tt13671532/?ref_=ttep_ep_12,FALSE
11,13,An Incon-wheelie-ent Truth,"Sun, Mar 7, 2021","On a trip to the flea market, Bob and Linda are haunted by a lie they told the kids about what happened to their beloved stuffed animal, Wheelie Mammoth.",7.6,649,"https://m.media-amazon.com/images/M/MV5BN2E3Yzc2Y2YtODhhNC00ZGQ4LWI5YTYtMGFjMzY3YjUwODAwXkEyXkFqcGc@._V1_QL75_UX500_CR0,0,500,281_.jpg",https://www.imdb.com/title/tt13671536/?ref_=ttep_ep_13,FALSE
11,14,Mr. Lonely Farts,"Sun, Mar 14, 2021","Gene is left home alone when Linda and Tina go to the shoe store, while Bob, Louise and Teddy buy restaurant equipment from a creepy guy Bob found on the internet.",7.4,664,"https://m.media-amazon.com/images/M/MV5BNTgyMzdlMzctOTlkMi00ZjhkLWFjMDQtMDNjMDhjMWUxZDRiXkEyXkFqcGc@._V1_QL75_UX500_CR0,0,500,281_.jpg",https://www.imdb.com/title/tt13671538/?ref_=ttep_ep_14,FALSE
11,15,Sheshank Redumption,"Sun, Mar 21, 2021",Linda's new diet and exercise routine gives her gastrointestinal disorder on parent-teacher-student conference day.,7.6,636,"https://m.media-amazon.com/images/M/MV5BMjZiZTI1ZDctZGM0OC00NmRhLThiMDItNzJjNDAzODI5Y2U0XkEyXkFqcGc@._V1_QL75_UY281_CR29,0,500,281_.jpg",https://www.imdb.com/title/tt14139504/?ref_=ttep_ep_15,FALSE
11,16,Y Tu Tina También,"Sun, Mar 28, 2021",Tina develops an unexpected crush when she must listen to Spanish audio lessons to improve her grade; Louise and Gene hope to dunk Mr. Frond at the Wagstaff Spring Fair.,7.5,666,"https://m.media-amazon.com/images/M/MV5BYTJjZTFmZjktZGY5ZC00N2NkLWExNzUtODY3Y2EyMmM0YjUzXkEyXkFqcGc@._V1_QL75_UX500_CR0,0,500,281_.jpg",https://www.imdb.com/title/tt14140060/?ref_=ttep_ep_16,FALSE
11,17,Fingers-Loose,"Sun, Apr 11, 2021",Tina faces a crisis as hall monitor when she finds a new passion for an underground trend at Wagstaff that Mr. Frond is out to stop; Bob and Linda try to help Teddy sneak food into a movie theater.,7.4,691,"https://m.media-amazon.com/images/M/MV5BMjQ2NmM0OWYtYTM0Ni00NDc5LTlkZjUtMDU2YmM0ZDI2ZTRiXkEyXkFqcGc@._V1_QL75_UY281_CR1,0,500,281_.jpg",https://www.imdb.com/title/tt14140100/?ref_=ttep_ep_17,FALSE
11,18,Some Kind of Fender Benderful,"Sun, Apr 18, 2021",Bob gets into a four-car fender bender outside the restaurant and finding out who's at fault proves to be harder than he thought.,6.9,671,"https://m.media-amazon.com/images/M/MV5BMDc3OGExNGYtMjFhZi00M2U0LTg0NmYtMjIwMzVhN2FhMDMzXkEyXkFqcGc@._V1_QL75_UX500_CR0,0,500,281_.jpg",https://www.imdb.com/title/tt14316804/?ref_=ttep_ep_18,FALSE
11,19,Bridge Over Troubled Rudy,"Sun, May 2, 2021","Louise ropes Tina and Gene into her journey to see Rudy's model bridge that explodes; Mort tries to teach Bob, Linda and Teddy how to meditate.",7.2,579,"https://m.media-amazon.com/images/M/MV5BOGUxYmUwYmYtYWZiZi00NzUxLTk4YzUtNWU1ODIwNTM4NTVjXkEyXkFqcGc@._V1_QL75_UX500_CR0,1,500,281_.jpg",https://www.imdb.com/title/tt14408910/?ref_=ttep_ep_19,FALSE
11,20,Steal Magazine-olias,"Sun, May 9, 2021","The Belcher kids get into a cat-and-mouse game with Dr. Yap when he catches them stealing something in the waiting room of his office; Bob, Linda and Teddy try to clean bird poop off the restaurant window.",7.3,574,"https://m.media-amazon.com/images/M/MV5BYjYyMzM2ZmEtMTc2Zi00M2MzLTk2MDMtMWM0ODViZjE5MmE0XkEyXkFqcGc@._V1_QL75_UX500_CR0,3,500,281_.jpg",https://www.imdb.com/title/tt14534486/?ref_=ttep_ep_20,FALSE
11,21,Tell Me Dumb Thing Good,"Sun, May 16, 2021",Linda recruits the kids in her fight to save a dumb local tradition; Bob is entranced by an online cucumber.,6.9,583,"https://m.media-amazon.com/images/M/MV5BNmQ5MWFjZWItN2FkMy00ZGNhLThjMWYtZmU2NDYxMmQ3OTJkXkEyXkFqcGc@._V1_QL75_UY281_CR2,0,500,281_.jpg",https://www.imdb.com/title/tt14408924/?ref_=ttep_ep_21,FALSE
11,22,Vampire Disco Death Dance,"Sun, May 23, 2021",Tina invites her friends to see an old campy vampire sing-along movie with her and Bob; Linda opens a restaurant for raccoons in the alley.,7.6,650,"https://m.media-amazon.com/images/M/MV5BODFmNTBjY2QtNjVkMS00ZTc0LWE2MjgtMWFjZmY0N2UzNzJmXkEyXkFqcGc@._V1_QL75_UY281_CR15,0,500,281_.jpg",https://www.imdb.com/title/tt14408892/?ref_=ttep_ep_22,FALSE
12,1,Manic Pixie Crap Show,"Sun, Sep 26, 2021",Louise must attend the Pixie Princess Promenade to pay Millie a debt; a bouquet shaped like a dog forces Linda to face her past.,7.5,706,"https://m.media-amazon.com/images/M/MV5BZmRhZjcyOWYtYmVmNi00NGNlLWJmN2MtYmU5OTg2MjhjMjYzXkEyXkFqcGc@._V1_QL75_UY281_CR3,0,500,281_.jpg",https://www.imdb.com/title/tt13154522/?ref_=ttep_ep_1,FALSE
12,2,Crystal Mess,"Sun, Oct 3, 2021","When Tina gets nervous about an oral report, Mr. Frond lends her a crystal his girlfriend claims has special powers; Bob and Linda purchase a box of imperfect produce and try to use it all before it goes bad.",7.4,622,"https://m.media-amazon.com/images/M/MV5BZTJjODY5ZjgtYjk2MS00YmE3LWJmZDctNjA4NWIzODU4OTJmXkEyXkFqcGc@._V1_QL75_UY281_CR3,0,500,281_.jpg",https://www.imdb.com/title/tt14630416/?ref_=ttep_ep_2,FALSE
12,3,The Pumpkinening,"Sun, Oct 10, 2021",Linda receives a mysterious note on Halloween and must go to her old hometown with Gayle to answer for a misdeed they committed 27 years ago.,7.5,671,"https://m.media-amazon.com/images/M/MV5BOWQyYjkzZGQtMTg3OS00MmQ5LTg0ZjYtNTAyMTZiODA5YWU1XkEyXkFqcGc@._V1_QL75_UX500_CR0,33,500,281_.jpg",https://www.imdb.com/title/tt15393594/?ref_=ttep_ep_3,TRUE
12,4,Driving Big Dummy,"Sun, Oct 17, 2021",Bob goes on a road trip with Teddy; Linda and the kids compete to be Employee of the Day.,7.8,672,"https://m.media-amazon.com/images/M/MV5BZWZlODVmNDItMTJiMi00MjUyLTk3ZjEtMjEwOTQ5MTU3NzZkXkEyXkFqcGc@._V1_QL75_UX500_CR0,0,500,281_.jpg",https://www.imdb.com/title/tt15493860/?ref_=ttep_ep_4,FALSE
12,5,Seven-tween Again,"Sun, Oct 24, 2021","Gene freaks out about growing up and tries to stay young; Linda considers trying the new hair salon next to the restaurant, but fears the wrath of her hairdresser-slash-friend Gretchen.",7.2,617,"https://m.media-amazon.com/images/M/MV5BMWQ1ODRkNDktYTkxNS00ZDUyLWE0YWUtMWU1ZjhjY2ZlMjU5XkEyXkFqcGc@._V1_QL75_UX500_CR0,0,500,281_.jpg",https://www.imdb.com/title/tt15534592/?ref_=ttep_ep_5,FALSE
12,6,"Beach, Please","Sun, Nov 7, 2021",Louise and Mr. Fischoeder engage in a battle of wits when the Belcher kids take part in a beach clean-up for Wagstaff Volunteer Day; Teddy surprises Bob and Linda with his new look.,7.5,658,"https://m.media-amazon.com/images/M/MV5BZDlmMjVhMmEtNmEyMi00MGIzLWE0YTItNDZjYWM1MTFkM2EzXkEyXkFqcGc@._V1_QL75_UX500_CR0,0,500,281_.jpg",https://www.imdb.com/title/tt15705472/?ref_=ttep_ep_6,FALSE
12,7,Loft in Bedslation,"Sun, Nov 14, 2021",Linda and Tina try to help Louise build a bed loft in one day; Bob and Gene host a tabletop role-playing game.,7.6,634,"https://m.media-amazon.com/images/M/MV5BNWRkYzY5MjctYjRhZi00ZDI1LWExZjEtMjBmYWUyNjA5YThiXkEyXkFqcGc@._V1_QL75_UX500_CR0,0,500,281_.jpg",https://www.imdb.com/title/tt15730798/?ref_=ttep_ep_7,FALSE
12,8,Stuck in the Kitchen with You,"Sun, Nov 21, 2021",Louise gets stuck helping Bob cook Thanksgiving dinner for a retirement home; Tina and Gene assist Zeke with entertaining the residents.,7.7,626,"https://m.media-amazon.com/images/M/MV5BZDgwMzhlMDItODcwMi00YzEyLThhMTQtNWU2M2FlZjAyZTgwXkEyXkFqcGc@._V1_QL75_UX500_CR0,0,500,281_.jpg",https://www.imdb.com/title/tt15800520/?ref_=ttep_ep_8,TRUE
12,9,FOMO You Didn't,"Sun, Nov 28, 2021",Tina becomes obsessed with her schoolmates ditching class during a photography assignment; the Belchers are visited by a woman who used to live in their apartment.,7,580,"https://m.media-amazon.com/images/M/MV5BNDk1MjgzYzYtZDA0Ni00ZTA2LTkzNjAtMGIyNmM2YzVjYTkwXkEyXkFqcGc@._V1_QL75_UX500_CR0,0,500,281_.jpg",https://www.imdb.com/title/tt15844528/?ref_=ttep_ep_9,FALSE
12,10,Gene's Christmas Break,"Sun, Dec 19, 2021","Gene breaks an extremely rare Christmas record from the '70s, so he and his sisters search for another copy; Teddy tries to do a neighborhood Secret Santa with Bob and Linda.",7.3,645,"https://m.media-amazon.com/images/M/MV5BNGE0ZjkyOTMtZmIzZS00N2I3LThjMWMtZmY0ZWEwNzc4OGZiXkEyXkFqcGc@._V1_QL75_UX500_CR0,0,500,281_.jpg",https://www.imdb.com/title/tt16091568/?ref_=ttep_ep_10,TRUE
12,11,Touch of Eval(uations),"Sun, Jan 9, 2022",Louise discovers that Mr. Frond's plan to have the students evaluate the teachers shifts the balance of power from the teachers to the children; Bob and Linda can't agree on their final resting place.,7.8,624,"https://m.media-amazon.com/images/M/MV5BYzVjYTFmZWEtOTMyMS00MmQ2LTg4NzItZDM4YmUzYWY1YzZhXkEyXkFqcGc@._V1_QL75_UY281_CR0,0,500,281_.jpg",https://www.imdb.com/title/tt16450480/?ref_=ttep_ep_11,FALSE
12,12,Ferry on My Wayward Bob and Linda,"Sun, Feb 27, 2022",Bob and Linda are invited to a Valentine's Day dinner at a fancy restaurant on Kingshead Island; the kids attempt to get past Jen the babysitter so they can have cheap Valentine's Day candy.,7.3,607,"https://m.media-amazon.com/images/M/MV5BN2ExZTNiZTAtYTZhNC00OWQ4LTljODEtMjlkZjQwNzUyOGYyXkEyXkFqcGc@._V1_QL75_UY281_CR0,0,500,281_.jpg",https://www.imdb.com/title/tt17058476/?ref_=ttep_ep_12,TRUE
12,13,Frigate Me Knot,"Sun, Mar 6, 2022",Teddy is forced to face his past when Linda encourages him to attend a farewell ceremony for the ship on which he served in the Navy.,7.4,581,"https://m.media-amazon.com/images/M/MV5BOTdiY2Y3YWQtNDIyYS00ZDE0LWFmMjMtMzc0NjMzMTg0ODk4XkEyXkFqcGc@._V1_QL75_UX500_CR0,0,500,281_.jpg",https://www.imdb.com/title/tt18226944/?ref_=ttep_ep_13,FALSE
12,14,Video Killed the Gene-io Star,"Sun, Mar 13, 2022",Gene reluctantly agrees to star in a music video for Courtney; Teddy and Linda are obsessed with a mysterious customer at the restaurant.,6.9,602,"https://m.media-amazon.com/images/M/MV5BNDg0OTRmZWItMjIzZS00NTkwLWI3NjktYzEyMWQ5Y2ExNDQ0XkEyXkFqcGc@._V1_QL75_UX500_CR0,0,500,281_.jpg",https://www.imdb.com/title/tt18270570/?ref_=ttep_ep_14,FALSE
12,15,Ancient Misbehavin,"Sun, Mar 20, 2022","Louise, Millie, and Rudy plot revenge on a teacher after feeling slighted during a special Ancient Greece unit; Bob gets his own room.",7.6,603,"https://m.media-amazon.com/images/M/MV5BODY5ZDFhOTAtNTlmZC00YmU5LTkyZGYtOTYzMDk0M2E3OTMxXkEyXkFqcGc@._V1_QL75_UX500_CR0,0,500,281_.jpg",https://www.imdb.com/title/tt18334500/?ref_=ttep_ep_15,FALSE
12,16,Interview with a Pop-pop-pire,"Sun, Mar 27, 2022",The Belchers tell their own versions of an infamous tree incident in the early years of Big Bob as they await his arrival so Tina can interview him for a school project during dinner.,6.8,606,"https://m.media-amazon.com/images/M/MV5BMjc4MzIzN2QtYTU0Ny00YjhmLTg1MmQtZDI5NzNiZmVmN2Y5XkEyXkFqcGc@._V1_QL75_UX500_CR0,0,500,281_.jpg",https://www.imdb.com/title/tt18394900/?ref_=ttep_ep_16,FALSE
12,17,The Spider House Rules,"Sun, Apr 10, 2022",Louise hides a house spider in her room after being told to get rid of it; Bob tries to make a friend outside of the people who come to the restaurant.,7.2,557,"https://m.media-amazon.com/images/M/MV5BNzQyMmM3YTYtYzVhOS00MWI5LTg4OTAtY2E4NDZjM2IxOTIxXkEyXkFqcGc@._V1_QL75_UX500_CR0,0,500,281_.jpg",https://www.imdb.com/title/tt18815212/?ref_=ttep_ep_17,FALSE
12,18,Clear and Present Ginger,"Sun, Apr 24, 2022",Linda plans a big day for her friend Ginger's visit; Bob and the kids help Nat with a limo competition.,7.1,555,"https://m.media-amazon.com/images/M/MV5BMDhmMTUzNjQtZTRiYi00MjkzLTk2YWQtMjRmODY0ODExOGNkXkEyXkFqcGc@._V1_QL75_UX500_CR0,0,500,281_.jpg",https://www.imdb.com/title/tt19268050/?ref_=ttep_ep_18,FALSE
12,19,A-Sprout a Boy,"Sun, May 1, 2022","Gene becomes obsessed with an old handheld game, so Bob offers to help him with a school project in the hope of steering him towards more interesting pursuits; Louise and Tina take over a grocery store kiddie ride.",6.9,549,"https://m.media-amazon.com/images/M/MV5BYWVhNGQ5ODAtYjE4OS00YTA5LWEyMTUtNmZkOWI4YjRmYzY0XkEyXkFqcGc@._V1_QL75_UX500_CR0,0,500,281_.jpg",https://www.imdb.com/title/tt19268154/?ref_=ttep_ep_19,FALSE
12,20,Sauce Side Story,"Sun, May 8, 2022","Louise, Gene and Tina must navigate an old family feud when they attempt to find a lost family recipe for a Mother's Day gift for Linda.",7.4,558,"https://m.media-amazon.com/images/M/MV5BMjc0MzdhMDktMGQzMS00YmY2LWFlMDAtMzI4MzA2YWIwMDVmXkEyXkFqcGc@._V1_QL75_UX500_CR0,0,500,281_.jpg",https://www.imdb.com/title/tt19268168/?ref_=ttep_ep_20,TRUE
12,21,Some Like It Bot Part 1: Eighth Grade Runner,"Sun, May 15, 2022","After Tammy and Jocelyn ridicule her new shirt, Tina turns to her erotic friend-fiction and writes about a futuristic world where she's a robot.",8.2,760,"https://m.media-amazon.com/images/M/MV5BYzNmODYyMDctNmMwYy00NzYwLTkxYzgtZDdiNWYyNTA0YTdhXkEyXkFqcGc@._V1_QL75_UX500_CR0,109,500,281_.jpg",https://www.imdb.com/title/tt19268192/?ref_=ttep_ep_21,FALSE
12,22,Some Like It Bot Part 2: Judge-bot Day,"Sun, May 22, 2022",Tina embarks on a mission that could get her into trouble and the family tries to stop her when they read her erotic friend fiction.,7.7,644,"https://m.media-amazon.com/images/M/MV5BMzgwMzdjNGMtOTAyMC00OWYyLThhNzAtZGRmNTgzYWQ5YmYzXkEyXkFqcGc@._V1_QL75_UX500_CR0,109,500,281_.jpg",https://www.imdb.com/title/tt19268216/?ref_=ttep_ep_22,FALSE
13,1,"To Bob, or Not to Bob","Sun, Sep 25, 2022",The Belchers help Mr. Fischoeder put on a play in an attempt to make his brother Felix admit committing a theft; Louise is jealous of Tina's hands.,7.2,663,"https://m.media-amazon.com/images/M/MV5BOGUyYWJiMzctMWQ4My00ZDE3LTlhZGUtN2I0MzhjYWIwZjIzXkEyXkFqcGc@._V1_QL75_UX500_CR0,0,500,281_.jpg",https://www.imdb.com/title/tt13154524/?ref_=ttep_ep_1,FALSE
13,2,The Reeky Lake Show,"Sun, Oct 2, 2022",The Belchers' Labor Day lake trip goes south when they end up trapped in their cabin hiding from what lurks outside.,7.5,685,"https://m.media-amazon.com/images/M/MV5BM2JlNzAwYTktMWYyZC00MWMxLWFkZWMtMzNmZWM5OTZmYzMxXkEyXkFqcGc@._V1_QL75_UX500_CR0,0,500,281_.jpg",https://www.imdb.com/title/tt22037754/?ref_=ttep_ep_2,TRUE
13,3,What About Job?,"Sun, Oct 9, 2022",Louise imagines what her future may hold when a school assignment about careers sends her spiraling.,7.4,649,"https://m.media-amazon.com/images/M/MV5BODI1OTk2NjMtNWM4Zi00OWIyLTk2ZTAtMTY1NjA5NWJiZDhjXkEyXkFqcGc@._V1_QL75_UX500_CR0,0,500,281_.jpg",https://www.imdb.com/title/tt22053394/?ref_=ttep_ep_3,FALSE
13,4,Comet-y of Errors,"Sun, Oct 16, 2022","At a comet watch party, Teddy searches for signs from the universe and Bob tries to keep him from going off the deep end, while the Belcher kids try to make their comet wishes come true.",7.5,629,"https://m.media-amazon.com/images/M/MV5BYmQ2YzQxMWEtYTExOC00ZDczLWFiNjQtMmNkNWM5NmM3ZTkyXkEyXkFqcGc@._V1_QL75_UX500_CR0,0,500,281_.jpg",https://www.imdb.com/title/tt22246546/?ref_=ttep_ep_4,FALSE
13,5,So You Stink You Can Dance,"Sun, Oct 23, 2022","Tina cheers for Jimmy Junior at a semi-prestigious dancing seminar, while Bob and Linda have a bet to see which of them can catch the most home run balls outside Wonder Wharf Stadium.",6.9,613,"https://m.media-amazon.com/images/M/MV5BMzEyMjBjYTktOGZkMi00OTRhLWFhNmEtZTBjOTkzMDkzMDgxXkEyXkFqcGc@._V1_QL75_UX500_CR0,0,500,281_.jpg",https://www.imdb.com/title/tt22464980/?ref_=ttep_ep_5,FALSE
13,6,Apple Gore-chard! (But Not Gory),"Sun, Oct 30, 2022","Louise suspects foul play on a Halloween field trip to an apple orchard, while Tina and Gene hope to win the school costume parade.",7.2,657,"https://m.media-amazon.com/images/M/MV5BMTQzNDE4N2QtMWYxMy00NzA2LTkyOWYtMmNhOTIxYWVhOTFmXkEyXkFqcGc@._V1_QL75_UX500_CR0,0,500,281_.jpg",https://www.imdb.com/title/tt22505414/?ref_=ttep_ep_6,TRUE
13,7,Ready Player Gene,"Sun, Nov 13, 2022","Gene spends all his money at a VR arcade that opens next door to the restaurant, while Tina and Louise try to build their tallest menu tower ever.",6.8,644,"https://m.media-amazon.com/images/M/MV5BYjU2NTVjODctMzhjMC00ZTlmLThmYTgtZDdhZDI1YTAxMTY0XkEyXkFqcGc@._V1_QL75_UX500_CR0,0,500,281_.jpg",https://www.imdb.com/title/tt22689224/?ref_=ttep_ep_7,FALSE
13,8,Putts-giving,"Sun, Nov 20, 2022",The Belchers go to a mini-golf course on Thanksgiving.,7.1,637,"https://m.media-amazon.com/images/M/MV5BNzM2MjM5MjktNWViYy00N2MzLTg1YWUtMjk4MDg3OGU1MjYyXkEyXkFqcGc@._V1_QL75_UX500_CR0,0,500,281_.jpg",https://www.imdb.com/title/tt23055074/?ref_=ttep_ep_8,TRUE
13,9,Show Mama from the Grave,"Sun, Nov 27, 2022","Bob takes Linda and the kids to his mother's grave, but finding the headstone is harder than he thought; Teddy makes a fatal mistake while doing repairs on the Belcher home.",8.3,858,"https://m.media-amazon.com/images/M/MV5BZmE1YTk3NmQtYzhhYS00NzcyLTg2YzEtZDljZDQyY2EzOTRiXkEyXkFqcGc@._V1_QL75_UX500_CR0,0,500,281_.jpg",https://www.imdb.com/title/tt23649562/?ref_=ttep_ep_9,FALSE
13,10,The Plight Before Christmas,"Sun, Dec 11, 2022",Bob and Linda try to attend all the kids' holiday performances at the same time.,9.6,3300,"https://m.media-amazon.com/images/M/MV5BNGRkOTk3NjktNzBmZi00M2I0LWEwNTMtNmM4NmM5MjM5NzVjXkEyXkFqcGc@._V1_QL75_UX500_CR0,0,500,281_.jpg",https://www.imdb.com/title/tt23708680/?ref_=ttep_ep_10,TRUE
13,11,Cheaty Cheaty Bang Bang,"Sun, Jan 8, 2023","Tina attempts to clear her name when a student accuses her of cheating on a test, but a snowstorm traps the Belchers in their home.",7.4,601,"https://m.media-amazon.com/images/M/MV5BOGI2ZTNmZjYtNTU2My00MzU0LThjYzUtMWE2N2Q4NmYwZDlmXkEyXkFqcGc@._V1_QL75_UX500_CR0,0,500,281_.jpg",https://www.imdb.com/title/tt24176418/?ref_=ttep_ep_11,FALSE
13,12,Oh Row You Didn't,"Sun, Feb 19, 2023",Everything changes when a man rowing from New Zealand to Nova Scotia visits the restaurant for a burger.,7.2,573,"https://m.media-amazon.com/images/M/MV5BYjE1ZjhiN2MtOTJiMC00ZWQxLWE1ZWQtNDY0NzNmYmVjZjg4XkEyXkFqcGc@._V1_QL75_UY281_CR0,0,500,281_.jpg",https://www.imdb.com/title/tt25828582/?ref_=ttep_ep_12,FALSE
13,13,Stop! Or My Mom Will Sleuth!,"Sun, Feb 26, 2023","Louise is accused of a theft at school, so Linda uses her position as school office volunteer to solve the case.",7.4,563,"https://m.media-amazon.com/images/M/MV5BYzYwYzdhODctM2FjNS00YjAyLWExMjMtZjBjNzI4YTBmN2M4XkEyXkFqcGc@._V1_QL75_UY281_CR5,0,500,281_.jpg",https://www.imdb.com/title/tt26591158/?ref_=ttep_ep_13,FALSE
13,14,These Boots Are Made for Stalking,"Sun, Mar 5, 2023",Tina decides to be like the coolest teens she's ever seen come into the restaurant; Gene and Louise get into a battle of wills over stinky socks.,7.6,650,"https://m.media-amazon.com/images/M/MV5BODA1MmJlMGEtNDc4YS00MzdkLTgzMTAtYTIyM2U3MzBmMTdiXkEyXkFqcGc@._V1_QL75_UY281_CR4,0,500,281_.jpg",https://www.imdb.com/title/tt26672092/?ref_=ttep_ep_14,FALSE
13,15,The Show (And Tell) Must Go On,"Sun, Mar 12, 2023",Louise brings Tina on her mission to find the perfect item for her last Show and Tell ever; Teddy goes overboard trying to impress his date at the restaurant.,7.3,569,"https://m.media-amazon.com/images/M/MV5BMWUxZjVlMTctYjE3NC00ZjczLTgwOTYtY2U0NWQ4YzVkMzE3XkEyXkFqcGc@._V1_QL75_UX500_CR0,0,500,281_.jpg",https://www.imdb.com/title/tt26862538/?ref_=ttep_ep_15,FALSE
13,16,What a (April) Fool Believes,"Sun, Mar 19, 2023",Bob risks his lease to successfully prank Mr. Fischoeder on April Fool's Day.,8.1,639,"https://m.media-amazon.com/images/M/MV5BYTdkOTU5ZjYtY2VjNy00OWExLWEzZjEtNjVmYzY0YzViM2Q2XkEyXkFqcGc@._V1_QL75_UX500_CR0,0,500,281_.jpg",https://www.imdb.com/title/tt27003615/?ref_=ttep_ep_16,FALSE
13,17,Crows Encounters of the Bird Kind,"Sun, Mar 19, 2023",Tina brings Bob on her quest to earn her ThunderGirls bird-watching badge; Louise and Gene try to keep their new restaurant game a secret from Linda.,7.3,551,"https://m.media-amazon.com/images/M/MV5BNGY2ZWM1OWUtZGY0NC00OTFmLWE5NzQtZmI1NzNlZDIxOGIwXkEyXkFqcGc@._V1_QL75_UX500_CR0,0,500,281_.jpg",https://www.imdb.com/title/tt27003633/?ref_=ttep_ep_17,FALSE
13,18,Gift Card or Buy Trying,"Sun, Apr 16, 2023",The Belchers go on a $20-each shopping spree when a customer leaves a $100 gift card as a tip and Gene has an awkward meeting with an old friend.,7.2,560,"https://m.media-amazon.com/images/M/MV5BNDFkY2Y0MmUtZWYyOS00MGY5LWI0NjAtNTAzNDc3ZjQyMjcwXkEyXkFqcGc@._V1_QL75_UX500_CR0,0,500,281_.jpg",https://www.imdb.com/title/tt27263244/?ref_=ttep_ep_18,FALSE
13,19,Crab-solutely Fabulous,"Sun, Apr 23, 2023",The Belcher kids join a crustacean-themed wrestling show; Linda tries to form a 21-day habit.,6.7,593,"https://m.media-amazon.com/images/M/MV5BMjU1N2U2ODgtZjVhNy00MTkzLTk4M2ItZGJlOGE2OTM4Y2QxXkEyXkFqcGc@._V1_QL75_UX500_CR0,0,500,281_.jpg",https://www.imdb.com/title/tt27422384/?ref_=ttep_ep_19,FALSE
13,20,Radio No You Didn't,"Sun, Apr 30, 2023","Bob tells Linda and the kids the story of how an old, broken radio that belonged to his grandmother Alice helped her discover that a German spy lived in her building.",7.9,723,"https://m.media-amazon.com/images/M/MV5BNDI4ZjA4ZWMtOTcyNS00MjgxLThkMjQtOTAwZDllOWYzOGM5XkEyXkFqcGc@._V1_QL75_UX500_CR0,0,500,281_.jpg",https://www.imdb.com/title/tt27425603/?ref_=ttep_ep_20,FALSE
13,21,Mother Author Laser Pointer,"Sun, May 14, 2023",Linda very nearly kidnaps a children's book author by accident; the Belcher kids try to help Mr. Frond get his cat out of a tree in front of the school.,6.8,604,"https://m.media-amazon.com/images/M/MV5BYzVjZWNhYzQtZWQzNi00OWYzLThhMjMtYmM0NjQ4NWVlYzRlXkEyXkFqcGc@._V1_QL75_UY281_CR21,0,500,281_.jpg",https://www.imdb.com/title/tt27440176/?ref_=ttep_ep_21,FALSE
13,22,Amelia,"Sun, May 21, 2023",Louise takes a class assignment - and some unhelpful comments from Wayne - personally; Bob hires a masseur-in-training to massage Linda for Mother's Day.,9,1400,"https://m.media-amazon.com/images/M/MV5BOWM2ZTk3MDgtZGQ0Yy00MTVjLTk0MjUtYzMyZjc3Mjg5YzRiXkEyXkFqcGc@._V1_QL75_UX500_CR0,0,500,281_.jpg",https://www.imdb.com/title/tt27440179/?ref_=ttep_ep_22,TRUE
14,1,Fight at the Not Okay Chore-ral,"Sun, Oct 1, 2023",The Belchers end up in a showdown when Bob and Linda suggest the kids do chores.,6.8,701,"https://m.media-amazon.com/images/M/MV5BMzRiZDQ5NmYtYWRjNC00NWIwLWEwNGEtYTY5MWUxMmYwZmM3XkEyXkFqcGc@._V1_QL75_UY281_CR1,0,500,281_.jpg",https://www.imdb.com/title/tt26457875/?ref_=ttep_ep_1,FALSE
14,2,The Amazing Rudy,"Sun, Oct 8, 2023",Rudy attends an important dinner; the Belchers make a casserole.,9.1,1700,"https://m.media-amazon.com/images/M/MV5BYmRjOTdhY2YtZWMzMS00YjU0LTg5NDQtYTlmZWVmNGUxZDA5XkEyXkFqcGc@._V1_QL75_UX500_CR0,0,500,281_.jpg",https://www.imdb.com/title/tt29141866/?ref_=ttep_ep_2,FALSE
14,3,The Pickleorette,"Sun, Oct 22, 2023",Bob and Linda help Gretchen throw her sister's bachelorette party; Tina forces Gene and Louise to play a board game they find on the street.,7.3,616,"https://m.media-amazon.com/images/M/MV5BYzkyMDM4YWMtOWZlNC00MDE3LWJmNjItNWZiZWM4M2IzNzk3XkEyXkFqcGc@._V1_QL75_UX500_CR0,0,500,281_.jpg",https://www.imdb.com/title/tt29379938/?ref_=ttep_ep_3,FALSE
14,4,Running Down a Gene,"Sun, Oct 29, 2023",Gene tries to lucid dream so he can remember the perfect song he wrote in his sleep; Louise and Tina try to catch a cricket that's keeping Linda up at night with its chirping.,7.1,582,"https://m.media-amazon.com/images/M/MV5BNWFiZDlhNTMtYzE1Mi00ZDc3LTg2NTUtMmUxOWM0NWNjNjhmXkEyXkFqcGc@._V1_QL75_UX500_CR0,0,500,281_.jpg",https://www.imdb.com/title/tt29379944/?ref_=ttep_ep_4,FALSE
14,5,Bully-ieve It or Not,"Sun, Nov 5, 2023","The Belcher kids uncover a secret about Zeke's past, while Bob rekindles his feud with Jimmy Pesto.",7.3,608,"https://m.media-amazon.com/images/M/MV5BMGY2NGVkMGUtYzMwNi00YTE1LThjNGQtYjNiZTA5YTEyMDlkXkEyXkFqcGc@._V1_QL75_UX500_CR0,0,500,281_.jpg",https://www.imdb.com/title/tt29387714/?ref_=ttep_ep_5,FALSE
14,6,Escape from Which Island?,"Sun, Nov 12, 2023","Mr. Fischoeder enlists Bob to be his personal chef for a glamping trip on his exclusive club's secret island. Meanwhile, Linda gives the kids a crash-course on cocktail party etiquette.",7.5,615,"https://m.media-amazon.com/images/M/MV5BOWNlMzBjYTYtMWNmNy00ZWM3LThiNTUtNWZkYjYyZTQwOWJlXkEyXkFqcGc@._V1_QL75_UX500_CR0,0,500,281_.jpg",https://www.imdb.com/title/tt29622450/?ref_=ttep_ep_6,FALSE
14,7,The (Raccoon) King and I,"Sun, Nov 19, 2023",Linda makes a mistake during a neighborhood block party that could endanger the life of her favorite alley raccoon.,7.1,562,"https://m.media-amazon.com/images/M/MV5BNGIwMmJkZGUtM2EzNi00YjcxLTkxNDEtNmY3NjAxZGQ4MmRjXkEyXkFqcGc@._V1_QL75_UY281_CR2,0,500,281_.jpg",https://www.imdb.com/title/tt29732135/?ref_=ttep_ep_7,FALSE
14,8,"Wharf, Me Worry?","Sun, Nov 26, 2023","The Belcher kids spend a special day with Big Bob at the Wharf, where they get into trouble with its new fortune-telling giant clam.",7.2,533,"https://m.media-amazon.com/images/M/MV5BMmE2YWQ2MDAtZmMwNi00MDk0LWI0NmItOWVmYmRjNWY2MGQ3XkEyXkFqcGc@._V1_QL75_UX500_CR0,0,500,281_.jpg",https://www.imdb.com/title/tt29865867/?ref_=ttep_ep_8,FALSE
14,9,Fraud of the Dead: Zombie-Docu-Pocalypse,"Sun, Dec 3, 2023",A documentary film profiling Louise as a world-class archer is interrupted by unexpected visitors.,8,697,"https://m.media-amazon.com/images/M/MV5BOWRhN2ZhYzEtNjRlZi00MjI3LWI4OTgtZjg0ZjA3YTlkZDNhXkEyXkFqcGc@._V1_QL75_UY281_CR3,0,500,281_.jpg",https://www.imdb.com/title/tt30028400/?ref_=ttep_ep_9,FALSE
14,10,The Nightmare 2 Days Before Christmas,"Sun, Dec 17, 2023",The Belchers are forced to spend Christmas at Mr. Fischoeder's old hunting lodge when the power goes out two days before the holiday.,7.7,581,"https://m.media-amazon.com/images/M/MV5BY2Y5NjFmOGUtZmM5OC00MmUyLWI1ZGEtMWQyYmZiY2RhMGUxXkEyXkFqcGc@._V1_QL75_UY281_CR8,0,500,281_.jpg",https://www.imdb.com/title/tt29804427/?ref_=ttep_ep_10,TRUE
14,11,Mission Impossi-Bob,"Sun, Jan 7, 2024",Teddy gets stuck in an underground survival bunker and calls on Bob to get him out.,7.5,560,"https://m.media-amazon.com/images/M/MV5BMWE5OWMwN2ItYTIwZS00MjI2LTgzZjItMWI0MWFjZmI5ZGJiXkEyXkFqcGc@._V1_QL75_UX500_CR0,0,500,281_.jpg",https://www.imdb.com/title/tt30129655/?ref_=ttep_ep_11,FALSE
14,12,Jade in the Shade,"Sun, Mar 10, 2024","Linda and Louise stumble into a treasure-hunting adventure on a tour of the town's bootlegging history; Bob, Tina and Gene play host to a group of street performers looking to settle a beef.",7.8,485,"https://m.media-amazon.com/images/M/MV5BYjVmZmFkZDctNGE2MC00OWM0LTk3NjItMTAzMDVmYjY4ZGYzXkEyXkFqcGc@._V1_QL75_UY281_CR1,0,500,281_.jpg",https://www.imdb.com/title/tt31450468/?ref_=ttep_ep_12,FALSE
14,13,Butt Sweat and Fears,"Sun, May 19, 2024","Tina gets her skirt stuck in the dryer when she tries to dry off her butt sweat at Chelsea's party, where she anticipates upper butt action; Teddy tries to join the Belchers' competition of building objects from the basement trash.",7.6,484,"https://m.media-amazon.com/images/M/MV5BZDA2OTYxMmMtZTc2NC00NDI1LWJjOGItZTNmMjllNzY3OWVmXkEyXkFqcGc@._V1_QL75_UY281_CR2,0,500,281_.jpg",https://www.imdb.com/title/tt32143987/?ref_=ttep_ep_13,FALSE
14,14,The Big Stieblitzki,"Sun, Sep 8, 2024",The Belchers get invited to Rudy's father's birthday party and try to make him look better than Rudy's Mom's new boyfriend; Tina attempts to convince a woman to commit to a relationship with Rudy's father.,7.6,421,"https://m.media-amazon.com/images/M/MV5BOGZmMmFkOTAtMTNlOS00MjQ1LWE3YTgtY2JmYjY4MDEzNzg2XkEyXkFqcGc@._V1_QL75_UX500_CR0,0,500,281_.jpg",https://www.imdb.com/title/tt32952069/?ref_=ttep_ep_14,FALSE
14,15,The Right Tough Stuff,"Sun, Sep 15, 2024","When Gayle tells the Belchers about her plans to send an audition tape for Tough Stuff Island, Linda tries to make her tape boring and the kids try to make it more interesting; Bob struggles with his new electric grinder.",7.6,415,"https://m.media-amazon.com/images/M/MV5BZmI5ZGEwODctODkyMS00MGE0LTkxNTEtY2FkOTRjZjM3Njg4XkEyXkFqcGc@._V1_QL75_UX500_CR0,0,500,281_.jpg",https://www.imdb.com/title/tt32952110/?ref_=ttep_ep_15,FALSE
14,16,To Catch a Beef,"Sun, Sep 22, 2024",Sergeant Bosco goes to Bob to learn how to cook burgers for an undercover mission to oust criminal burger joint owner Vincent Balicki.,7.8,427,"https://m.media-amazon.com/images/M/MV5BZTg0NDFjMDEtOTQxYS00NmEwLWI1NmYtODQ1YmM2OTgzNmNlXkEyXkFqcGc@._V1_QL75_UX500_CR0,0,500,281_.jpg",https://www.imdb.com/title/tt32952214/?ref_=ttep_ep_16,FALSE
15,1,The Tina Table: The Tables Have Tina-ed,"Sun, Sep 29, 2024",Tina interviews Mr. Frond about his revolutionary computer game in an attempt to save her school news segment; Bob and Linda make up the plots to popular horror movies they haven't seen to entertain Teddy.,7.5,487,"https://m.media-amazon.com/images/M/MV5BZjNlMjg4ZDktNmJhZC00OTVlLWJmMDctMjJmMjAzZGRkMDRkXkEyXkFqcGc@._V1_QL75_UX500_CR0,0,500,281_.jpg",https://www.imdb.com/title/tt26457876/?ref_=ttep_ep_1,FALSE
15,2,Saving Favorite Drive-In,"Sun, Oct 6, 2024",Bob comes up with a plan to save the local drive-in theater from closing; Linda accidentally insults another mom on a group text chain; Louise and Gene hide from Tina when they steal some of her favorite candy.,8,517,"https://m.media-amazon.com/images/M/MV5BM2E4ZjQ3YmItYjkwOS00OWQ5LThkMjAtZjNjNzUzYWMyOGE2XkEyXkFqcGc@._V1_QL75_UX500_CR0,0,500,281_.jpg",https://www.imdb.com/title/tt33482013/?ref_=ttep_ep_2,FALSE
15,3,Colon-ly the Dronely,"Sun, Oct 20, 2024",Linda drives Teddy to help him pick up Kathleen from her colonoscopy after he hurts himself; the Belcher kids plan to prank a drone that's set to film the school from above.,7.7,479,"https://m.media-amazon.com/images/M/MV5BOWU2NTY2YzYtNDViMS00NjY1LWEzYTYtMjViYjkxMzY4ODI3XkEyXkFqcGc@._V1_QL75_UX500_CR0,0,500,281_.jpg",https://www.imdb.com/title/tt33621285/?ref_=ttep_ep_3,FALSE
15,4,For Whom the Doll Toes,"Sun, Oct 27, 2024",Louise stages a murder mystery in a creepy old dollhouse store for reasons she can't explain.,8,542,"https://m.media-amazon.com/images/M/MV5BODYwNjEzMjYtYmU4Zi00YTY1LTkyZWEtMTJlMzhmNjFhNjcxXkEyXkFqcGc@._V1_QL75_UX500_CR0,0,500,281_.jpg",https://www.imdb.com/title/tt33848067/?ref_=ttep_ep_4,FALSE
15,5,Don't Stop Be-Cheesin,"Sun, Nov 3, 2024",Louise trains Tina to be the last student standing in a cheese throwing fight against the other eighth graders; Bob and Teddy teach Linda how to eavesdrop on customers' conversations without getting caught.,7.7,466,"https://m.media-amazon.com/images/M/MV5BMTEyNDY4YjMtZWYyNi00MThlLThkNmEtYmY0NDA1ZGJkZGZmXkEyXkFqcGc@._V1_QL75_UY281_CR0,0,500,281_.jpg",https://www.imdb.com/title/tt34207632/?ref_=ttep_ep_5,FALSE
15,6,Hope N' Mic Night,"Sun, Nov 10, 2024","The kids want to host an open mic night at the restaurant, but the hidden costs keep mounting and Bob worries it'll ruin them.",8.3,628,"https://m.media-amazon.com/images/M/MV5BOTM0YTExMjAtZTgwZS00YTRlLWIzNDQtZjc2NWFkMzgyYTQwXkEyXkFqcGc@._V1_QL75_UX500_CR0,0,500,281_.jpg",https://www.imdb.com/title/tt34357665/?ref_=ttep_ep_6,FALSE
15,7,Boogie Days,"Sun, Nov 24, 2024",Bob's past comes back to haunt him when Louise signs up for a father-daughter boogie board contest.,7.4,422,"https://m.media-amazon.com/images/M/MV5BM2VhZGQ0MTYtNTZhZi00OWEzLTkxNWQtMGY3MjA3OTI1Y2NhXkEyXkFqcGc@._V1_QL75_UY281_CR2,0,500,281_.jpg",https://www.imdb.com/title/tt34512189/?ref_=ttep_ep_7,FALSE
15,8,"They Slug Horses, Don't They?","Sun, Dec 8, 2024","Tina and Louise get into an argument that escalates across several graphic ""apology"" cards.",8.4,733,"https://m.media-amazon.com/images/M/MV5BOTZjZThkNjMtOTRmMC00ZGY0LWI1NGQtNDk1N2M1MzJjZDhjXkEyXkFqcGc@._V1_QL75_UX500_CR0,0,500,281_.jpg",https://www.imdb.com/title/tt34730473/?ref_=ttep_ep_8,FALSE
15,9,Dog Christmas Day After Afternoon,"Sun, Dec 15, 2024",The Belchers' family trip to see Christmas lights becomes a rescue mission in more ways than one.,8.1,462,"https://m.media-amazon.com/images/M/MV5BMzFmYTkyYzktOTI0Yy00ZjVhLTgzM2MtNmY2NjY4ZDI4NzJhXkEyXkFqcGc@._V1_QL75_UY281_CR1,0,500,281_.jpg",https://www.imdb.com/title/tt34791042/?ref_=ttep_ep_9,TRUE
15,10,Advice Things Are Ad-nice,"Sun, Dec 29, 2024",Tina becomes the new advice columnist for the school newspaper; Teddy takes on more than he can handle when he volunteers to build a float for the Bounty of the Bay Parade.,7.4,393,"https://m.media-amazon.com/images/M/MV5BNzI4YmI5OTEtOWE0My00ZGFmLWEyZjYtZjNmMWU1NzEzOWQ5XkEyXkFqcGc@._V1_QL75_UY281_CR0,0,500,281_.jpg",https://www.imdb.com/title/tt34984702/?ref_=ttep_ep_10,FALSE
15,11,Mr. Fischoeder's Opus,"Sun, May 18, 2025","Mr. Fischoeder offers the Belchers two months free rent in exchange for catering an important reception at his house, so the family does everything they can to make sure the event goes perfectly.",7.7,367,"https://m.media-amazon.com/images/M/MV5BMDdkMDQxOGEtZWRkOC00YWM2LThiYTYtYTY1OGU3ZTI1YzQ1XkEyXkFqcGc@._V1_QL75_UX500_CR0,0,500,281_.jpg",https://www.imdb.com/title/tt36684224/?ref_=ttep_ep_11,FALSE
15,12,Like a Candle in the Gym,"Thu, May 29, 2025","Linda forces the Belchers to go on a family walk, during which the kids stumble onto a conspiracy theory about their gym teacher, Coach Blevins.",7.3,338,"https://m.media-amazon.com/images/M/MV5BMzBjZDRiNzgtODc3My00NGY4LTlmYWItNmU5NTNkZGFiOGJjXkEyXkFqcGc@._V1_QL75_UX500_CR0,0,500,281_.jpg",https://www.imdb.com/title/tt36861477/?ref_=ttep_ep_12,FALSE
15,13,Snackface,"Thu, Jun 5, 2025","Louise starts an illegal snack trade at school with Gene and Tina, but tensions rise when a rival snack business emerges; Bob and Linda face a laptop crisis, forcing them to choose between family memories and bookkeeping records.",7.7,328,"https://m.media-amazon.com/images/M/MV5BMmVlNDRlNTItZDI4OC00NmMwLTg5OWItZDk4MjdlYWM3MGQ1XkEyXkFqcGc@._V1_QL75_UX500_CR0,0,500,281_.jpg",https://www.imdb.com/title/tt36980689/?ref_=ttep_ep_13,FALSE
15,14,The Place Beyond the Pinecones,"Thu, Jun 12, 2025","Tina embarks on a scavenger hunt for the ""golden pinecone"" during an overnight orienteering trip and gets trapped in an etiquette camp for good girls when she and her fellow Thundergirls get lost in the woods.",7.6,347,"https://m.media-amazon.com/images/M/MV5BOTk0ODYyMGMtNzQ5Ni00M2M0LWI5NTMtYTA1ZDQ3MGY1MDliXkEyXkFqcGc@._V1_QL75_UX500_CR0,0,500,281_.jpg",https://www.imdb.com/title/tt36980733/?ref_=ttep_ep_14,FALSE
15,15,The Lost City of Atlantic,"Thu, Jun 19, 2025",The Belchers have a wild night at a casino and Linda learns more about her late grandfather than she wanted to know.,8.2,399,"https://m.media-amazon.com/images/M/MV5BNTlhZmFiNjktMDdmOS00N2EzLWE2NzQtODQxY2M4NGFkMTU2XkEyXkFqcGc@._V1_QL75_UX500_CR0,0,500,281_.jpg",https://www.imdb.com/title/tt36981015/?ref_=ttep_ep_15,FALSE
15,16,The Shell Game,"Thu, Jul 3, 2025",Bob competes in a Bachelor-style competition to inherit Mr. Fischoeder's 100-year-old giant tortoise.,7.3,322,"https://m.media-amazon.com/images/M/MV5BZjVhMDRkOWYtZmYwMS00ZWFkLTgyOWItZWY1MDMwNDk2NGMyXkEyXkFqcGc@._V1_QL75_UX500_CR0,0,500,281_.jpg",https://www.imdb.com/title/tt37338247/?ref_=ttep_ep_16,FALSE
15,17,Wild Steal-ions,"Thu, Jul 10, 2025",Tina's lost book of semi-erotic Horse-torical Fiction lands in the hands of a mysterious stranger with nefarious intentions.,7.2,358,"https://m.media-amazon.com/images/M/MV5BZTJkNTVmMzEtOTEyNS00MGUwLTk1ODgtZTk5YTQ4MGRmNzU0XkEyXkFqcGc@._V1_QL75_UX500_CR0,0,500,281_.jpg",https://www.imdb.com/title/tt37338459/?ref_=ttep_ep_17,FALSE
15,18,"Don't Worry, Be Hoopy","Thu, Jul 17, 2025",Tina must confront her fear and her past when she advances to the County Finals of a national free throw competition.,7.3,316,"https://m.media-amazon.com/images/M/MV5BM2UyMWE1NWYtYjI3OS00ODJjLTg0MTYtNDkxYjA4MDlhMzExXkEyXkFqcGc@._V1_QL75_UX500_CR0,0,500,281_.jpg",https://www.imdb.com/title/tt37468577/?ref_=ttep_ep_18,FALSE
15,19,The Dead Bo-ats Society,"Thu, Jul 31, 2025","The kids explore a marine scrapyard in search of adventure, but the trip takes a dangerous turn.",7.7,288,"https://m.media-amazon.com/images/M/MV5BMGM0NWQ3ZDAtYzZhNy00YWYwLWJhZWItN2FjOGIzMjdlYWI2XkEyXkFqcGc@._V1_QL75_UX500_CR0,0,500,281_.jpg",https://www.imdb.com/title/tt37543506/?ref_=ttep_ep_19,FALSE
15,20,Dad-urday Kite Fever,"Thu, Jul 31, 2025",Bob is determined to fly a kite from his childhood with his kids; Teddy asks Linda for help rehearsing for a play.,7.5,289,"https://m.media-amazon.com/images/M/MV5BYzAzNDg2OTQtNjUxOS00YWNlLTk0NmUtNzAwZWNkNmY2OTJjXkEyXkFqcGc@._V1_QL75_UX500_CR0,0,500,281_.jpg",https://www.imdb.com/title/tt37543509/?ref_=ttep_ep_20,FALSE
15,21,Mr. Safebody,"Thu, Aug 7, 2025",Louise's schoolmate Arnold enlists her to direct a promotional video for his new bodyguarding business; a stolen car blasting 90's alternative rock is abandoned outside of the restaurant.,7.1,265,"https://m.media-amazon.com/images/M/MV5BY2EzMTc3ZDQtNDFmZS00MDE5LTgyYWItNmZjZTVkYjYxNzQwXkEyXkFqcGc@._V1_QL75_UX500_CR0,0,500,281_.jpg",https://www.imdb.com/title/tt37592952/?ref_=ttep_ep_21,FALSE
15,22,Insomnibob,"Thu, Aug 14, 2025",Insomnia sends Bob on a creative spree in the kitchen.,8.1,322,"https://m.media-amazon.com/images/M/MV5BMjQwYzhhNDEtMWNkYy00MjM4LTgzNzktZTliNzgwNWFhZmRhXkEyXkFqcGc@._V1_QL75_UX500_CR0,0,500,281_.jpg",https://www.imdb.com/title/tt37599389/?ref_=ttep_ep_22,FALSE
16,1,Grand Pre-Pre-Pre-Opening,"Sun, Sep 28, 2025",Bob and Linda are on the verge of a big decision which brings up memories of when the restaurant first opened; the kids embark on a new musical project.,9.3,623,"https://m.media-amazon.com/images/M/MV5BNzZmNjE4NjUtZjQ0NC00Mzk3LTg0MjEtOGVjMjUwOWVhOTdlXkEyXkFqcGc@._V1_QL75_UX500_CR0,0,500,281_.jpg",https://www.imdb.com/title/tt36431668/?ref_=ttep_ep_1,FALSE
16,2,Til Death Do Us Art,"Sun, Oct 5, 2025",Linda becomes concerned when Gayle turns her love life into a performance art piece.,7.4,302,"https://m.media-amazon.com/images/M/MV5BNjJjM2E5MjAtOGMyNS00MWU5LWJmZmUtYjQ5MWUwZmU5NjM2XkEyXkFqcGc@._V1_QL75_UX500_CR0,0,500,281_.jpg",https://www.imdb.com/title/tt36431657/?ref_=ttep_ep_2,FALSE
16,3,The Twinnening,"Sun, Oct 19, 2025",Teddy takes a handyman job next door to the restaurant and finds himself trapped inside a store full of spooky antiques.,7.8,317,"https://m.media-amazon.com/images/M/MV5BMmFjY2NlNGItYmUwYi00YThkLTg2MmYtYmZlODU2Yzk0OWE5XkEyXkFqcGc@._V1_QL75_UX500_CR0,0,500,281_.jpg",https://www.imdb.com/title/tt36431661/?ref_=ttep_ep_3,FALSE
16,4,The Skids in the Hall,"Sun, Oct 26, 2025",Louise and Gene try to help Tina clear her name after she is fired as a Hall Monitor.,7.6,270,"https://m.media-amazon.com/images/M/MV5BYjY0ZmRlZWUtNTI2Yi00Y2RkLWIyY2UtNGIzYzViNDVhMGZmXkEyXkFqcGc@._V1_QL75_UX500_CR0,0,500,281_.jpg",https://www.imdb.com/title/tt36431659/?ref_=ttep_ep_4,FALSE
16,5,The Secret Guardin',"Sun, Nov 2, 2025",The Belcher kids' plan to keep a secret from Linda gets jeopardized by dental surgery making Louise loopy.,7.9,250,"https://m.media-amazon.com/images/M/MV5BYWJiYmQwN2ItNTQ4Yy00MzgyLWI4ZWQtNDcxYjIyY2U1MTJjXkEyXkFqcGc@._V1_QL75_UX500_CR0,0,500,281_.jpg",https://www.imdb.com/title/tt36431666/?ref_=ttep_ep_5,FALSE
16,6,Get Her to the Zeke,"Sun, Nov 9, 2025",Tina tries to set up Zeke on a date while the rest of the Belchers contend with a Super Rat.,7.5,236,"https://m.media-amazon.com/images/M/MV5BZDRhYjFmMDktYmYyYi00OWNmLWI5MDYtMWM1ZjMzOTA2ZTczXkEyXkFqcGc@._V1_QL75_UX500_CR0,0,500,281_.jpg",https://www.imdb.com/title/tt36431670/?ref_=ttep_ep_6,FALSE
16,7,Tube for Tina,"Sun, Nov 23, 2025","Linda has a strong reaction to Tina buying a tiny tube top; Bob, Teddy, Louise and Gene face the consequences of a rare bird flying into the window of the restaurant.",7.4,217,"https://m.media-amazon.com/images/M/MV5BY2UxZjllNGQtYzcwYi00MjlkLWE4NjgtNzM0MTIwMDQ1OTA0XkEyXkFqcGc@._V1_QL75_UX500_CR0,0,500,281_.jpg",https://www.imdb.com/title/tt36431658/?ref_=ttep_ep_7,FALSE
16,8,Les Lizárdables,"Sun, Dec 7, 2025",Gene and Courtney get into a custody battle over an injured lizard.,7.2,197,"https://m.media-amazon.com/images/M/MV5BODNjNTMwNjMtMWIzNS00MTE2LWI3MjAtZjJiNDJkYjQwYzE2XkEyXkFqcGc@._V1_QL75_UX500_CR0,0,500,281_.jpg",https://www.imdb.com/title/tt36431665/?ref_=ttep_ep_8,FALSE
16,9,It's a Stunterful Life,"Sun, Dec 14, 2025","The kids get caught up in a stunt competition at a Christmas tree farm, while Bob decorates cookies for Santa and Linda tries to find every tree a home.",7.8,227,"https://m.media-amazon.com/images/M/MV5BY2YyODhlZTMtMjAxZS00MWEwLTg1NDgtMjg0OGY0M2Y2ZjNkXkEyXkFqcGc@._V1_QL75_UX500_CR0,0,500,281_.jpg",https://www.imdb.com/title/tt36431669/?ref_=ttep_ep_9,TRUE
16,10,Heist Things Are Heist,"Sun, Dec 28, 2025",Bob faces a setback after winning an award at a prestigious ceremony and the kids partner with possible jewel thief Vincent to set things right.,8.1,208,"https://m.media-amazon.com/images/M/MV5BYThlZWYyOTAtNTQ5My00ZjhkLTlkNDItMmI0NGU3MDE4Yjk2XkEyXkFqcGc@._V1_QL75_UX500_CR0,0,500,281_.jpg",https://www.imdb.com/title/tt36431662/?ref_=ttep_ep_10,FALSE
16,11,Episode #16.11,NA,NA,NA,NA,"https://m.media-amazon.com/images/M/MV5BZWQ1NGE4YjgtOGJjZS00OTZjLWI0MGUtMDUxYjY2M2E4MjNjXkEyXkFqcGc@._V1_QL75_UX500_CR0,234,500,281_.jpg",https://www.imdb.com/title/tt36431664/?ref_=ttep_ep_11,FALSE
16,12,Episode #16.12,NA,NA,NA,NA,"https://m.media-amazon.com/images/M/MV5BZWQ1NGE4YjgtOGJjZS00OTZjLWI0MGUtMDUxYjY2M2E4MjNjXkEyXkFqcGc@._V1_QL75_UX500_CR0,234,500,281_.jpg",https://www.imdb.com/title/tt36431667/?ref_=ttep_ep_12,FALSE
16,13,Episode #16.13,NA,NA,NA,NA,"https://m.media-amazon.com/images/M/MV5BZWQ1NGE4YjgtOGJjZS00OTZjLWI0MGUtMDUxYjY2M2E4MjNjXkEyXkFqcGc@._V1_QL75_UX500_CR0,234,500,281_.jpg",https://www.imdb.com/title/tt36431663/?ref_=ttep_ep_13,FALSE
16,14,Episode #16.14,NA,NA,NA,NA,"https://m.media-amazon.com/images/M/MV5BZWQ1NGE4YjgtOGJjZS00OTZjLWI0MGUtMDUxYjY2M2E4MjNjXkEyXkFqcGc@._V1_QL75_UX500_CR0,234,500,281_.jpg",https://www.imdb.com/title/tt36431671/?ref_=ttep_ep_14,FALSE
16,15,Episode #16.15,NA,NA,NA,NA,"https://m.media-amazon.com/images/M/MV5BZWQ1NGE4YjgtOGJjZS00OTZjLWI0MGUtMDUxYjY2M2E4MjNjXkEyXkFqcGc@._V1_QL75_UX500_CR0,234,500,281_.jpg",https://www.imdb.com/title/tt36431660/?ref_=ttep_ep_15,FALSE
