magazine,volume,issue,month,year,title,Title,Description,Authors
National Lampooon,1,1,April,1970,Sex,COVER,See also: The Inside Story on the Cover Photo of Issue No. 1,Photograph uncredited; Cartoon by Peter Bramley
National Lampooon,1,1,April,1970,Sex,Editorial,What first appears to be a bald attempt to fill space segues into a facetious statement of editorial policy.,"By Henry Beard, Doug Kenney, and Robert K. Hoffman; Illustration by Peter Bramley"
National Lampooon,1,1,April,1970,Sex,Letters,NA,From the Editors
National Lampooon,1,1,April,1970,Sex,Horrorscope,Celebrities’ futures predicted through reading the entrails of sacrificial animals,Text uncredited [Doug Kenney]; Illustration by Gail Burwen
National Lampooon,1,1,April,1970,Sex,Mrs. Agnew’s Diary,"Pat and Dick invite Judy and Spiggy to lunch in the upstairs room. The rambling text sets the tone for what would become a popular column, though not much happens in this first installment.",Uncredited [Doug Kenney]
National Lampooon,1,1,April,1970,Sex,Uncle Tom’s Column,A handy lexicon of common black terms for use by white employers to enable them to better ingratiate themselves to their black employees.,Uncredited [Beard?]
National Lampooon,1,1,April,1970,Sex,People Are…,Vapid high-society banter on the trendiest of the trendsetters and what they’re doing.,By Tamara Gould [George W. S. Trow]; Photographs by Michael Sullivan
National Lampooon,1,1,April,1970,Sex,Son of Homo Sapiens,What got cut from bad old sci-fi movies to adapt them for late night television broadcast.,Uncredited [Kenney?]
National Lampooon,1,1,April,1970,Sex,Sex Section Introduction,NA,Uncredited; Illustration by Bill Skurski
National Lampooon,1,1,April,1970,Sex,Sex Through the Ages,Awful jokes and bad puns posing as a scholarly overview of the history of sex.,By Richard Armour; Illustrations by Arnold Roth
National Lampooon,1,1,April,1970,Sex,White House Romance,"Romance comic book parody featuring David Eisenhower and Julie Nixon in which we follow Julie’s valiant efforts to remain a virgin, marriage notwithstanding. Plus, and ad parody for Richard of Pennsylvania Avenue’s Magic Formula #1776 which, it is claimed, can rid you of unwanted political agitators and hippy scum for the low price of only $1.98.",By Steve Kaplan; Illustrations by Jorg (?)
National Lampooon,1,1,April,1970,Sex,Michael O’Donoghue’s Pornocopia,Clichéed pornographic stories cast in various literary styles,By Michael O’Donoghue; Illustration by Charles E. White III
National Lampooon,1,1,April,1970,Sex,Oh! Hefner!,"A parody of a Playboy centerfold pictorial in which the subject (a young woman named Penelope Plastique who’s interests–revealed in the condescending accompanying text—include women’s rights, underwater mineral research, the poor, and playing cymbals) apparently poses for the nude centerfold photo only after getting smashing drunk.",By Mark MacArthur; Photographs by Fred Burrell
National Lampooon,1,1,April,1970,Sex,Playbore’s Party Jokes,"The requisite joke page following the centerfold, which read like dirty jokes, but without punchlines.",By Doug Kenney
National Lampooon,1,1,April,1970,Sex,The Schoenstein Report,"Dr. Schoenstein presents the results of his not-so-scientific survey on the sexual behavior of residents of Yonkers, N.Y., assuring the reader that his belief that all sex is perversion will in no way affect his conclusions.",By Ralph Schoenstein; Photographs by Ogden Goelet; Graphs by Dennis Hermanson
National Lampooon,1,1,April,1970,Sex,Mondo Perverto Magazine,"A magazine which covers the world of bizarre practices, sexual and otherwise. Filled with curious photos lifted from a variety of sources, including some ludicrous pornographic ones. The layout is a chaotic collage and feels very low-budget, though it’s hard to tell whether this was intentional.","Mondo Perverto Magazine, By Michael O’Donoghue and Tamara Gould [George W. S. Trow]; Designed by Dennis Hermanson"
National Lampooon,1,1,April,1970,Sex,"I a Splurch,",A lewd parody of Dr. Seuss concerning a ill-fated young bird’s journey of sexual awakening,By John Weidman; Illustrations by Peter Bramley
National Lampooon,1,1,April,1970,Sex,Rockwall’s Erotic Engravings,"Parody of an Avant-Garde magazine ad. Unbelievably, the target of this parody appears in the same issue 17 pages earlier. Also includes what is purported to be an erotic engraving by “Norman Rockwall.”",By Doug Kenney; Illustrations by Peter Bramley
National Lampooon,1,1,April,1970,Sex,The Kuku Sutra,"Parody of the Kama Sutra, accompanied by photographs of a couple wearing fairly un-sexy underwear. Describes various sexual techniques and perversions, all of which sound more lurid than they are.",By Roger Price; Photographs by Michael Sullivan
National Lampooon,1,1,April,1970,Sex,Sex Poems,"Five sexy poems—sexy, that is, unless you happen to be human.",By Patrick Coffey; Illustration by Lone Wolf
National Lampooon,1,1,April,1970,Sex,Dirty Linen,An exchange of memos between ad adgency execs trying to come up with a name for a laundry detergent that harnesses the persuassive power of sex.,Uncredited
National Lampooon,1,1,April,1970,Sex,Goth of the Month,Featuring Jacqueline Susann,Written and illustrated by Rick Meyerowitz
National Lampooon,1,1,April,1970,Sex,The April Best-Seller List,Capsule reviews of non-existent books by popular authors.,Uncredited
National Lampooon,1,1,April,1970,Sex,Love Letters of Aristotle Onassis,The supposed letters Onassis sent to woo Jackie Kennedy. Written in hopelessly broken English by a man who has apparently learned everything he knows about Jackie from reading trashy movie star magazines.,Uncredited; Photograph by UPI
National Lampooon,1,1,April,1970,Sex,Five Ages of Woman,NA,Cartoon by David McClelland
National Lampooon,1,1,April,1970,Sex,How Old Is That Chestnut?,Revelation that Shakespeare is the source of risque jokes.,"How Old Is That Chestnut?, Uncredited [Kenney?]"
National Lampooon,1,1,April,1970,Sex,Puzzle Page,“The Best from the First 54 Years of Mondo Breasto Puzzle Magazine“,Uncredited
National Lampooon,1,2,May,1970,Greed,COVER,NA,"Parody of Peter Max, an artist known perhaps more for his marketing savvy than for his artistic abilities. (Illustrated by Peter Bramely, though not credited.)"
National Lampooon,1,2,May,1970,Greed,Editorial,NA,NA
National Lampooon,1,2,May,1970,Greed,Letters,NA,From the Editors
National Lampooon,1,2,May,1970,Greed,Mrs. Agnew’s Diary,NA,Uncredited [Doug Kenney]
National Lampooon,1,2,May,1970,Greed,The Bushmiller System,NA,NA
National Lampooon,1,2,May,1970,Greed,Horrorscope,NA,NA
National Lampooon,1,2,May,1970,Greed,Two for the Magi,NA,NA
National Lampooon,1,2,May,1970,Greed,Let’s Make a Buck!,NA,NA
National Lampooon,1,2,May,1970,Greed,An Interview with Howard Hughes,"“A penny for your thoughts, H.H. Cheap at twice the price.”",By Michael O’Donoghue
National Lampooon,1,2,May,1970,Greed,The CosNosCo Annual Report,“The Mafia goes public. Mr. Fish prepares to go for a swim.”,By Nicholas Fish [Henry Beard]
National Lampooon,1,2,May,1970,Greed,Up With Negroes,“If we could just harness that natural rhythm to a turbine or something.”,By John Weidman
National Lampooon,1,2,May,1970,Greed,The Gall Street Journal,"“Extra, extra, read all about it, bull bites bear.”",By Doug Kenney
National Lampooon,1,2,May,1970,Greed,The Hanging of Norman Jones,“Cutting up with the Great Apes and some so-so monkeys.”,By Patrick Coffey
National Lampooon,1,2,May,1970,Greed,Space-Age Vending Machines,"“Hey, mister, can you spare a dime spare a dime spare a dime…”",By Mark MacArthur
National Lampooon,1,2,May,1970,Greed,The March of Slugs,NA,NA
National Lampooon,1,2,May,1970,Greed,Valley of Probate,NA,NA
National Lampooon,1,2,May,1970,Greed,Goth of the Month,“Lay up your treasure in heaven. Hight rates. Low monthly charge.”,Written and illustrated by Rick Meyerowitz
National Lampooon,1,2,May,1970,Greed,Taxpayers Anonymous,“One of the milked refuses to turn the other udder.”,By Alan Abel
National Lampooon,1,2,May,1970,Greed,The Poor and the Super-poor,“Featuring the first family tree to succumb to the Chestnut Blight.”,By Ralph Schoenstein; Illustrated by Arnold Roth
National Lampooon,1,2,May,1970,Greed,Plug That Gold Drain!,NA,NA
National Lampooon,1,2,May,1970,Greed,True Finance Magazine,"“‘I gave my heart to Bernie Baruch, and it split 3 for 1!'”",By Tamara Gould [George W. S. Trow]
National Lampooon,1,2,May,1970,Greed,Crossing the Rubicam,"“Up against the wall-to-wall carpeting, Max Factor.”",By Michael O’Donoghue
National Lampooon,1,2,May,1970,Greed,Cupidity,“The shiny business cycle you got with that Cloverine Brand Salve stock.”,By Robert Osborn
National Lampooon,1,3,June,1970,Blight,COVER,NA,"“Faster than a seeding pustle, more powerful than Connie Francis, Arnold Roth’s sensitive landscape suggests the ecological dilemma in which man finds himself today. Up to his ears in it, too.”"
National Lampooon,1,3,June,1970,Blight,Editorial,"A twist on an old Indian proverb: “I cried because I had no shoes, until I met a man with no feet.”",By Doug Kenney
National Lampooon,1,3,June,1970,Blight,Letters,NA,From the Editors
National Lampooon,1,3,June,1970,Blight,Horrorscope,The futures of celebrities are predicted through palmstry.,Uncredited [Doug Kenney]
National Lampooon,1,3,June,1970,Blight,Mrs. Agnew’s Diary,NA,Uncredited [Doug Kenney]
National Lampooon,1,3,June,1970,Blight,The First Colony on the Moon,NA,By Alan Abel
National Lampooon,1,3,June,1970,Blight,Does the Name Pavlov Ring a Bell?,NA,"Does the Name Pavlov Ring a Bell?, By Hugo Flesch"
National Lampooon,1,3,June,1970,Blight,Blight Section Intro Page,"Goofy cartoon showing a diseased and sad old man–who, presumably, represents mankind–surrounded by pollution and chemicals.",Text uncredited; Illustration by Peter Bramley
National Lampooon,1,3,June,1970,Blight,S.P.L.A.T.,"“Watch your step, ladies and gents, the dog days are here.”",By Jean Shepherd; Illustration by Gail Burwen
National Lampooon,1,3,June,1970,Blight,"Walden Schmalden,",NA,Uncredited
National Lampooon,1,3,June,1970,Blight,Bizarre Magazine,"“Watch your step, ladies and gents, the dog days are here.”","Bizarre Magazine, By Fran Kafka [Doug Kenney]"
National Lampooon,1,3,June,1970,Blight,Sludge Magazine,“Polly Pollutant sez: ‘Oil’s well that ends well.'”,"Sludge Magazine, By Christopher Cerf, Michael Firth, and Michael O’Donoghue"
National Lampooon,1,3,June,1970,Blight,Rick’s Shooting Gallery,“The nice man who has made it so easy to find a four leaf clover.”,Written and illustrated by Rick Meyerowitz
National Lampooon,1,3,June,1970,Blight,Missionary,"“Hush up, bwana, the natives are evolving.”",By Robert Hoffman
National Lampooon,1,3,June,1970,Blight,Bizarre Magazine,"“The fashion handbook for a snappier, lovelier you-235.”","Bizarre Magazine, By Fran Kafka [Doug Kenney]"
National Lampooon,1,3,June,1970,Blight,Operation Plowshare,“If we could only blast our way through to all that milk and honey…”,By Henry Beard
National Lampooon,1,3,June,1970,Blight,Extinction,"“It’s not whether you win or lose, it’s how you slay the game.”",By Michael O’Donoghue
National Lampooon,1,3,June,1970,Blight,Contaminated Critters,NA,By Mark MacArthur“Some of the discharged oil slick from Noah’s Ark.”
National Lampooon,1,3,June,1970,Blight,An Interview with Smokey the Bear,“A fireside chat with the last of the red hot mammals.”,By John Weidman
National Lampooon,1,3,June,1970,Blight,Our Threatened Nazis,“Whatever happened to the great herds that once roamed Europe?”,By Nicholas Fish [Henry Beard]
National Lampooon,1,3,June,1970,Blight,Marc Trail,NA,NA
National Lampooon,1,3,June,1970,Blight,The Sound of Muzak,"“Ferrante and Teicher or Pratt and Whitney, take your choice.”",By Peter Schickele
National Lampooon,1,3,June,1970,Blight,The Fruit Gum Cycle,NA,NA
National Lampooon,1,3,June,1970,Blight,Pollutionland,“Tinker Belle welcomes you to the enchanted land of foop and gack.”,By Mort Gerberg
National Lampooon,1,3,June,1970,Blight,Ecolo-Bummer,NA,NA
National Lampooon,1,3,June,1970,Blight,Clean Energy,NA,NA
National Lampooon,1,3,June,1970,Blight,Contest,NA,NA
National Lampooon,1,4,July,1970,Bad Taste,“COVER,NA,"Winner of this month’s Kwicky Kover Kontest is Rick “By-the-Numbers” Meyerowitz. Using a split-nib garden trowel and melted Crayola, Rick masterfully evokes that sense of elemental crudity that covers us, like Saran Wrap, from sea to shining sea.”"
National Lampooon,1,4,July,1970,Bad Taste,Editorial,"It would seem Americans have cornered the market on bad taste, given its successes in Vietnam, but vulgarity knows no national boundarys",By Doug Kenney
National Lampooon,1,4,July,1970,Bad Taste,Letters,NA,From the Editors
National Lampooon,1,4,July,1970,Bad Taste,Horrorscope,Predictions of the futures of various famous people supposedly based on tarot cards.,Text uncredited [Doug Kenney]; Illustration by Gail Burwen
National Lampooon,1,4,July,1970,Bad Taste,Mrs. Agnew’s Diary,Judy and Spiggy hang out at a party thrown by Pat and Dick in the Green Room.,Uncredited [Doug Kenney]
National Lampooon,1,4,July,1970,Bad Taste,I am Curious (Big Yaller),Juvenile classics with sex scenes added to to promote reading.,"I am Curious (Big Yaller), By Henry Beard; Illustration by B. Johannsen"
National Lampooon,1,4,July,1970,Bad Taste,Take Me Out to the War Game,Play-by-play action on a Vietnam battlefield in the style of a sports broadcast.,By Gerald Aster; Illustration by B. Johannsen
National Lampooon,1,4,July,1970,Bad Taste,Bad Taste Section Cover,NA,Illustration by Bill Skurski
National Lampooon,1,4,July,1970,Bad Taste,The Great Roob Revolution,NA,By Roger Price; Photograph by Michael Gold; Illustrations by Bill Skurski
National Lampooon,1,4,July,1970,Bad Taste,The Liz ‘n’ Dick Gift Catalog,A catalog of tacky gifts made from priceless works of art sold at extremely high prices.,By Douglas Kenney; Collages by Tom Dimond
National Lampooon,1,4,July,1970,Bad Taste,Nixon’s Dream Supreme Court,A list of dubious jurors supposedly found on a scrap of paper accidentally left by Nixon at the Lincoln Memorial.,By Nicholas Fish [Henry Beard]
National Lampooon,1,4,July,1970,Bad Taste,The World’s 7 Worst Restaurants,A critical survey featuring some of the most disgusting food photography ever published.,By Mark Smith (Photography by Fred Schultze)
National Lampooon,1,4,July,1970,Bad Taste,Ye Olde Colonial Inne Menu,Unremarkable dining fare presented in pseudo-colonial style.,By Mark Smith [?]; Illustrations by Gail Burwen
National Lampooon,1,4,July,1970,Bad Taste,Il Detergenta,A thoroughly confused soap opera (peppered with ads for alarmingly hazardous household cleaners) in which the characters spend all their time trying to sort out the plot.,By Henry Beard; Illustration by Gail Burwen
National Lampooon,1,4,July,1970,Bad Taste,The Shooting Gallery,A tasteless portrait of the Nixons.,By Rick Meyerowitz
National Lampooon,1,4,July,1970,Bad Taste,"Pass the Arsenic S’il Vous Plait,",The writings of Emily Post applied to an absurdly tasteless situation.,By Richard Alsop; Illustration by Charles E. White III
National Lampooon,1,4,July,1970,Bad Taste,Art or Porno?,How-to guide on “artistic” nude photography.,"Art or Porno?, By Geoffrey de Mandeville; Photographs by George Addams"
National Lampooon,1,4,July,1970,Bad Taste,Bad Taste Is Where It’s At,NA,Cartoons by Arnold Roth
National Lampooon,1,4,July,1970,Bad Taste,Solemate,“The Shoe Fetish Computer Matching Service.” Complete with form.,By Michael O’Donoghue
National Lampooon,1,4,July,1970,Bad Taste,Notes From the Overground,Postcards from an “ugly American” on a trip around the world.,By John Weidman
National Lampooon,1,4,July,1970,Bad Taste,Li’l Big Mouth,Al Capp parody in which William Buckley is revealed to be the brains behind Al’s Li’l Abner comics.,By Doug Kenney & Bill Dubay
National Lampooon,1,4,July,1970,Bad Taste,Listen to the Drivel,Rod McKuen parody.,Text and illustration uncredited
National Lampooon,1,4,July,1970,Bad Taste,"Yes Delicia, There is a Punchline,",Dirty bedtime stories.,"Yes, Delicia, There is a Punchline, By John Boni"
National Lampooon,1,4,July,1970,Bad Taste,The Wonderful World of Mediocrity!,June Allyson and Eddie Albert tell you how to achieve Peace of Mind and early retirement in Florida through Mediocrity—the Golden Middle Path.,By George Swift Trow and Michael O’Donoghue; Photography by Michael Gold
National Lampooon,1,4,July,1970,Bad Taste,The Greatest Show Off the Earth!,The wit and wisdom of the astronauts—on two long-playing records.,By Michel Choquette and Sean Kelly
National Lampooon,1,4,July,1970,Bad Taste,Diana Barrymore Drinking Songs,"Jokes in such poor taste, they have been printed backwards as a service to readers.",By Michael O’Donoghue
National Lampooon,1,4,July,1970,Bad Taste,Contest Mrs. Mitchell’s Grocery List,NA,Readers are asked to send in mythical grocery lists for famous people. Best entry wins $15.
National Lampooon,1,5,August,1970,Paranoia,“COVER,NA,"A neurosis by any other name would smell as sweet, and no other graphic artist can match Gahan Wilson in the sniffing and scratching out of the unspeakable. Just because you’re paranoid doesn’t mean someone isn’t following you….”"
National Lampooon,1,5,August,1970,Paranoia,Editorial,NA,By Doug Kenney
National Lampooon,1,5,August,1970,Paranoia,Letters,NA,From the Editors
National Lampooon,1,5,August,1970,Paranoia,Horrorscope,Celebrities’ futures predicted by means of tea leaves,Uncredited [Doug Kenney]; Illustration by Gail Burwen
National Lampooon,1,5,August,1970,Paranoia,Reading Matter,NA,Cartoons by Stan Mack
National Lampooon,1,5,August,1970,Paranoia,Mrs. Agnew’s Diary,"Judy, Pat, and Trish throw a party for poor children, assisted by White House press secretary Ron Zeigler (party favors) and House majority leader Dan Moynihan, who dresses up as a clown using a costume made from a White House guard’s uniform",Uncredited [Doug Kenney]
National Lampooon,1,5,August,1970,Paranoia,My Heart’s in the Highlands,"A liver-transplant recipient tries to get a passport only to learn, among other things, that there is an extradition order against the liver by the Federal Republic of Germany",By Robert Lasson & David Eynon; Illustration by Dennis Hermanson
National Lampooon,1,5,August,1970,Paranoia,Confessions of an Insurance Man,A personal account about getting into the lucrative business of selling dispair and fear,By Christopher Rush
National Lampooon,1,5,August,1970,Paranoia,Paranoia Section Introduction,NA,Uncredited; Illustration by Dennis Hermanson
National Lampooon,1,5,August,1970,Paranoia,America the Second-Rate,"What if, as Nixon feared, in the wake of a defeat in Vietnam, America became a second-rate power? Examples of Uncle Sam’s new image, including monuments to notables such as Wendell Wilke and Harold Stassen; postage stamps commemorating the Bay of Pigs and Apollo 13; Merv Griffin on a one dollar bill; an ad for the U.S. Army featuring the slogan, “We Try Harder”; etc.","By Doug Kenney; Illustrations by Frank Mell, Peter Bramley, David Prestone, & Charles E. White III; Photography by Tom Orlovsky"
National Lampooon,1,5,August,1970,Paranoia,"Kiss Off Cruel World,",Tips and advice on writing a suicide note,By Henry Beard
National Lampooon,1,5,August,1970,Paranoia,The Secret of San Clemente,Nixon’s cronies create a hideous parody of Lady Liberty. Done in the style of a Tales from the Crypt comic book,By J. Albano & Joe Orlando
National Lampooon,1,5,August,1970,Paranoia,This Is the Way the World Ends,A collection of paranoid speculations on how the world could end,By Nicholas Fish [Henry Beard]; Illustrations by Picha
National Lampooon,1,5,August,1970,Paranoia,"The World A Paranoid Projection,",A map of the world listing and displaying potential trouble areas from every conceivable point of view. Done in the style of an informational diagram,By Michel Choquette & Sean Kelly; Illustrated by P. Ekman
National Lampooon,1,5,August,1970,Paranoia,The Danger Signs of Cancer,NA,By Michael O’Donoghue; Photography by Tom Dimond
National Lampooon,1,5,August,1970,Paranoia,The Daily Roach-Holder,Newspaper for underground radicals promoting politcal revolution through sex and drugs,By Michael O’Donoghue; Photography by Bob Bailey
National Lampooon,1,5,August,1970,Paranoia,Paranoia by Picha,NA,Cartoons by Picha
National Lampooon,1,5,August,1970,Paranoia,Is Nixon Dead?,A photo essay presenting compelling evidence that the man in the White House is not Nixon,"Is Nixon Dead?, By Don Pierce; Photography by UPI"
National Lampooon,1,5,August,1970,Paranoia,The Guilt Test,"An official-looking self-administered psychological test to determine the level of guilt you feel with regard to sex, race, class, religion, politics, etc.",By Michel Choquette & Sean Kelly
National Lampooon,1,5,August,1970,Paranoia,481,An essay on “length” which is not what it seems,By Tony Hendra
National Lampooon,1,5,August,1970,Paranoia,The Shooting Gallery,Caricature of Gamal Nasser,By Rick Meyerowitz
National Lampooon,1,5,August,1970,Paranoia,Disquieting Thoughts,A collection of speculations concerning everyday things intended to inspire fear and paranoia,By Michael O’Donoghue; Illustrated by Peter Bramley
National Lampooon,1,5,August,1970,Paranoia,The Secret File of George Lathrop,"Various incriminating or embarassing documents kept by the phone company, schools, the Selective Service Board, insurance companies, etc. on ordinary people–in this case a stock broker named George Lathrop",By John Weidman
National Lampooon,1,5,August,1970,Paranoia,The Day Saturn Crashed into the Earth,Parody of a ’50s B science fiction movie in which the two protagonists—a hansome young astronomer and his lovely young assistant–save the world and manage to have sex every few paragraphs,By Crad Kilodney; Illustration by Bill Skurski
National Lampooon,1,5,August,1970,Paranoia,Contest The Stupidity Test,NA,"Questions such as “How many cylinders are there in a V-8 engine?” Also, the Name That Duck Contest winner was announced—winning entry: Mallard Fillmore [The “duck” in question was a Peter Bramely cartoon, which appeared on the cover of the first issue, and was intended to be NatLamp’s mascot. Not much later, it was dropped.]"
National Lampooon,1,6,September,1970,Show Biz,COVER,NA,"A revealing depiction of Minnie Mouse. This cover was the brainchild of publisher Matty Simmons. It also holds the dubious distinction of being the cause of the first lawsuit brought against National Lampoon, in this case by Disney."
National Lampooon,1,6,September,1970,Show Biz,Editorial,NA,NA
National Lampooon,1,6,September,1970,Show Biz,Letters,NA,From the Editors
National Lampooon,1,6,September,1970,Show Biz,Horrorscope,NA,Uncredited [Doug Kenney]
National Lampooon,1,6,September,1970,Show Biz,Mrs. Agnew’s Diary,NA,Uncredited [Doug Kenney]
National Lampooon,1,6,September,1970,Show Biz,Dick Oldden,NA,NA
National Lampooon,1,6,September,1970,Show Biz,Travel Tours of Tomorrow,NA,NA
National Lampooon,1,6,September,1970,Show Biz,John and Yoko Unmasked,“Was their marriage Made in Heaven or in Japan? Senior citizens want to know.”,By Robert Goldman
National Lampooon,1,6,September,1970,Show Biz,College Concert Cutups,“The comix for kids who have their eyes on the ball and their feet on the ground.”,By Michel Choquette
National Lampooon,1,6,September,1970,Show Biz,The Comedians’ Wire Service,"“Click Israelis steal radar click they must be good thieves, they eat lox.”",By Tony Hendra
National Lampooon,1,6,September,1970,Show Biz,Waiting in the Left Wings,“A day with radical starlet Nana Bijou…The New Breed!”,By Michael O’Donoghue
National Lampooon,1,6,September,1970,Show Biz,The Tragedy Team,“What did the woodpecker say to the blind dog with only three legs?”,By Tony Hendra
National Lampooon,1,6,September,1970,Show Biz,Screen Slime Magazine,"“Lester Lanin, Connie Francis and Flipper linked to L.A. love nest.”","Screen Slime Magazine, By Doug Kenney and John Maslin"
National Lampooon,1,6,September,1970,Show Biz,The MBM Scandal Auction,“Some of the sentimental cinema souvenirs you missed out on.”,By Mark Smith
National Lampooon,1,6,September,1970,Show Biz,Cashing In on Charlie,“Or how to make a silk purse out of Sharon Tate’s ear.”,By George Trow
National Lampooon,1,6,September,1970,Show Biz,Raquel Welch Laid Bare,"“Her first nude photos, live from the moon! Or something!”",By Frank Kafka [Doug Kenney]
National Lampooon,1,6,September,1970,Show Biz,The Shooting Gallery,“A man who loves cute little rabbits can’t be all bad.”,Written and illustrated by Rick Meyerowitz
National Lampooon,1,6,September,1970,Show Biz,Iron Curtain Calls,"“There’s no collective like the show collective, like no collective, I know…”",By Henry Beard and Michael O’Donoghue
National Lampooon,1,6,September,1970,Show Biz,Stan Mack,NA,NA
National Lampooon,1,6,September,1970,Show Biz,Show Biz Match ‘Em Quiz,NA,NA
National Lampooon,1,7,October,1970,Politics,COVER,NA,"Abbie Hoffman poses with Nixon and Agnew puppets. Reproductions of these puppets, designed by Rick Meyerowitz, were sold by NatLamp for a short time."
National Lampooon,1,7,October,1970,Politics,Editorial,NA,NA
National Lampooon,1,7,October,1970,Politics,Letters,NA,From the Editors
National Lampooon,1,7,October,1970,Politics,Horrorscope,NA,Uncredited [Doug Kenney]
National Lampooon,1,7,October,1970,Politics,Mrs. Agnew’s Diary,NA,Uncredited [Doug Kenney]
National Lampooon,1,7,October,1970,Politics,Contest Results,NA,NA
National Lampooon,1,7,October,1970,Politics,Up Against the Wall Mother Goose,NA,NA
National Lampooon,1,7,October,1970,Politics,"The Wit Wisdom and Warmth of John Mitchell,","“‘…a criminal should say, “Damnit, I don’t want my rights…”‘”",By Richard M. Nixon
National Lampooon,1,7,October,1970,Politics,Antique Editorial Thunder,"“Not so fast, Isabella. After all, there are priorities, alternatives…”",By Ed Fisher
National Lampooon,1,7,October,1970,Politics,A Nice Little Renewable War,“37 weeks of situation combat brought to you by the makers of Flotzo.”,By Ralph Schoenstein
National Lampooon,1,7,October,1970,Politics,"8 Days That Shook Wook Iowa,","“Years of heat-lightning, days of drum majorettes.”",By Punji [Tony Hendra]
National Lampooon,1,7,October,1970,Politics,You’ve Got a Lot to Lib,“Down with health-chauvinism and smug-alivist attitudes.”,By George Trow and Michael O’Donoghue
National Lampooon,1,7,October,1970,Politics,The Dick and Spiro Show,NA,NA
National Lampooon,1,7,October,1970,Politics,The National Lampoon Poll,"“Your chance to stand up and be a) counted, b) offended, c) annoyed.”",By Michael O’Donoghue
National Lampooon,1,7,October,1970,Politics,A Summary History of Politics,"“From the first grass root to the last hurrah, all is made perfectly clear.”",By Arnold Roth
National Lampooon,1,7,October,1970,Politics,New Political Power Groups,NA,NA
National Lampooon,1,7,October,1970,Politics,Campaign Posters ’70,“Lester & George & Nelson & Ron & Ted & Arthur.”,By Rick Meyerowitz
National Lampooon,1,7,October,1970,Politics,The President’s Commission on What’s What,“Is it hot enough for you? Do you have your feet on the ground?”,By Doug Kenney
National Lampooon,1,7,October,1970,Politics,Contest,NA,NA
National Lampooon,1,8,November,1970,Nostalgia,“COVER,NA,"Our Norman Rockwellesque fantasy was executed by Lou Glanzman, whose 47 Time covers to date make him one of America’s most successful (and overpaid) illustrators in the biz. If you want to know what he looks like in real life, take a look at the triumphant Dad to the left of the barber."
National Lampooon,1,8,November,1970,Nostalgia,Editorial,Reconsidering the forgotten Fifties,By Doug Kenney
National Lampooon,1,8,November,1970,Nostalgia,Letters,Martha Mitchell invites Judy to sneak into a Women’s Liberation Front meeting with her.,"From the Editors Mrs. Agnew’s Diary, Uncredited [Doug Kenney]"
National Lampooon,1,8,November,1970,Nostalgia,Contest,NA,Rumor Derby: Contestants are asked to send in their favorite rumors in two different categories—existing or proposed. First prize is a one-year subscription to the National Lampoon.
National Lampooon,1,8,November,1970,Nostalgia,Horrorscope,The futures of various celebrities are predicted using samples of their handwriting.,Uncredited [Doug Kenney]
National Lampooon,1,8,November,1970,Nostalgia,Nostalgia is Goodstalgia,NA,Cartoons by Arnold Roth
National Lampooon,1,8,November,1970,Nostalgia,The Dink Patrol and the Love Slaves of Xuyan Than Phu,“Guts Magazine True Combat Story”—Memoirs of a berzerk GI in Vietnam.,By Michael O’Donoghue; Illustration uncredited (Bruce Minney)
National Lampooon,1,8,November,1970,Nostalgia,Those Fabulous Fifties,Section opener featuring a cut-out Dick Clark party mask.,Uncredited [Doug Kenney and Michael Gross]
National Lampooon,1,8,November,1970,Nostalgia,The Teen-age Death Song Game,"A board game based on teen-age death songs of the ’50s and ’60s such as Teen Angel, Tell Laura I Love Her, Honey, and Patches.",By Christopher Cerf; Illustration uncredited [probably by Michael Gross]
National Lampooon,1,8,November,1970,Nostalgia,Free Fifties Gifts,"Things to cut out including a “Get Out of Korea” bumper sticker, an American Communist Party membership card, an Alan Freed payola check, and Buick holes to paste onto your VW.",Uncredited [Doug Kenney and Michael Gross]
National Lampooon,1,8,November,1970,Nostalgia,"Fifties Fashion The “Sharp” Look,","Clothing and accessories for the keen teen, with appropriately spiffy descriptive copy.",Text uncredited [Doug Kenney]; Photography by Bob Pike
National Lampooon,1,8,November,1970,Nostalgia,Iron Lung Donation Box,Cut out and follow easy assembly instructions.,Uncredited [Doug Kenney and Michael Gross]
National Lampooon,1,8,November,1970,Nostalgia,Ghoul Days,NA,Cartoons by Stan Mack
National Lampooon,1,8,November,1970,Nostalgia,The 1956 High School Yearbook,Cat Calls: Ezra Taft Benson High School Year Book 1956.An affectionately awful parody of a high school yearbook. Shades of the later 1964 High School Yearbook Parody published in 1974.,Uncredited [Doug Kenney and Michael O’Donoghue]; Cover illustration by Barry Zaid
National Lampooon,1,8,November,1970,Nostalgia,Monster Memories,What the horror movie monsters of the past are up to these days.,Text and illustrations by Rick Meyerowitz
National Lampooon,1,8,November,1970,Nostalgia,Great Expectations or The War of the Worlds,"Script for a play about two aging relics of the sixties–Groovy, a 50-year-old hippie, and Butch, a generation older—who get together to relive scenes from the “generation gap” in order to feel alive for a time.",By Jean Shepherd; Illustrations by James Grashow
National Lampooon,1,8,November,1970,Nostalgia,The New 1896 Sex Catalogue,"Parody of the 19th century Sears, Roebuck catalogs featuring ridiculously elaborate sexual aids “for those interested in adventurous courtship and unusual practices”.",Uncredited [Doug Kenney]; Art by Cloud Studio
National Lampooon,1,8,November,1970,Nostalgia,Day of the Horns,Reminiscences of the sexual frustration following the onset of puberty.,By Christopher Rush; Illustration by Peter Bramley
National Lampooon,1,8,November,1970,Nostalgia,Disney Rejects,"Cartoon characters such as Tallulah Tarantula, Sammy Squid, and Lester Lamprey, and why they failed.",By Henry Beard; Illustration by Peter Bramley
National Lampooon,1,8,November,1970,Nostalgia,4th Street East,Childhood memories of getting a new suit in 1924 New York. (An excerpt from a forthcoming book by the same title.),By Jerome Weidman
National Lampooon,1,8,November,1970,Nostalgia,The Little Match Girl,NA,By Hans Christian Andersen retold by R.O. Blechman
National Lampooon,1,9,December,1970,Christmas,COVER,NA,"Chinese jet fighter shoots down Santa Claus, crying “Eat death, bloated lackey of the capitalist toy mongers!”"
National Lampooon,1,9,December,1970,Christmas,Editorial,NA,NA
National Lampooon,1,9,December,1970,Christmas,Letters,NA,From the Editors
National Lampooon,1,9,December,1970,Christmas,News of the Month,NA,Uncredited [Henry Beard]
National Lampooon,1,9,December,1970,Christmas,Horrorscope,NA,Uncredited [Doug Kenney]
National Lampooon,1,9,December,1970,Christmas,Mrs. Agnew’s Diary,NA,Uncredited [Doug Kenney]
National Lampooon,1,9,December,1970,Christmas,Contest,NA,NA
National Lampooon,1,9,December,1970,Christmas,Christmas Beware!,NA,By Gahan Wilson
National Lampooon,1,9,December,1970,Christmas,Christmas Gifts for Liberals,NA,By Terry Catchpole
National Lampooon,1,9,December,1970,Christmas,Capitol Hull Comix,NA,By Joe Orlando
National Lampooon,1,9,December,1970,Christmas,Write Your Own Agnew Speech,NA,By Nicholas Fish [Henry Beard]
National Lampooon,1,9,December,1970,Christmas,Fishmouth,NA,By Ray Puechner
National Lampooon,1,9,December,1970,Christmas,Joey and Jill in Santaland,NA,By Arnold Roth
National Lampooon,1,9,December,1970,Christmas,The Myth of the Mafia,NA,By Christopher Rush
National Lampooon,1,9,December,1970,Christmas,Stocking Stuffers,NA,NA
National Lampooon,1,9,December,1970,Christmas,Underachievers Jokes,NA,By Fran Kafka [Doug Kenney]
National Lampooon,1,9,December,1970,Christmas,Things of Past Remembrance,NA,By Peter Schickele
National Lampooon,1,9,December,1970,Christmas,Santology,NA,By Henry Beard
National Lampooon,1,9,December,1970,Christmas,I Remember Jesus,NA,By John Boni
National Lampooon,1,9,December,1970,Christmas,6 Surefire Costumes Guaranteed to Get You on “Let’s Make a Deal”,NA,By Michael O’Donoghue and Rick Meyerowitz
National Lampooon,1,9,December,1970,Christmas,Peace Comes to the Middle East,NA,By By Golda Meir and Isidore Silver
National Lampooon,1,9,December,1970,Christmas,Sob Story,NA,By Bob Goldman
National Lampooon,1,9,December,1970,Christmas,Make Mine Mulch,NA,By Elio Bosco
National Lampooon,1,10,January,1971,Women’s Liberation,“COVER,NA,"The Kong-size cutie mounting the Entire State Building is the work of photographer George Adams, contributor to Playboy, Evergreen and other dubious publications, and Consulting Dean to the Kwik-Pix Academy of Snazzy Snaps, Inc. Mr. Adams created this interesting compsition with trick photography involving, among other things, a stuffed and shrunken gorilla, a specially-designed rubber torso and a number of perverted f-stops.”"
National Lampooon,1,10,January,1971,Women’s Liberation,Editorial,Less-than-sincere denials of sexism within the mostly-male staff of National Lampoon and an account of the negotiations when the female members of the staff went on strike.,By Doug Kenney
National Lampooon,1,10,January,1971,Women’s Liberation,Letters,NA,From the Editors; Spot illustration by David Johnson
National Lampooon,1,10,January,1971,Women’s Liberation,Mrs. Agnew’s Diary,"Judy secretly dips into the grocery money to enroll in a Famous Writers School correspondence course hoping to break into the “wide-open” field of poetry; Pat and Dick throw a costume party for New Year’s Eve–Dick seems to be wearing what he usually wears, but everyone applauds him anyway.",Uncredited [Doug Kenney]; Spot illustration by David Johnson
National Lampooon,1,10,January,1971,Women’s Liberation,Contest,"Readers are invited to send in their best puns using place names in the “Trygve Lie Memorial International Pun Toss & Yokohama Throw.” Results are given for the Anti-Drugs Contest in which readers were invited to finish the sentence, “I will never smoke dope because ___.” First prize went to Howard Franklin for “I will never smoke dope because drugs do the darndest things.”",; Spot illustration by David Johnson
National Lampooon,1,10,January,1971,Women’s Liberation,News of the Month,"Suggestions for applying American election practices to eventual “free elections” once the war in Vietnam is over; List of end-of-the-year special books, including “Art by the Astronauts” and “The Deluxe Illustrated Report of the President’s Commission on Pornography, edited and with an introduction by Ralph Ginzburg”; Precautions for parents or children assembling plastic kits (“You will probably need a complete set of Phillips screwdrivers, a pair of industrial wire cutters, a small anvil and a chain saw, so get these now. You will also need something to cut your finger with and a sofa to ruin.”); The latest trends in “freeway living”; Tests finding that marijuana injected in rats causes birth defects suggests further study on the effects of intervenous doses of cheese, dead insects, etc.",Uncredited [Henry Beard]; Spot illustration by David Johnson
National Lampooon,1,10,January,1971,Women’s Liberation,Horrorscope,Future events in the lives of celebrities foretold through augury,Uncredited [Doug Kenney]; Spot illustration by David Johnson
National Lampooon,1,10,January,1971,Women’s Liberation,I Remember Matriarch,Roth explores the implications of the success of women’s struggle for equal rights and men finally get some power.,Written and illustrated by Arnold Roth
National Lampooon,1,10,January,1971,Women’s Liberation,The Censorless Woman,"A parody of The Sensuous Woman, taken to absurd levels.",By Michael O’Donoghue; Illustration by Sagebrush Studios
National Lampooon,1,10,January,1971,Women’s Liberation,Foto Funnies,"An attractive woman takes a seat between two men. Each of them offers something (a cigarette, a newspaper, pleasantries, etc.) which she cheerfully accepts, but when she suddenly leaves, they each think she must be stupid.",(features Doug Kenney and Henry Beard)
National Lampooon,1,10,January,1971,Women’s Liberation,Hippity Hop with Mighty Minerva,"Done in the style of an early 20th century children’s book, the story of the life of a radical feminist and her victories over men.",By Riva Kreplach; Illustrated by Dick Hess
National Lampooon,1,10,January,1971,Women’s Liberation,1971 Calendar,"Prefaced with a statement from the editors that the six women on the following are presented as heroic human beings, and not as sexual objects, a series of pinup calendar pages featuring, of course, scantily-clad women","By Doug Kenney; Illustrations by Michael Gross, Charles White III, and Joe Orlando; Photographs by Larry Couzens and Bob Pike"
National Lampooon,1,10,January,1971,Women’s Liberation,Cosmogirl Meets Playboy,A “dialogue” between a young man and a young woman describing themselves in terms of marketing bromides that might have been written by the advertizing managers of Cosmopolitan and Playboy magazines.,By Terry Catchpole; Photograph uncredited
National Lampooon,1,10,January,1971,Women’s Liberation,I’ve Got a Trillion of ‘Em,A short story about an out of work computer operator who is hired by a has-been comedian to program his computer to write jokes. All goes well until the computer starts thinking for itself.,By Julia Verne [sounds like a pseudonym–M.S.]; Illustrated by Michael Gross
National Lampooon,1,10,January,1971,Women’s Liberation,Marshmallows,"An essay on life on the planet Krok, which is just like Earth except that marshmallows are forbidden. The upshot is: If having marshmallows is a crime, only criminals will have marshmallows.",By Robert Heit; Photographs uncredited
National Lampooon,1,10,January,1971,Women’s Liberation,Unlikely Events in 1971,An illustrated list which includes things like: “Greta Garbo comes out of seclusion to appear on television’s Celebrity Bowling” and “Walter Keane is commissioned to paint the official portrait of President Nixon.”,Written and illustrated by Edward Sorel
National Lampooon,1,10,January,1971,Women’s Liberation,Instant Ball Four,NA,By Gerald Astor; Illustration by Bob Zoell
National Lampooon,1,10,January,1971,Women’s Liberation,Foto Funnies,NA,NA
National Lampooon,1,10,January,1971,Women’s Liberation,Cosmopolitan Parody,NA,By Karen Murphy
National Lampooon,1,10,January,1971,Women’s Liberation,Step into my Bidet,NA,Cosmo Tells AllCosmo’s Make-OverCosmo Reads the New BooksCosmo’s CouchCosmo’s Diet of the MonthCosmo’s ‘Coming’ AttractionsCosmo’s ConfessionCosmo’s Cutie of the MonthCosmo’s Dream VacationCosmo’s Idea of the MonthCosmo’s Quiz
National Lampooon,1,11,February,1971,Head Issue,“COVER,NA,"This month’s excursion into hardcore Xerography is brought to you through the magic of Sagebrush Studios, whose managers have never ever even seen any dope, much less smoked this illegal substance. However, they do know a guy who actually uses it and they got their research material from this guy and also by raking up piles of old Reader’s Digests, igniting them and inhaling the fumes.”"
National Lampooon,1,11,February,1971,Head Issue,Editorial,"A thoughtful defense of the idea of making drugs legal is interupted by a neurological siezure mid-paragraph, and then finishes as if nothing happened.",By Doug Kenney
National Lampooon,1,11,February,1971,Head Issue,Contest,NA,"Readers are asked to submit headlines in the style of the National Enquirer for real news events, current or historical."
National Lampooon,1,11,February,1971,Head Issue,Letters,NA,From the Editors
National Lampooon,1,11,February,1971,Head Issue,Contest Results,NA,"Rumors–actual (category I) and bogus (category II). Category I winner: “If you fart, burp, and sneeze at the same time, you will die.” Category II winner: “As late as 1963, farmers in rural Iowa refused to abandon their victory gardens and peach pit stockpiles, maintaining that World War II was still going on. Even today, bewildered motorists report sniping activity around Council Bluffs.”"
National Lampooon,1,11,February,1971,Head Issue,Mrs. Agnew’s Diary,"Judy’s correspondence school course in writing fails to get her published in the National Review; Spiggy is irate when there is a rumor that Dick will be dumping him when he runs for re-election; Dick (pretending to be Hank) calls to reassure him; Spiggy is not fooled and, enraged, runs out of the house in his pajamas, and is stopped by the police before getting to Dick’s.",Uncredited [Doug Kenney]
National Lampooon,1,11,February,1971,Head Issue,Horrorscope,The futures of famous people are predicted by means of casting lots.,Uncredited [Doug Kenney]
National Lampooon,1,11,February,1971,Head Issue,News of the Month,"Results of new poll reveal that most Americans are not at home; Nixon combats the coming flue season using the same (futile) tactics as he has used in the war in Vietnam; A computer scientists conducts experiments on a monkey by subjecting it to various computer “foul-ups” involving multiple subscription offers to Life, mis-matched computer dates, and bills for long distance calls it never made; New trend in which various politicians and criminals are now doing product endorsements; Conservation groups concerned over where Nixon will dump Agnew in ’72; Pentagon claims that My Lai massacre was in fact a hippie-type ritual slaying.","By Henry Beard, Hugo Flesch and Rick Meyerowitz"
National Lampooon,1,11,February,1971,Head Issue,"The Rake’s Progress or The Head That Lost Its Tribe,",Two young people succumb to the evils of drugs and sex and subsequently become the darlings of society.,By Arnold Roth
National Lampooon,1,11,February,1971,Head Issue,Foto Funnies,"After discovering that the man seated next to her is a Libra, the two begin to fall in love, until he discovers that her sign is Cancer.",Uncredited [features Michael Gross]
National Lampooon,1,11,February,1971,Head Issue,"Classy Comics Illustrated Siddhartha,","Parody of Classics Comics Illustrated comic books. The text is straight from Hesse (although radically abreviated), the illustrations are made to look like a lame attempt to make the story “up-to-date”–Siddhartha is portrayed a hippy, etc.",By Doug Kenney and Herman Hesse; Illustrated by Joe Orlando
National Lampooon,1,11,February,1971,Head Issue,Special Stoned Section,"A potpourri of items for readers who are stoned: Cut-out wings for LSD users; mazes and word puzzles; games to play when somebody is about to put on “Fire and Rain” the eighth time; “medical alert” and “Mariholics Anonymous” wallet cards; a recipe for a “hash host”; “Tums” stickers to disguise tabs; U.S. Flag seals to seal stashes (making it a Federal offense for anyone to break it); a crossword puzzle with answers logical only to someone who is stoned; package label designs for when marijuana becomes legal; half of a treasure map to a “secret stash” near L.A. (the other half to appear in next month’s issue); model airplane glue “scratch ‘n’ sniff” strip; assorted “off-the-wall bummers”; and a final item revealing that regular use of pot leads to vision loss–the text, of course, becomes progressively illegible.","By Michael O’Donoghue; Illustrated by Peter Bramley, Sagebrush Studio, Marvin Mattleson, Randall Enos, Leonard Soned, David Palladini, and others"
National Lampooon,1,11,February,1971,Head Issue,Instant Yoga,"A tract describing a quick-study method for achieving nirvana. Includes a dartboard and instructions. The back page lists offers for other products including tooth powder, a constipation remedy, a “Pin the tail on the Sacred Cow” educational game for children, and restaurant guides to London and New York.",By Michel Choquette and Anne Beatts
National Lampooon,1,11,February,1971,Head Issue,Street Freaks,NA,Cartoons by Stan Mack
National Lampooon,1,11,February,1971,Head Issue,Head of State,"A four-hour, first-person account in which an unnamed individual high up in the Nixon administration describes his experiences under the influence of LSD in order to gain insights potentially useful for policy making.",By Tony Hendra; Illustration by Rick Meyerowitz
National Lampooon,1,11,February,1971,Head Issue,"Rolling Stein Magazine December 19, 1791,","Looks and reads just like a 1971 edition of Rolling Stone, but set 180 years earlier. Just the cover and a couple of inside pages, it includes part of a feature on the death of Mozart, an ad for “outasite” William Blake engravings, an interview with Haydn concerning his being on a “mysticism trip”, a critical letter-to-the-editor from Edmund Burke, and so on all written in vintage Rolling Stone rock-journalism style.","Rolling Stein Magazine, December 19, 1791, By Anne Beatts and Michel Choquette"
National Lampooon,1,11,February,1971,Head Issue,The Great Automobile Revolt,A series of mostly post-accident news photos of vehichles with captions telling a story of violent demonstrations and guerilla tactics by cars and trucks only to end in failure.,By Stanley P. Friedman; Photographs by UPI
National Lampooon,1,11,February,1971,Head Issue,Graphology,"Presented in the style of slickly produced pop-pseudoscience, this introduction to graphology displays handwriting samples which, when read, are hilariously more revealing the analysis given in the text.",By John Boni
National Lampooon,1,11,February,1971,Head Issue,Freaks,"A short essay describing (and defending) the appearance, behavior, and lifestyle of the counter-culture sub-culture known as “freaks.”",By Christopher Rush; Illustration by Brad Holland
National Lampooon,1,11,February,1971,Head Issue,Brand-New Bugaboos,"New bogeymen (and women) to scare your children into behaving, including “The Troll of Chappaquiddick,” “Vhistling Verner” (Werner von Braun), “The Bad Princess of the Telephone” (Martha Mitchell), and “The Transplant Man” (Christian Barnard).",By Hugo Flesch; Illustrated by Rick Meyerowitz
National Lampooon,1,11,February,1971,Head Issue,Woodstockade,"An annotated psychedelic poster promoting what appears to be another Woodstock festival, but upon closer reading is actually an invitation to a Nazi-style death camp planned by the U.S. government.",By Michael O’Donoghue; Illustration by Marvin Mattleson
National Lampooon,1,11,February,1971,Head Issue,Confessions of a Teen-age Drug Abuser,"The diary of a young woman, just starting college, who gets hooked on “reefers” by a “liberal professor” and within days is a member of the SDS, giving away her baby sister to the Chinese for a “key” of reefers, and so on. She tries to quit, but fails. Eventually she, the professor and a Chinese agent are arrested. Her 450-year sentence is waved in return for allowing her story to be told.",By Dr. Elmer Green
National Lampooon,1,11,February,1971,Head Issue,Guts Dept.,"An unsolicited submission–a rather hateful illustration “striking at the vermin in our society,” i.e., hippies and feminists–which the accompanying letter explains was rejected by the National Review and asks if National Lampoon has the guts to print it. Apparently so.",By Alphonse Villamil
National Lampooon,1,12,March,1971,Culture,“COVER,NA,"The Mona Gorilla by Ricardo da Meyerowitz is reproduced with the kind permission of the National Lampoon Traveling Exhibition entitled The Gorilla in Art. The reconverted bookmobile will also display such masterpieces as Duchamp’s Gorilla Descending a Staircase, Picasso’s Gorillica, the original manuscript of Kant’s Critique of Pure Gorilla, a recording of Schubert’s Unfinished Gorilla and a videotaping of Sir Kenneth Clark’s cultural series Gorillisation. Gorilla my dreams, I love you…”"
National Lampooon,1,12,March,1971,Culture,Letter From the Editor,Some easy tips on becoming a culture vulture in no time,By Doug Kenney
National Lampooon,1,12,March,1971,Culture,Letters,NA,Uncredited; Illustration uncredited (probably Michael Gross)
National Lampooon,1,12,March,1971,Culture,Mrs. Agnew’s Diary,Judy has lunch with Pat and Trish; Hank drops by and upsets Pat; Judy is left alone with Trish and tries to explain the birds and bees to her with disasterous results,Uncredited (Doug Kenney); Illustration uncredited (probably Michael Gross)
National Lampooon,1,12,March,1971,Culture,News of the Month,"Suggestions for the Pompidieu government to rename things French in honor of Charles de Gaulle; Quebeqoises, however, pass; 5,000 gallons of mercury is accidentally tainted with tuna; Nixon administration clarifies rather wide bounds supposedly agreed to by Hanoi as justification for bombing North Vietnam; An example of the type of file kept on private citizens—in this case “Eugene V. MacArthur”—proves reassuring; In the wake of Playboy magazine’s announcement that it would no longer retouch out pubic hair in its nude photography, other national magazines announce similar “taste innovations”",Uncredited (Henry Beard); Illustration uncredited (probably Michael Gross)
National Lampooon,1,12,March,1971,Culture,Horrorscope,"Predictions about famous people based on scapulimancy, the observation and minipulation of the shoulder blade",Uncredited (Doug Kenney); Illustration by Michael Gross
National Lampooon,1,12,March,1971,Culture,How to Write Good,"Absurd advice to the budding writer. For instance, in the absence of a satisfactory ending, he suggests having all the characters run over by a truck.",By Michael O’Donoghue; Illustrations by Joe Orlando
National Lampooon,1,12,March,1971,Culture,My Kultur—Right or Wrong,Satirical cartoons about high culture.,Cartoons by Arnold Roth
National Lampooon,1,12,March,1971,Culture,The Mantovani Strain,A parody of Michael Crichton’s The Andromeda Strain in which middle-American blandness suddenly and mysteriously spreads through Manhattan.,By Gordon Cotler
National Lampooon,1,12,March,1971,Culture,The Undiscovered Notebook of Leonardo Da Vinci,"Da Vinci invents the bat signal, the whoopie cushion, the 1939 World’s Fair monument, the heart transplant, scuba gear, the flying saucer, the squirt gun, the gumball machine, the dildo, the hobby horse, the telephone, the stilletto knife, and discovers marijuana and the pterodactil.",By Doug Kenney & Daniel Maffia
National Lampooon,1,12,March,1971,Culture,Foto Funnies,Topic: Body language,Uncredited (features Doug Kenney)
National Lampooon,1,12,March,1971,Culture,The Big Breakthrough in Art!,57 masterpieces combined into one giant canvas to humorous effect.,By Michael O’Donoghue & Tom Ballenger
National Lampooon,1,12,March,1971,Culture,I Was in America in the ’70s,A distopic vision of a seventies in which Spiro Agnew is in charge.,By Tony Hendra; Illustrated by Michael Gross
National Lampooon,1,12,March,1971,Culture,The Dolts,"An “anthropological report” on the Dolts, an early European people whose culture was based entirely on stupidity.",By Chris Rush
National Lampooon,1,12,March,1971,Culture,The Great Kitsch Conspiracy,"Transcripts of a “witch trial” in which kitsch is put on trial a la McCarthy, with Barbra Streisand, Henry Mancini, Dean Martin, Frank Sinatra, and other music industry and Hollywood luminaries as defendants.","By Michel Choquette, Anne Beatts & Sean Kelly; “Courtroom Sketches” by Hidemi Nakai"
National Lampooon,1,12,March,1971,Culture,Our Do-It-Yourself Cultural Heritage,Create your own cultural artifacts using objects found around the home.,By Michel Choquette & Sean Kelly; Illustrated by Michael Gross
National Lampooon,1,12,March,1971,Culture,The Pied Piper of Burbank,“A warped recollection of the poem by Robert Browning.”,By Sean Kelly & Michel Choquette; Illustrated by Gahan Wilson
National Lampooon,1,12,March,1971,Culture,How to Draw Good,Cartoon spoof of step-by-step-style drawing lessons.,By Peter Bramley
National Lampooon,1,12,March,1971,Culture,Culture Television,Parody of TV Guide in a world where high culture reigns the airwaves.,By George W. S. Trow; “Cover” Illustration by Ashmead
National Lampooon,1,12,March,1971,Culture,Gracie Slick’s Handbook of Radical Dos & Don’ts,NA,By Terry Catchpole; Illustrated by Michael Kanarek
National Lampooon,1,12,March,1971,Culture,The Life & Times of Captain Bringdown,NA,By Michel Choquette & Sean Kelly; Illustrated by Michael Barrington
National Lampooon,1,13,April,1971,Adventure,“COVER,NA,"Frank Frazetta, the undisputed master of adventure illustration and creator of the famous Conan paperback covers, treats this month’s readers to an oil-on-canvas interpretation of one of Rudyard Kipling’s lesser-known classics, White Man’s Wet Dream.“"
National Lampooon,1,13,April,1971,Adventure,Editorial,NA,By Doug Kenney
National Lampooon,1,13,April,1971,Adventure,Letters,NA,From the Editors
National Lampooon,1,13,April,1971,Adventure,Mrs. Agnew’s Diary,NA,Uncredited [Doug Kenney]
National Lampooon,1,13,April,1971,Adventure,Horrorscope,NA,Uncredited [Doug Kenney]
National Lampooon,1,13,April,1971,Adventure,News of the Month,NA,Uncredited [Henry Beard]
National Lampooon,1,13,April,1971,Adventure,Contest Results,NA,NA
National Lampooon,1,13,April,1971,Adventure,Tarzan of the Cows,NA,By Michael O’Donoghue; Illustrated by Frank Springer
National Lampooon,1,13,April,1971,Adventure,Spoilers,NA,By Doug Kenney; Photographs (of Henry Beard in various disguises) uncredited
National Lampooon,1,13,April,1971,Adventure,Adventures in Everyday Living,NA,By Arnold Roth
National Lampooon,1,13,April,1971,Adventure,Derby Dames on Parade!,NA,By Michael O’Donoghue; Photographs by Michael Sullivan; Illustrated by Peter Bramley
National Lampooon,1,13,April,1971,Adventure,Foto Funnies,NA,Uncredited [features Doug Kenney]
National Lampooon,1,13,April,1971,Adventure,Real Balls Adventure Magazine,NA,"Real Balls Adventure Magazine, By Doug Kenney, Michael O’Donoghue, Terry Catchpole, and John Boni; Illustrations by Michael Gross and uncredited [possibly Joe Orlando]"
National Lampooon,1,13,April,1971,Adventure,Booblegum Cards,NA,By John Weidman; Photographs by UPI
National Lampooon,1,13,April,1971,Adventure,Mexico on 5 Toilets a Day,NA,By Rick Meyerowitz
National Lampooon,1,13,April,1971,Adventure,4 for a Quarter,NA,By Peter Schickele
National Lampooon,1,13,April,1971,Adventure,Critique of Pure Murder,NA,By Michael O’Donoghue; Illustrated by Dick Hess
National Lampooon,1,13,April,1971,Adventure,Cereal Box Parody,NA,Uncredited; Illustrations by Joe Orlando; Photographs by Bob Pike
National Lampooon,1,13,April,1971,Adventure,File on the Plague,NA,By Ed Bryant; Illustration by D. Wilcox
National Lampooon,1,14,May,1971,The Future,“COVER,NA,"This month’s cover was the result of close teamwork between artist Gray Morrow and photographer Neil Armstrong, and , in case you didn’t notice, the only thing that went right with this pig-iron albatross of an issue. Better luck next month, Hank and Doug.”"
National Lampooon,1,14,May,1971,The Future,Letter From the Editor,"In a top-secret project, a man has been sent one year into the future and back. While the excact data from the experiment are still classified, Kenney offers readers a list of specific precautions for the coming year",By Doug Kenney
National Lampooon,1,14,May,1971,The Future,Letters,NA,Uncredited; Illustration by Marvin Mattleson
National Lampooon,1,14,May,1971,The Future,Mrs. Agnew’s Diary,David and Julie pay Judy and Spiggy a suprise visit,Uncredited (Doug Kenney); Illustration by Marvin Mattleson
National Lampooon,1,14,May,1971,The Future,Horrorscope,The futures of various celebrities seen through a crystal ball,Uncredited (Doug Kenney); Illustration by Marvin Mattleson
National Lampooon,1,14,May,1971,The Future,Contest Results,Results of the Trygve Lie Memorial International Pun Toss & Yokohama Throw–two pages of puns submitted by readers,Illustration uncredited (probably Michael Gross)
National Lampooon,1,14,May,1971,The Future,"Contest New Contest,",Readers are asked to submit new contests,Illustration by Marvin Mattleson
National Lampooon,1,14,May,1971,The Future,News of the Month,"Jean-Claude Duvalier wins Haiti election by a 2,143,296 to 0 landslide; Advertising ideas for the U.S. Army; Following the Beatles’ break up, other groups, such as the Supreme Court, The Joint Chiefs of Staff, and the Democratic Party are rumored to be calling it quits; Breakdown of planned government expenditures to find a cure for cancer",Uncredited (Henry Beard); Illustration by Marvin Mattleson
National Lampooon,1,14,May,1971,The Future,The Good Old Future,NA,Cartoons by Arnold Roth
National Lampooon,1,14,May,1971,The Future,The 1906 National Lampoon,“Droll Caprice—Saucy Wit”,"The 1906 National Lampoon, By Doug Kenney; Cover illustration by Michael Gross"
National Lampooon,1,14,May,1971,The Future,Toilets of the Extraterrestrials,The appearance of the creatures which use these plumbing devices is tactfully left to the imagination of the reader,Cartoons by Peter Bramley
National Lampooon,1,14,May,1971,The Future,A Look at the Future,Videophone problems,Cartoon by R.O. Blechman
National Lampooon,1,14,May,1971,The Future,Special “IF” Section,"A full-sized pull-out newsprint broadside featuring page 1 and 2 of the May 12, 1971 edition of The New York World-–a newspaper which went out of business near the turn of the century. The stories and photos appear to be from an alternate version of the 20th century where World War II and the Vietnam War never happened; the Bolshevik Revolution failed; and Richard Nixon is a patent attorney who happens to be mentioned in a small item about a beached whale",By Henry Beard
National Lampooon,1,14,May,1971,The Future,Three Novel Ways To Fathom Your Fate,"Incuding: varicose veins, Tarot cards, and alphabet soup",By Michael O’Donoghue; Illustrated by Al Derfer
National Lampooon,1,14,May,1971,The Future,Weerd Tayls,A comic book from the year 2571–apparently written by and for cockroaches–about a frightening monster who has traveled in time from the past: an insurance salesman,By Michel Choquette and Sean Kelly; Illustrated by Frank Springer
National Lampooon,1,14,May,1971,The Future,Foto Funnies,"Nixon joke:(A robot alien suddenly appears before a young man, played by Kenney)Robot Alien: “Take me to your leader.”Young Man: (pictures Nixon)Robot Alien: (waiting)Young Man: (sits up like a dog) “Arf! Arf!”",Uncredited (features Doug Kenney)
National Lampooon,1,14,May,1971,The Future,City of the Future,An artist’s conception of the slum of the future [Not entirely unlike the Los Angeles depicted in the movie Blade Runner–MS],By Gray Morrow
National Lampooon,1,14,May,1971,The Future,Johnson Remembers,Memoirs of the former President supposedly to be published in 1972,By Terry Catchpole; Illustrated by Rick Meyerowitz
National Lampooon,1,14,May,1971,The Future,The NASA Sutra,“A Zero Gravity Sex Manual” written in NASA jargon,By Michael O’Donoghue; Photography uncredited
National Lampooon,1,14,May,1971,The Future,Attack of the 90 Foot Macrobes,"A short, absurd monster movie spoof",By Michael O’Donoghue
National Lampooon,1,14,May,1971,The Future,But You Hadn’t Heard of Viet Nam In 1957…,Some possible future Viet Nams,By Terry Catchpole
National Lampooon,1,14,May,1971,The Future,War Hero,A short story about a future war in which no actual conflict takes place and soldiers are maimed by surgeons so they can be sent home as “heroes”,By David Chambourt; Illustration by Michael Gross
National Lampooon,1,14,May,1971,The Future,Printout,"“The Magazine Written by Computers for Computers”–A general interest magazine for computers featuring interviews, news, letters from readers, jokes, and personals ads (“IBM 460 series computer, well-programmed, seeks input/output with late-model harware. Object, permanent tie-in. Tapes on request. Box 18.”)",By Hugo Flesch; Cover photograph by Leonard Soned
National Lampooon,1,15,June,1971,Religion for Fun and Prophet,“COVER,NA,"Our thanks and a tip of the NatLamp Weejun goes this month to Edward Sorel for his vivid portrait of Andrei Gromyko slinging his views from Aix to Trenton, New Jersey. Mr. Sorel has been in the satire biz longer than he cares to mention, has a delightful new book out written by the charming Mrs. Sorel and entitled Word People, and by the time he reads this will probably still not have received his pitiful check. Just sent out in the mail this morning, Ed. Honest.”"
National Lampooon,1,15,June,1971,Religion for Fun and Prophet,Letter From the Editor,A little parable about a bearded “hippie” dude who got busted by the Establishment—but not the one you’re probably thinking of,By Doug Kenney
National Lampooon,1,15,June,1971,Religion for Fun and Prophet,Letters,NA,Uncredited; Illustration by Marvin Mattleson
National Lampooon,1,15,June,1971,Religion for Fun and Prophet,Horrorscope,Celebrities’ futures revealed using fortune cookies,Uncredited (Doug Kenney); Illustration by Marvin Mattleson
National Lampooon,1,15,June,1971,Religion for Fun and Prophet,News of the Month,"Proposal to use the SST for public transportation in order to get government funding; Several rumors; The creed of the United States Marine; Some new ethnic organizations seeking recognition, including a group composed of 4 million Germans who claim to have plotted together to assassinate Hitler; Hope for phones having trouble achieving dial tone",Uncredited (Henry Beard); Illustration by Marvin Mattleson
National Lampooon,1,15,June,1971,Religion for Fun and Prophet,Mrs. Agnew’s Diary,Judy gives us a daft peek at Hank Kissinger’s creepy subterrainean command center,Uncredited (Doug Kenney); Illustration by Marvin Mattleson
National Lampooon,1,15,June,1971,Religion for Fun and Prophet,The Judaic-Judaic Tradition,“A look at the old-time religion as seen through rosen-colored glasses”,Cartoons by Arnold Roth
National Lampooon,1,15,June,1971,Religion for Fun and Prophet,Foto Funnies,A woman who reads the Whole Earth Catalog shows guy (played by Kenney) she knows how to use it,Uncredited (features Doug Kenney); Illustration by Marvin Mattleson
National Lampooon,1,15,June,1971,Religion for Fun and Prophet,Utopia Four Comics,"Marshall McLuhan, Kate Millet, Charles Reich, and Buckminster Fuller, as a team of super heroes, utterly fail to quell a ghetto riot","By Sean Kelly; Art by Joe Orlando, Lettering by John Costanza"
National Lampooon,1,15,June,1971,Religion for Fun and Prophet,Lamentations II,"Supposedly a lost book of the Bible, recently unearthed, which casts the rest of the Bible in rather dubious light",By Tony Hendra
National Lampooon,1,15,June,1971,Religion for Fun and Prophet,"Meanwhile Back at Metropolis,",A one-page Superman gag,By Michael O’Donoghue; Illustrated by Wayne Boring
National Lampooon,1,15,June,1971,Religion for Fun and Prophet,New Sacrileges,An illustrated list of topical ideas bound to offend nearly everyone,"By Bob Aaronson; Illustrated by Marvin Mattleson, Medoff, and others uncredited"
National Lampooon,1,15,June,1971,Religion for Fun and Prophet,NatLamp’s Inferno,An illustrated panorama (accompanied by verse) depicting the just desserts awaiting the famous and the infamous in Hell,By Rick Meyerowitz
National Lampooon,1,15,June,1971,Religion for Fun and Prophet,The Polaroid Print of Dorian Gray,"A retelling of the Oscar Wilde classic, set in the present, in which the portrait manifests the moral consequences of Dorian’s environmental abuse",By Michael O’Donoghue; Illustration by Roy Carruthers
National Lampooon,1,15,June,1971,Religion for Fun and Prophet,Big Blessings Bulletin,"Christ’s newsletter for His followers with news about fundraising efforts, recent miracles, an advice column by Mary, and ads for books of parables, rummage sales, and even a summer camp for kids, directed by Simon Peter",By Henry Beard and George W. S. Trow
National Lampooon,1,15,June,1971,Religion for Fun and Prophet,The Prophet,An irreverent parody of the Kalhil Jibran book in which the prophet is a sham artist,By John Weidman
National Lampooon,1,15,June,1971,Religion for Fun and Prophet,Know Your ESP IQ,A parody of an intelligence test with questions such as “How did you score on this test?”,By John Boni; Illustration by Babi Jery
National Lampooon,1,15,June,1971,Religion for Fun and Prophet,Foto Funnies,Strange bodily sounds gag,Uncredited
National Lampooon,1,15,June,1971,Religion for Fun and Prophet,Holyland,An incredibly crass amusement park based on the Bible,By Gahan Willson
National Lampooon,1,15,June,1971,Religion for Fun and Prophet,Magic Made E-Z,"A magic book showing how to do “miraculous” tricks such as “All You Can Eat,” “The Bewitched Bush,” “An Astonishing Stroll,” and “Haunted Handwriting”",By John Weidman
National Lampooon,1,15,June,1971,Religion for Fun and Prophet,Tree Story,Short story about a young man who tries to “get back to nature” and unwittingly ingests some hallucinigens,By Steve Kaplan and Peter Ivers; Illustration by Ed Soyka
National Lampooon,1,15,June,1971,Religion for Fun and Prophet,I Dreamed I Was There in Overdose Heaven,"A song about Brian Jones, Jimi Hendrix, and Janis Joplin spending their eternal lives doing the drugs that killed them",By Sean Kelly; Tryptych by Doug and Judy Aleefer
National Lampooon,1,16,July,1971,Pornography,COVER,NA,“Pornography: Threat or Menace?” Illustration by Dick Hess.
National Lampooon,1,16,July,1971,Pornography,Editorial,NA,NA
National Lampooon,1,16,July,1971,Pornography,Letters,NA,From the Editors
National Lampooon,1,16,July,1971,Pornography,Contest,NA,NA
National Lampooon,1,16,July,1971,Pornography,Hot Flashes,NA,NA
National Lampooon,1,16,July,1971,Pornography,News of the Month,NA,Uncredited [Henry Beard]
National Lampooon,1,16,July,1971,Pornography,Mrs. Agnew’s Diary,NA,Uncredited [Doug Kenney]
National Lampooon,1,16,July,1971,Pornography,Esprit de (Hard) Core,NA,"Esprit de (Hard) Core, By Arnold Roth"
National Lampooon,1,16,July,1971,Pornography,My Secret Life by David Eisenhower,NA,By Terry Catchpole
National Lampooon,1,16,July,1971,Pornography,Foto Funnies,NA,NA
National Lampooon,1,16,July,1971,Pornography,The Breast Game,NA,By Topor
National Lampooon,1,16,July,1971,Pornography,Everything You Always Wanted to Know About Sex* / *Aren’t You Sorry You Asked?,NA,"Everything You Always Wanted to Know About Sex* / *Aren’t You Sorry You Asked?, By John Boni"
National Lampooon,1,16,July,1971,Pornography,Groupies for Everyone,NA,By John Weidman and Anne Beatts
National Lampooon,1,16,July,1971,Pornography,Foto Funnies,NA,NA
National Lampooon,1,16,July,1971,Pornography,Special Danish Section,NA,"By Michael O’Donoghue, Sean Kelly, and Robert Heit"
National Lampooon,1,16,July,1971,Pornography,The Strange Case of the Queen’s Pupils,NA,By Charles O’Hegarty and Michel Choquette
National Lampooon,1,16,July,1971,Pornography,Caked Joy Rag,NA,By Chris Miller
National Lampooon,1,16,July,1971,Pornography,Are You a Homo?,NA,"Are You a Homo?, By John Weidman"
National Lampooon,1,16,July,1971,Pornography,Dick in Jane,NA,By Barbara Schubeck [Michael O’Donoghue]
National Lampooon,1,16,July,1971,Pornography,Is It In?,NA,"Is It In?, By Philip Marlowe [Michael O’Donoghue]"
National Lampooon,1,16,July,1971,Pornography,Nancy Reagan’s Dating Dos and Don’ts,NA,By Doug Kenney
National Lampooon,1,17,August,1971,Bummer,“COVER,NA,"This month’s cover is by Kelly Freas, a brilliant artist currently responsible for much of the best illustration in the science-fiction field, but probably most well known for the many cover renditions of a familiar mascot that he did during the fifties and sixties for one of the popular children’s magazines of the day.”"
National Lampooon,1,17,August,1971,Bummer,Letter From the Editor,Fifteen suggestions for achieving a bummer buzz,By Sean Kelly
National Lampooon,1,17,August,1971,Bummer,Letters,NA,Uncredited; Illustration by Marvin Mattleson
National Lampooon,1,17,August,1971,Bummer,Hot Flashes,Press photos (some doctored) with humorous captions,Text and photos uncredited; Illustration by Marvin Mattleson
National Lampooon,1,17,August,1971,Bummer,Mrs. Agnew’s Diary,The Agnews and the Nixons attend a rocket launch escorted by Dr. Werner von Braun,Uncredited (Doug Kenney); Illustration by Marvin Mattleson
National Lampooon,1,17,August,1971,Bummer,News of the Month,"German companies try to exploit the “nostalgia” craze in advertisements; A mysterious chemical slick of the coast of California; Grisley mass-murder of 346,782 Vietnanmese under investigation; Advantages of the Soviet justice system; Flowing lava and Mafiosi compared, accompanied by study questions",Uncredited (Henry Beard); Illustration by Marvin Mattleson
National Lampooon,1,17,August,1971,Bummer,Defeat Comics,"War comc book parody in which four brothers join up hoping to become heroes in Vietnam only to end up as drug addicts, traitors and black marketeers. Includes ad for Lt. Calley’s Kill the Children Federation and Madame Ky’s Puzzle Page which contains puzzles such as “How many dead Vietcong can you find in this picture?”",By Michael O’Donoghue and George W. S. Trow; Illustrated by Crag W. Granite
National Lampooon,1,17,August,1971,Bummer,Welfare Monopoly,Parody of the Monopoly board game in which one player is a slum lord and the rest of the players are renters on Welfare,By John Weidman
National Lampooon,1,17,August,1971,Bummer,As the Monk Burns,TV soap opera set amidst murder and mayhem in a war ravaged village in Vietnam,By John Boni
National Lampooon,1,17,August,1971,Bummer,Canada Supplement,"A potpourri of short articles about Canada, “The Retarded Giant on Your Doorstep” including: Americans, Know Your Canada, interesting facts and a guide to language; Canadian History at a Glance, including a Cwick Canada Cwiz (actually Canada jokes); Northern Lights, some famous Canadians (better known for their success in the U.S.); Canada, As Modern As Today, photos from the ’40s supposedly showing how “up-to-date” Canada is; Canada’s “Rye” Sense of Humour, Acollection of Canadianized non-jokes; Canada, Daybed of Democracy, Canada’s role as a source of armaments for the U.S.; Shinney: The Real Hockey Tourists Never See, A short story by a world traveler who passes himself off as a Québeçois to discover the real Canada; The Quest for a Canadian Identity, Results of an opion pole; How to tell if you’re Canadian; Honourary Canucks; Toronto, Someplace Like Home, A photo essay on the “exciting” lifestyle enjoyed by Torontans; An RCMP Poster depicting a pig on horseback; and The Frog Prince: A Canadian Fairy Tale, a comic featuing Pierre Trudeau","By Sean Kelly, Anne Beatts, and Michel Choquette; Illustrations by Chas B Slackman, Joe Orlando, L. Ross, and Al Rossi"
National Lampooon,1,17,August,1971,Bummer,Foto Funnies,A middle-aged man tries some acid,Uncredited
National Lampooon,1,17,August,1971,Bummer,(Classified),"A newsletter for those in the surveilance business featuring news of the annual convention (unannounced and unattended, for security reasons), letters not to the editor, an invitation not to subscribe with a blank to fill in to reveal who told you about (Classified), Faces Not in the News, ads, etc.","(Classified), By Tony Hendra"
National Lampooon,1,17,August,1971,Bummer,A Cavalcade of Bummers,NA,Cartoons by Arnold Roth
National Lampooon,1,17,August,1971,Bummer,The Machining of America,Parody of “The Greening of America” outlining a utopian vision of an industrial future,By Anne Beatts; Illustration by Michael Gross
National Lampooon,1,17,August,1971,Bummer,Computer Fight of the Century,"Lt. William “Machine Gun” Calley vs. Charles “Charlie” Manson in a simulated boxing match, with Howard Cosell announcing",By Rick Meyerowitz
National Lampooon,1,17,August,1971,Bummer,The Nadar Report on Consumers,An exposé of a group with inordinate power over the American economy: consumers,By Peter Ivers; Illustration by Peter Schaumann
National Lampooon,1,17,August,1971,Bummer,Right On!,"Merchandising kit for a movie starring Jane Fonda as a radical activist, with tips on exploiting the counterculture to ensure big box-office returns",By Terry Catchpole; Illustration by Gray Morrow
National Lampooon,1,17,August,1971,Bummer,Would You Buy a Used War from This Man?,"Photos from Nixon’s press conference announcing the invasion of Cambodia captioned as a television commercial promising relief from the heartbreak of Indochina through Peaceplan, with Honor®","Would You Buy a Used War from This Man?, By John Boni and Henry Beard"
National Lampooon,1,18,September,1971,Kids,“COVER,NA,"This month’s test for color blindness (if you can’t see the very funny joke written in red behind the cat, check with your optometrist) is by Marvin Mattleson. Says Mattleson: ‘Doing a cover for your magazine was a big break for me. Thanks to you, I have received many important and lucrative offers from prestige publications and high-class book companies. In my first month, I grossed more than I did in a whole week in my previous job. I strongly recommend your magazine to other artists!'”"
National Lampooon,1,18,September,1971,Kids,Letter From the Editor,A rather long-winded joke about a cattle drive which crosses paths with a Dixieland band,By Michael O’Donoghue
National Lampooon,1,18,September,1971,Kids,Letters,NA,Uncredited; Illustration by Marvin Mattleson
National Lampooon,1,18,September,1971,Kids,Hot Flashes,Press photos accompanied by humorous captions,Uncredited; Illustration by Marvin Mattleson
National Lampooon,1,18,September,1971,Kids,Mrs. Agnew’s Diary,Those “awful” Chinese; Dick sends Spiggy to campaign in obscure foreign countries; everyone attends a wedding and gets looped,Uncredited (Doug Kenney); Illustration by Marvin Mattleson
National Lampooon,1,18,September,1971,Kids,News of the Month,Nixon announces his plans for the “So-So Society”; A chain letter enticing recipients to kill Vietnamese circulates in Vietnam; FTC to investigate religions for possible fraudulant claims; Telephone Company plans ad campaign to discourage phone use; Sharks place ban on eating people because of health risks; Solutions to Queen Elizabeth’s financial woes; Arizona man arrested for his part in the My Lai massacre—voting for Lyndon Johnson,Uncredited (Henry Beard); Illustration by Marvin Mattleson
National Lampooon,1,18,September,1971,Kids,A Child’s Garden of Worse,NA,Cartoons by Arnold Roth
National Lampooon,1,18,September,1971,Kids,"My Weekly Reader The Children’s Tabloid,",Parody of My Weekly Reader featuring sensationalistic stories about children,By George W. S. Trow and Anne Beatts
National Lampooon,1,18,September,1971,Kids,Children’s Letters to the Gestapo,"Kids say the darndest things to Heinrich Himmler, offering to turn in their parents, making “cute” racists remarks, etc.",By Michael O’Donoghue
National Lampooon,1,18,September,1971,Kids,Eloise at the Hotel Dixee,Parody of the Eloise childrens’ books in which Eloise lives in a seedy hotel populated by prostitutes and drunks,By Michael O’Donoghue
National Lampooon,1,18,September,1971,Kids,Creative Playthings,"Socially relevant toys for the seventies such as Martin Luther King Logs, Ralph Nader Chemistry Set, Norman Podhoretz Hand Puppets, Psychic Wholeness Costumes, etc.",By Gerald Sussman
National Lampooon,1,18,September,1971,Kids,How to Cook Your Daughter,"Written in the style of an epicurean essay. It seems to be what the title suggests at first, but ends in a “just kidding” sort of way. (Less amusing after you’ve read the book with the same title his daughter wrote later as an adult —Mark)",By Tony Hendra
National Lampooon,1,18,September,1971,Kids,How to Cook Your Father,Tony’s daughter gets even,Cartoon by Katherine Hendra
National Lampooon,1,18,September,1971,Kids,Filial Politics,“A Kids’ Lib Manifesto” written in a strident political style with awful spelling,By Sean Kelly and Anne Beatts
National Lampooon,1,18,September,1971,Kids,Spicy Tales,Lewd jokes in rebus form,By Commander Barkfeather
National Lampooon,1,18,September,1971,Kids,Model Plane Kit,"The “B-90 Super Dodo,” a $779-million super-secret bomber under development by the Department of Defense, which looks suspiciously like a paper airplane, that you can build yourself",By Doug Kenney; Illustration by Gray Morrow
National Lampooon,1,18,September,1971,Kids,Chums in the Dark,"A side-splitting parody of the Hardy Boys juvenile book series in which the two young slueths are hopelessly clueless when it comes to matters of sex and drugs, and are literally left holding the bag.",By Hugo Flesch (and Henry Beard); Illustrations by Dick Hess
National Lampooon,1,18,September,1971,Kids,Games Children Play,"Rather frightening “signs of the times” games supposedly played by contemporary kids such as “Red Light, Red Light,” “Hide and Shreik,” “King of Hamburger Hill,” etc.",By John Weidman and Gahan Wilson
National Lampooon,1,18,September,1971,Kids,The Toilet Papers,Portrait of the artist as a toddler going through toilet training—his “brown period”,By Chris Miller; Illustration by Stephen Negrycz
National Lampooon,1,18,September,1971,Kids,Death Is,Parody of Charles Schulz’s “Happiness Is…A Warm Puppy” Peanuts books focusing on various ways real children manage to do themselves and each other in [NatLamp got sued over this one—MS],By John Weidman; Drawings by Herb Trimpe
National Lampooon,1,18,September,1971,Kids,Foto Funnies,Topic: Someone reading NatLamp and not getting the Foto Funnies piece,Uncredited (features Doug Kenney)
National Lampooon,1,18,September,1971,Kids,National Lampoon Reading Comprehension Test,Find out how well you read this issue of the National Lampoon,"National Lampoon Reading Comprehension Test, By Sean Kelly"
National Lampooon,1,19,October,1971,Back-to-School,“COVER,NA,"This month’s cover is the result of teamwork, pure and simple, and we’d like to take this opportunity to tip our hats to a few of the forgotten men who make covers like this possible: Mike O’Donoghue had the orignal ‘brainstorm,’ and NatLamp design honcho Mike Gross gets an assist for a strong follow-through; Dick Hess, perennial high-scoring penster, inked the drawing, and Bob Pike, who is being traded to Elmira College for a tripod and some F-stops, came through with some nice camerawork in the third quarter; Art Director’s Workshop put together a 2 on 1 silkscreen, and Ellen Taurins, playing in the cleanup spot, came up with the big gun (a Bostitch Stapomatic) in the final minutes to sort of wrap things up. Good work, all of you!”"
National Lampooon,1,19,October,1971,Back-to-School,Letter From the Editor,The wacky antics of today’s college students,By Michael O’Donoghue
National Lampooon,1,19,October,1971,Back-to-School,Letters,NA,Uncredited; Illustration by Marvin Mattleson
National Lampooon,1,19,October,1971,Back-to-School,Mrs. Agnew’s Diary,"The Agnews’ monthly card party with the Nixons and the Mitchells is interupted by an angry phone call from Chaing Kai-shek, who is all in a huff over Hank Kissinger’s trip to Red Communist China",Uncredited (Doug Kenney); Illustration by Marvin Mattleson
National Lampooon,1,19,October,1971,Back-to-School,News of the Month,Sodomy charges against Al Capp deemed likely to be a “bum rap”; Secret Dept. of Defense documents reveal proposed plans to use heroin to entice new recruits in an all-volunteer army,Uncredited (Henry Beard); Illustration by Marvin Mattleson
National Lampooon,1,19,October,1971,Back-to-School,The Squealer,An alumni newsletter for a reform school,By Sean Kelly and Anne Beatts
National Lampooon,1,19,October,1971,Back-to-School,The School of Hard Sell,Madison Avenue-style ads for college courses,By George W. S. Trow and Michael O’Donoghue
National Lampooon,1,19,October,1971,Back-to-School,Hire the Handicapped,NA,Cartoons by Rodrigues
National Lampooon,1,19,October,1971,Back-to-School,Right On! The Campus War Game,A strategy & tactics-style board game that pits radical students against the college administration,"By Michel Choquette, Anne Beatts, and Sean Kelly"
National Lampooon,1,19,October,1971,Back-to-School,Foto Funnies,Topic: Censorship. (Features Michael O’Donoghue),Uncredited
National Lampooon,1,19,October,1971,Back-to-School,Foto Funnies,Topic: Censorship. (Features Michel Choquette),Uncredited
National Lampooon,1,19,October,1971,Back-to-School,MAD Parody,"Cover: A worried-looking Alfred E. Newman with the caption, “What, Me Funny?”; “Citizen Gaines,” a movie parody; “You Know You’ve Really Outgrown MAD When…”; “The Lighter Side of Dave Berg”; and more","By John Boni, Sean Kelly, and Henry Beard; Illustrations by Joe Orlando, Ralph Reese, John Romita, John Lewis, Ernie Colon, Al Weiss, Babi Jery, and Stuart Schwartzberg"
National Lampooon,1,19,October,1971,Back-to-School,Going Back,"A short story about a middle-aged man who is somehow transported back to when he was 12 years old, except he retains all the experiences, memories, and physical appearance of his adult self–a literal exploration of “if I knew then what I know now,” with disasterous results",By Michel Choquette and Anne Beatts; Illustration by Dick Hess
National Lampooon,1,19,October,1971,Back-to-School,Magical Misery Tour,A comic-tragic history of the Beatles drawn in the style of the film Yellow Submarine,By Michael O’Donoghue; Illustrated by Randall Enos
National Lampooon,1,19,October,1971,Back-to-School,The Final Seconds,"Nixon has a dream in which he, Henry Kissinger, and John Mitchell are young football heroes",By Tony Hendra; Illustration by Robert Schulenberg
National Lampooon,1,19,October,1971,Back-to-School,125th Street,"Parody of Sesame Street set in a ghetto featuring endering characters such as Big Rat, Cocaine Monster, Oreo the Roach, and Ramone the Silverfish",By Anne Beatts and Michel Choquette
National Lampooon,1,19,October,1971,Back-to-School,Free Diploma,TV repair correspondence school diploma inside a matchbook cover (presumably the one featured on the cover of the magazine),Uncredited
National Lampooon,1,20,November,1971,Horror,“COVER,NA,"The beast on this month’s cover, which was last seen slouching towards Bethlehem, Pa., to be bored, comes from the pen (solid steel with four-foot-thick concrete walls) of Gahan Wilson, who says that it answers to the name Zlaggo the Terrible and asks that anyone finding it please feed it two hundred yards of elevated trackage and six high tension pylons a day and send him a note, c/o Bunker “C,” Survival Station Alpha, Murchison Atoll, Marianas.”"
National Lampooon,1,20,November,1971,Horror,Editorial,Some supposed recent B-science fiction movies with “unbelievable” plots,By Henry Beard
National Lampooon,1,20,November,1971,Horror,Letters,NA,Uncredited; Illustration by Marvin Mattleson
National Lampooon,1,20,November,1971,Horror,Mrs. Agnew’s Diary,"John Connally stops by to let Spiggy in on the administration’s economic plans, lets slip an innuendo concerning Spiggy and his new secretary, leading Judy to entertain thoughts of marital infidelity",Uncredited (Doug Kenny); Illustration by Marvin Mattleson
National Lampooon,1,20,November,1971,Horror,The Unforgiving Minute,"Meandering commentary on Chet Huntley, insect warfare and politics, what to do about those nasty Disney parodies, cigarette ads in NatLamp, and a sanctioned plug for The Realist and other Krassner enterprises",By Paul Krassner
National Lampooon,1,20,November,1971,Horror,News of the Month,Marxist-Leninist explanations of some recent events on the American scene such as the Pentagon Papers; Troy Donahue’s portrayal of Charles Manson generates speculation on who might similarly play other noteworthy persons; What the U.S. could learn from the South Vietnamese electoral process; Some examples of what TV ads might be like after new FTC rules enforcing truthfulness take effect,Uncredited
National Lampooon,1,20,November,1971,Horror,The Adventures of Cynthia Goodhead,Cynthia writes Bob Dylan for advice on how she can get an orgasm,By Jon Surgal
National Lampooon,1,20,November,1971,Horror,The Science Fiction Horror Movie Pocket Computer,A flowchart enabling one to describe the plot of virtually any science fiction horror movie,By Gahan Wilson
National Lampooon,1,20,November,1971,Horror,“You’ve Got to Believe Me!”,"A short story—supposedly true—about a refrigerator repairman abducted by aliens who, mistaking him for a nuclear physicist with a similar name, attempt to force him to reveal his secret plans for a death ray",By Tom Leopold and Christopher Guest; Illustration by Don Ivan Punchatz
National Lampooon,1,20,November,1971,Horror,The Disrespectful Summons,An delightfully absurd picture story about a woman who is corrupted by the Devil,By Edward Gorey
National Lampooon,1,20,November,1971,Horror,Dr. Jekyll’s Surgical Supply Catalogue,A 19th century supply catalog for mad scientists,By Doug Kenney
National Lampooon,1,20,November,1971,Horror,"Up Against the Wall Forefathers!,",The proceedings of the Salem witch trials if William Kunstler had been the attorney for the defense,By Ea G. le Gousse [probably a pseudonym—MS]; Drawings by Burt Silverman
National Lampooon,1,20,November,1971,Horror,Foto Funnies,A young man resists the temptations of the flesh,"Uncredited [features Michel Choquette, I think—MS]"
National Lampooon,1,20,November,1971,Horror,The Mammal That Suckled Its Young,Movie treatment parody about a man who becomes a were-dog during a full moon,By Roger Corman and C.B. Griffith [not likely–MS]; Illustration by Gray Morrow
National Lampooon,1,20,November,1971,Horror,Dragula,A horror comic parody about a gay vampire who turns those he bites into flaming homosexuals,"By Tony Hendra; Illustrated by Neal Adams, Cover by Frank Frazetta"
National Lampooon,1,20,November,1971,Horror,Sick Jokes of the Seventies,Hackneyed jokes updated to reflect current events,By Christopher Rush; Cartoons by Medoff
National Lampooon,1,20,November,1971,Horror,Creepy Cut-Outs,Japanese pagoda for playing Godzilla; a page from the Bible with a large black spot on it; a medical alert card warning of hepatitis—in both English and Romanian; a blank mad scientist’s degree from the University of Wittenberg; David Frost voodoo doll kit—including a fan letter requesting a lock of hair,Text uncredited; Illustrations by Betty Fraser and Richard Bennett
National Lampooon,1,20,November,1971,Horror,Foto Funnies,"Summary: A man tries to interest a young woman in various intellectual pursuits; failing that, he gives up and makes a flat sexual proposition, to which she replies, “Animal! Is that all you ever think about?”",Uncredited [features Michael O’Donoghue]
National Lampooon,1,20,November,1971,Horror,"The Most Sensational Traffic Jam Since Hiroshima and Other Pranks,",Memoirs of a college prankster in the 21st century,By Gene Kearney; Illustrations by Michael Gross
National Lampooon,1,20,November,1971,Horror,“What Marks on the Neck?”,“The Ultimate Horror Movie”—a series of old photos with captions depicting generic scenes from gothic horror movies,"“What Marks on the Neck?”, By Michael O’Donoghue"
National Lampooon,1,20,November,1971,Horror,The Orchid,A parody of “The Raven” about a greenhouse worker with a guilty conscience terrorized by a vengeful plant,By Sean Kelly; Illustration by John Glashan
National Lampooon,1,20,November,1971,Horror,Witchcraft and the Black Arts,A collection of “spells” and “incantations” for modern times (example: summoning a rainstorm by preparing a picnic),By John Weidman; Illustrations uncredited
National Lampooon,1,20,November,1971,Horror,The Incredible Shrinking Magazine,A first person account of how the members of the staff of Esquire magazine try valiantly to put out a magazine while becoming smaller and smaller and eventually vanish from sight,By Michael O’Donoghue; Illustration by Roger Hane
National Lampooon,1,20,November,1971,Horror,Phantom of the Rock Opera,A parody of “Phantom of the Opera” in which the “true story” of the closing of the Fillmore East is revealed,By Sean Kelly and Michel Choquette; Collage by Cloud Studio
National Lampooon,1,21,December,1971,A Heart-warming Christmas,“COVER,NA,"This month’s moving reaffirmation of the Christmas spirit oozed from and personable writer/illustrator of innumerable unpleasantries (‘The Disrespectful Summons’ in NatLamp’s last issue) including his own books, among them The Phantom Toll Booth, The Gilded Bat, and The Curious Sofa.”"
National Lampooon,1,21,December,1971,A Heart-warming Christmas,Editorial,A child’s letter to Santa Claus in the form of shareholder report,By Doug Kenney
National Lampooon,1,21,December,1971,A Heart-warming Christmas,Letters,NA,Uncredited; Illustration by Marvin Mattleson
National Lampooon,1,21,December,1971,A Heart-warming Christmas,The Adventures of Cynthia Goodhead,Cynthia writes Sha-Na-Na for advice on how she can get an orgasm and relates some surprising things she has learned about Bob Dylan from a mysterious dumpster diver.,By Jon Surgal
National Lampooon,1,21,December,1971,A Heart-warming Christmas,Mrs. Agnew’s Diary,"Spiggy is concerned that Dick is not planning to have him as a running-mate in ’72. When Dick offers him the post of head of the AEC, Spiggy reveals some incriminating video tape in his posession concerning Dick, Bebe Rebozo and a shower stall and gets an upgrade to Supreme Court Justice.",Uncredited (Doug Kenny); Illustration by Marvin Mattleson
National Lampooon,1,21,December,1971,A Heart-warming Christmas,The Unforgiving Minute,A review of the stage play “Lenny” delivered posthumously by Lenny Bruce himself.,By Paul Krassner; Illustration by Marvin Mattleson
National Lampooon,1,21,December,1971,A Heart-warming Christmas,The Story of Jessica Christ,"Done in the style and format of a Sunday school textbook, answers the question, “What if Jesus had been a woman?”",By Tony Hendra; (Illustration appears to be uncredited)
National Lampooon,1,21,December,1971,A Heart-warming Christmas,Boys’ Romance Comics,Romance comic parody titled “Blind Date With Love” in which a hapless teen takes a blind date to the prom. The puffed up first person narrative contrasts sharply with the humiliating reality protrayed in the accompanying panels. Features an ad for the “Atomic Zit-Lifter” and a grossly unsympathetic advice column called “Ask Uncle Bob.”,By Doug Kenney; Illustrated by Joe Orlando
National Lampooon,1,21,December,1971,A Heart-warming Christmas,Christmas Story,"The sad tale of Santa’s Christmas visit to modern America where he encounters a cult of pot-heads, a bitter, decadant Bob Cratchit, militant feminists, militant blacks, Jesus freaks, and paranoid flag-wavers.",Written and illustrated by Arnold Roth
National Lampooon,1,21,December,1971,A Heart-warming Christmas,Foto Funnies,Inept Charades player.,Uncredited [features Doug Kenney–MS]
National Lampooon,1,21,December,1971,A Heart-warming Christmas,The GUM Christmas Gift Catalogue,"Written in hilariously stilted language as if translated from Russian by a non-native speaker of English, a gift catalogue supposedly from the famous Soviet department store featuring hopelessly un-modern modern appliances and gift items such as the “Grand Flavorsk Unexcelled Rotoczar” (gas-powered toaster) and the “Drodznud-Gdice ‘Big Shot’ Turning-Around Chair.”",By Henry Beard; Cover painting by Charles Lilly; Collages by Cloud Studio
National Lampooon,1,21,December,1971,A Heart-warming Christmas,The Sexualization of Veranda,"The slapstick/pornographic tale of Veranda Porch, a sexually repressed young woman, who spends some time at the “Wresalen Institute of Group Joy and Touching Each Other a Lot” in order to rid herself of her sexual inhibitions.",By Chris Miller; Illustration by Michael Gross
National Lampooon,1,21,December,1971,A Heart-warming Christmas,Free Xmas Posters,"Two poster parodies. One features an artistic sepiatone photo of a lone figure walking through a forrest of tall pines with the caption, “This poster looked better as a tree.” The other is a parody of a famous anti-war poster featuring a child-like drawing of a flower made of dollar bills with the statement, “war is not unprofitable for poster-makers and other living things.” See posters, etc.",By Tony Hendra and Michael O’Donoghue; Photo by Roy Zalesky
National Lampooon,1,21,December,1971,A Heart-warming Christmas,Geography Has No Silent Vowels,An odd short story about an elementary school class in which several of the students (who sometimes seem more like adults) are popping pills during lunch.,By Joseph Gleeson; Illustration by Arnold Roth
National Lampooon,1,21,December,1971,A Heart-warming Christmas,This Is Your Life…Francis Gary Powers,"Ralph Edwards humiliates Francis Gary Powers—the pilot of the U-2 spy plane that was shot down over Russia in 1960—on a live national broadcast of “This Is Your Life.” Guests include former premier Nikita Khrushchev, Gary’s high school gym teacher, his family and friends, and so on, who paint a portrait of a complete failure, even blaming him for the fueling the cold war. Gary winds up alone on stage, pinned beneath a lighting rack after everyone else has left for the post-show party.",By Terry Catchpole and Walt Smith
National Lampooon,1,21,December,1971,A Heart-warming Christmas,Laughing All the Way,"A paranoid little story about a Russian sneak attack of the U.S. on Christmas Eve. The Russians take advantage of the yearly USAF Christmas “sighting” of an “unidentified flying object” over the North pole, and disguise their missiles as sleighs pulled by reindeer.",By Michael O’Donoghue; Illustration by Randall Enos
National Lampooon,1,21,December,1971,A Heart-warming Christmas,Editorial Fantasies,"O’Donoghue, Doug Kenney, and Frank Springer; Illustrated by Frank Springer","By Henry Beard, George W. S. Trow, Michael Gross, Michael"
National Lampooon,1,21,December,1971,A Heart-warming Christmas,Christmas in July,"In a parody of Dickens’ A Christmas Carol, Nixon is visited by the Ghost of Eisenhower, followed by the Ghost of Issues Past (Senator McCarthy), the Ghost of Issues Present (Martha Mitchell), and the Ghost of Issues Yet to Come (William F. Buckley) who show him how far he has strayed from his principles. In the end, he decides to resume bombing Hanoi, cancels his trip to Red China (for the sake of Little Chiang Kai -shek), and, in a spirit of good will, invites Agnew (in the Bob Cratchit role) to run with him again in ’72.",By Michel Choquette and Anne Beatts; Illustration by Gerry Gersten
National Lampooon,1,22,January,1972,Is Nothing Sacred?,“COVER,NA,"This month’s ‘grabber’ is by Michael Gross, Art Director of the National Lampoon, or Lampoon Nationale, as it is known in the tiny town of Mal-de-Mér, France, where, as elsewhere in the fancy art-conscious European continent, mention of the name ‘Gross’ will get you les yeux morts (blank stares). After graduating with honors from Brooklyn’s prestigious Hudson River School, Michael spent an anno (worth about 4-1/2 American months) in Mexico on the Olympic Design Committee, whose startling graphics were generally credited with sparing Mexico the troublesome crowds of spectators that have spoiled so many previous Olympiads. Prior to joining the NatLamp team, Mike worked at Better Gums and Bicuspids, Bush and Shrub, and the American Journal of Institutional Food. In his spare time he raises hackles and forges Monets.”"
National Lampooon,1,22,January,1972,Is Nothing Sacred?,Editorial,NA,By Tony Hendra; Illustration by Sagebrush
National Lampooon,1,22,January,1972,Is Nothing Sacred?,Letters,NA,Uncredited; Illustration by Marvin Mattleson
National Lampooon,1,22,January,1972,Is Nothing Sacred?,News of the Month,NA,Uncredited [Henry Beard]; Illustration by Marvin Mattleson
National Lampooon,1,22,January,1972,Is Nothing Sacred?,The Unforgiving Minute,NA,Paul Krassner; Illustration by Marvin Mattleson
National Lampooon,1,22,January,1972,Is Nothing Sacred?,Hot Flashes,NA,By Commander Barkfeather [pseudonym?]; Illustration by Marvin Mattleson
National Lampooon,1,22,January,1972,Is Nothing Sacred?,Letters,NA,"Uncredited; Photographs uncredited, Illustrations by Marvin Mattleson"
National Lampooon,1,22,January,1972,Is Nothing Sacred?,Mrs. Agnew’s Diary,NA,Uncredited [Doug Kenney]; Illustration by Marvin Mattleson
National Lampooon,1,22,January,1972,Is Nothing Sacred?,Son-O-God Comics,NA,"By Sean Kelly, Michel Choquette, and Anne Beatts; Illustrated by Neal Adams"
National Lampooon,1,22,January,1972,Is Nothing Sacred?,Summer of ’44,NA,By Michael O’Donoghue and Tony Hendra; Illustration by Frank Bozzo
National Lampooon,1,22,January,1972,Is Nothing Sacred?,Remembering Mama,NA,By Chris Miller; Illustration by Philippe Weisbecker
National Lampooon,1,22,January,1972,Is Nothing Sacred?,Buckminster Fuller’s Repair Manual for the Entire Universe,NA,"By Henry Beard, Harry Fischman, and Jeffrey Prescott [illustrations by one of the latter two]"
National Lampooon,1,22,January,1972,Is Nothing Sacred?,Where Do YOU Draw the Line?,NA,"Where Do YOU Draw the Line?, Uncredited; Illustrations by Sagebrush, Randall Enos, and others [uncredited]"
National Lampooon,1,22,January,1972,Is Nothing Sacred?,"The Last Really, No Shit, Really, The Last Supplement to the Whole Earth Catalog,",NA,"By Tony Hendra, Michael O’Donoghue, Sean Kelly, and Henry Beard; Illustrations by Randall Enos"
National Lampooon,1,22,January,1972,Is Nothing Sacred?,Sacred Calendars,NA,"Illustration by Randall Enos, Photograph by Larry Couzens"
National Lampooon,1,22,January,1972,Is Nothing Sacred?,Che Guevara’s Bolivian Diaries,NA,By Doug Kenney; Illustration by Milton Glaser
National Lampooon,1,22,January,1972,Is Nothing Sacred?,The Vietnamese Baby Book,NA,By Michael O’Donoghue; Illustrations by Newton Meyers
National Lampooon,1,22,January,1972,Is Nothing Sacred?,Foto Funnies,NA,Uncredited [appears to feature Paul Krassner–MS]
National Lampooon,1,22,January,1972,Is Nothing Sacred?,"The American Indian Noble Savage or Renaissance Man?,",NA,"The American Indian: Noble Savage or Renaissance Man?, By Anne Beatts; Illustrations uncredited [mostly from historical sources with one possibly original signed “S Tan”–MS]"
National Lampooon,1,22,January,1972,Is Nothing Sacred?,Funny Pages,NA,"Featuring “Nuts” by Gahan Wilson; “Crash Christian” by Michael O’Donoghue, Illustrated by Frank Springer; “Shab” by B. Kliban; “Chicken Gutz” by Randal Enos; “Doctor Colon’s Monster” by Rodriques; “Idyl” by Jeff Jones; “Vinny Shinblind, The Invisible Sex Maniac” by Susan Harris and Peter Bramley; an untitled strip by Lou Myers; and “Trick Cigar Funnies” by Michael O’Donoghue, illustrated by Frank Mell"
National Lampooon,1,23,February,1972,Crime!,“COVER,NA,"This month’s cover is by Dick Hess, who adds to the already groaning mantelpiece in his studio atop one of Gotham’s loftiest brownstones yet another (his fifth) Hero of Capitalist Art Combination Statuette and Clothes Brush. (This handsome keepsake, executed in Sterling Steel and standing over fifteen inches high, depicts Art playing paper-scissors-rock with Progress, while Responsibility, Hope, and A Winning Personality toss quoits around the base.) Gosh, Mom, this magazine sure has a lot of art by this Hess guy. That’s right, Sally, it has Hessitosis!”"
National Lampooon,1,23,February,1972,Crime!,Editorial,NA,By Tony Hendra; Photograph uncredited
National Lampooon,1,23,February,1972,Crime!,Letters,NA,Uncredited; Illustration by Marvin Mattleson
National Lampooon,1,23,February,1972,Crime!,Mrs. Agnew’s Diary,NA,Uncredited [Doug Kenney]; Illustration by Marvin Mattleson
National Lampooon,1,23,February,1972,Crime!,News of the Month,NA,Uncredited [Henry Beard]; Illustration by Marvin Mattleson
National Lampooon,1,23,February,1972,Crime!,Hot Flashes,NA,"Uncredited; Illustration by Marvin Mattleson, Photographs uncredited"
National Lampooon,1,23,February,1972,Crime!,The Unforgiving Minute,NA,By Paul Krassner; Illustration by Marvin Mattleson
National Lampooon,1,23,February,1972,Crime!,The Case of the Loquacious Rapist,NA,By Tim Mayer; Illustrated and photographed[?] by Michael Sullivan
National Lampooon,1,23,February,1972,Crime!,Groin Larceny,NA,By Chris Miller; Illustration by Putrick [?]
National Lampooon,1,23,February,1972,Crime!,Foto Funnies,NA,Uncredited [features Chris Miller]
National Lampooon,1,23,February,1972,Crime!,Riders of the Black Hand Comics,NA,By Anne Beatts and Michel Choquette; Illustrated by Frank Springer
National Lampooon,1,23,February,1972,Crime!,The Last Recall,NA,By Henry Beard; Illustration by Gerry Gersten
National Lampooon,1,23,February,1972,Crime!,The Audrey-Gore Legacy,NA,Written and illustrated by Edward Gorey
National Lampooon,1,23,February,1972,Crime!,The Thoughts of Chairman Fu-Manchu,NA,By Henry Beard; Illustration by Jeff Jones
National Lampooon,1,23,February,1972,Crime!,Dick Tracy,NA,Written and illustrated by H.B. Nichols
National Lampooon,1,23,February,1972,Crime!,The Last sMile,NA,Cartoons by Rodriques
National Lampooon,1,23,February,1972,Crime!,Angela and Rocky Take You On a Tour of the Big House,NA,George W. S. Trow; Photographs uncredited
National Lampooon,1,23,February,1972,Crime!,Funny Pages,NA,"Featuring “Nuts” by Gahan Wilson; “Crash Christian” by Michael O’Donoghue, illustrated by Frank Springer; “Cheech Wizard” by Vaughan Bode; “Chicken Gutz” by Randall Enos; “Mule’s Diner” by Stan Mack; an untitled strip by Lou Myers; “Tales of the Timebeast” by Bill Skurski and Mike Sullivan; and “Shab” by B. Kliban"
National Lampooon,1,24,March,1972,Escape!,“COVER,NA,"The colorful personage featured on our cover is not stuffed or made of wax, but very much alive. His name is Loro, which is Spanich for parrot and, in Chile, means a bedpan. Photographer Leonard Soned, who is responsible for this portrait, imported Loro from mexico four yeaars ago, and his since taught it to roll over on its back to have its stomach scratched, and to survive daily lofe in a busy new York photo studio. On its own, it has learned to say ‘I’ll get it!’ when the phone rings and the opening bars of two Beatles songs."
National Lampooon,1,24,March,1972,Escape!,Billy Frick,NA,“Also shown in this photograph is Swiss-born ex-acrobat who appeared in Paramount’s Is Paris Burning? and a recent David Wolper TV special for CBS. We lured Mr. Frick to southern climes in order to fill six pages of this issue.”
National Lampooon,1,24,March,1972,Escape!,Editorial,NA,By Michel Choquette; Illustration uncredited [clip art]
National Lampooon,1,24,March,1972,Escape!,Letters,NA,Uncredited; Illustration by Marvin Mattleson
National Lampooon,1,24,March,1972,Escape!,The Unforgiving Minute,NA,By Paul Krassner; Illustration by Marvin Mattleson
National Lampooon,1,24,March,1972,Escape!,Mrs. Agnew’s Diary,NA,By Doug Kenney; Illustration by Marvin Mattleson
National Lampooon,1,24,March,1972,Escape!,News on the March,NA,Uncredited [Henry Beard]; Photographs uncredited
National Lampooon,1,24,March,1972,Escape!,Pamplemousse,NA,By Brian McConnachie; Photograph by Michel Choquette
National Lampooon,1,24,March,1972,Escape!,Beachcomber Jerry’s Down-Home Shangri-La Restaurant,NA,By Henry Beard; Illustrations uncredited
National Lampooon,1,24,March,1972,Escape!,Lampoon Public Service Page,NA,Uncredited; Illustration uncredited
National Lampooon,1,24,March,1972,Escape!,The Miracle of California,NA,"By Tony Hendra, Doug Kenney, Michael Elias, and Robert Garland; Illustrations by Charles White III, Joe Orlando, Randal Enos, and Harry Fischman and Jeffrey Prescott; Photographs uncredited"
National Lampooon,1,24,March,1972,Escape!,Swan Song of the Open Road,NA,By Sean Kelly; Illustrations by Arnold Roth
National Lampooon,1,24,March,1972,Escape!,My Blue Heaven,NA,By Anne Beatts; Illustration by Michael Gross
National Lampooon,1,24,March,1972,Escape!,Mementos of an Escapologist,NA,Uncredited; Photographs uncredited
National Lampooon,1,24,March,1972,Escape!,Last Impressions Are the Most Important,NA,By Commander Barkfeather and Doris O. Perception [most likely pseudonyms—MS]
National Lampooon,1,24,March,1972,Escape!,Stranger In Paradise,NA,Written and photographed by Michel Choquette
National Lampooon,1,24,March,1972,Escape!,The Runaway,NA,Cartoon by R.O. Blechman
National Lampooon,1,24,March,1972,Escape!,Foto Funnies,NA,Uncredited [features John Lennon and Yoko Ono]
National Lampooon,1,24,March,1972,Escape!,The Adventures of A Connecticut Yankee,NA,By Michel Choquette and Sean Kelly; Illustrated by M.W. Kaluta
National Lampooon,1,24,March,1972,Escape!,Drop Them a Line to Say That You’re Fine,NA,Uncredited; Illustrations uncredited [from old postcards]
National Lampooon,1,24,March,1972,Escape!,Four Ways to Avoid Unpleasantness,NA,By George W. S. Trow
National Lampooon,1,24,March,1972,Escape!,Funny Pages,NA,"Featuring “Nuts” by Gahan Wilson; “Idyl” by Jeff Jones; “Cheech Wizard” by Vaughn Bode; “Doctor Colon’s Monster” by Rodrigues; “Famous Comic Artists School” by Bruce Cochran; “Vinny Shinblind, the Invisible Sex Maniac” by Susan Harris and Peter Bramley; “Mule’s Diner” by Stan Mack; “Shab” by B. Kliban; and “Chicken Gutz” by Randall Enos"
National Lampooon,1,25,April,1972,25th Anniversary Issue,“COVER,NA,"A commemorative design by Michael Doret specially commissioned for our Pig-Iron Anniversary. The large numeral 25 symbolizes Passage of Time in the Face of Adversity; the decorative swirls represent Opportunities, Both Those Missed and Those Taken; the 75¢ denotes Money in the Bank, Taken There by People Who Laughed All the Way; and the impressive roster of names signifies the Gullibility of Man, In Spite of It All. Thanks, and a tip of the NatLampCo porkpie to architect Gamal El-Zoghby, for permitting us to film “The Playboy Fallout Shelter” in his Playboy Fallout Shelter.”"
National Lampooon,1,25,April,1972,25th Anniversary Issue,Editorial,NA,Uncredited [but probably by Henry Beard]; Illustration uncredited
National Lampooon,1,25,April,1972,25th Anniversary Issue,Letters,NA,Uncredited; Illustration by Marvin Mattleson
National Lampooon,1,25,April,1972,25th Anniversary Issue,The Unforgiving Minute,NA,By Paul Krassner; Illustration by Marvin Mattleson
National Lampooon,1,25,April,1972,25th Anniversary Issue,Mrs. Agnew’s Diary,NA,Uncredited [Doug Kenny]; Illustration by Marvin Mattleson
National Lampooon,1,25,April,1972,25th Anniversary Issue,News on the March,NA,Uncredited [Henry Beard]; Photographs uncredited
National Lampooon,1,25,April,1972,25th Anniversary Issue,Autumn of ’69 Collegiate Songbook,NA,"Autumn of ’69 Collegiate Songbook, By Michael O’Donoghue; Illustration by Robert Dale"
National Lampooon,1,25,April,1972,25th Anniversary Issue,"Third Base The Dating Newspaper,",NA,"Third Base, The Dating Newspaper, By John Boni and Henry Beard; Photographs uncredited"
National Lampooon,1,25,April,1972,25th Anniversary Issue,The Cursory History of the National Lampoon,NA,"The Cursory History of the National Lampoon, Written and illustrated by Arnold Roth"
National Lampooon,1,25,April,1972,25th Anniversary Issue,What’s My Party Line?,NA,"What’s My Party Line?, By Terry Catchpole; Photographs uncredited"
National Lampooon,1,25,April,1972,25th Anniversary Issue,Frontline Dentists,NA,By Michael O’Donoghue; Illustrated by Frank Springer
National Lampooon,1,25,April,1972,25th Anniversary Issue,Great Disappointments,NA,Uncredited
National Lampooon,1,25,April,1972,25th Anniversary Issue,Man in Toilet,NA,Cartoons by Rodrigues
National Lampooon,1,25,April,1972,25th Anniversary Issue,Foto Funnies,NA,Photographs by Lynn Goldsmith
National Lampooon,1,25,April,1972,25th Anniversary Issue,Commie Plot Comics,NA,By Doug Kenney; Illustrated by Frank Springer
National Lampooon,1,25,April,1972,25th Anniversary Issue,Where Were You When Ezio Pinza Died?,NA,"Where Were You When Ezio Pinza Died?, By Brian McConnachie; Illustration by Eugene Mihaesco"
National Lampooon,1,25,April,1972,25th Anniversary Issue,Foto Funnies,NA,Photographs by Lynn Goldsmith
National Lampooon,1,25,April,1972,25th Anniversary Issue,’58 Bulgemobiles!,NA,Written and illustrated by Bruce McCall
National Lampooon,1,25,April,1972,25th Anniversary Issue,Amos ‘n’ Andy Meet the Honeymooners,NA,By Marc Rubin and Chris Miller; Illustration by Roger Hane
National Lampooon,1,25,April,1972,25th Anniversary Issue,The Playboy Fallout Shelter,NA,By Henry Beard and Michael O’Donoghue; Photographs by Leonard Soned
National Lampooon,1,25,April,1972,25th Anniversary Issue,Funny Pages,NA,"Featuring “Nuts” by Gahan Wilson; “Shab” by B. Kliban; “Cheech Wizard” by Vaughn Bode; “Baxter Bug” by Michael O’Donoghue; “Idyl” by Jeff Jones; “Anti-Comics!” by Ed Subitzky; “Vinny Shinblind, the Invisible Sex Maniac” by Susan Harris and Peter Bramley; “Doctor Colon’s Monster” by Rodrigues; “The Easter Bunny” by Bruce Cochran; and “Chicken Gutz” by Randall Enos"
National Lampooon,1,26,May,1972,Men!,“COVER,NA,"Readers searching for the answer to the question ‘Who draws more covers for the National Lampoon than any other New-York-based illustrator working out of a brownstone on East Forty-ninth Street with the initials D.H.?’ will find a clue on the half-shell, just above the D.H. signature. Painting by Dick Hess, decoration by Sandro Botticelli. As the cover proclaims, this month’s theme is ‘Men!,’ as in ‘Hooray for men!’ or ‘Oh, men!’ Take it as you like it.”"
National Lampooon,1,26,May,1972,Men!,Editorial,NA,By Anne Beatts; Illustration uncredited [clip art]
National Lampooon,1,26,May,1972,Men!,Letters,NA,Uncredited; Illustration by Marvin Mattleson
National Lampooon,1,26,May,1972,Men!,Mrs. Agnew’s Diary,NA,Uncredited [Doug Kenny]; Illustration by Marvin Mattleson
National Lampooon,1,26,May,1972,Men!,News on the March,NA,Uncredited [Henry Beard]; Photographs uncredited
National Lampooon,1,26,May,1972,Men!,True Facts,NA,Uncredited
National Lampooon,1,26,May,1972,Men!,Foto Funnies,NA,Photography and text uncredited; Illustration by Marvin Mattleson
National Lampooon,1,26,May,1972,Men!,The Unforgiving Minute,NA,By Paul Krassner; Illustration by Marvin Mattleson
National Lampooon,1,26,May,1972,Men!,Norman the Barbarian,NA,"By Sean Kelly; Illustrated by Barry Smith, lettering by Sam Rosen. Ad for “Rockwell Home Orifice Protection System”, By Ed Bluestone and Anne Beatts."
National Lampooon,1,26,May,1972,Men!,How to Score With Chicks,NA,By Doug Kenney; Illustration uncredited [possibly Michael Gross—MS]
National Lampooon,1,26,May,1972,Men!,How to Make it With Men,NA,By Amy Ephron
National Lampooon,1,26,May,1972,Men!,The Rape of the Doll,NA,Photography by Lynn Goldsmith
National Lampooon,1,26,May,1972,Men!,Mr. May,NA,By Anne Beatts; Photography by Frank Kolloegy
National Lampooon,1,26,May,1972,Men!,Foto Funnies,NA,Photography and text uncredited; Illustration by Marvin Mattleson
National Lampooon,1,26,May,1972,Men!,The Zircon as Big as the Taft,NA,By Michael O’Donoghue; Illustrated by David Palladini
National Lampooon,1,26,May,1972,Men!,This Must Stop,NA,By Tony Hendra; Photograph by Michael Gross
National Lampooon,1,26,May,1972,Men!,Men’s Pages,NA,"Featuring: Mr., By George W. S. Trow, Photographs uncredited; Odd Man Out, By Michel Choquette, Illustrated by Ralph Reese; and A Clean Breast, By George W. S. Trow"
National Lampooon,1,26,May,1972,Men!,Touching Moments,NA,By George W. S. Trow; Photography by Ronald Harris
National Lampooon,1,26,May,1972,Men!,electric archy,NA,By sean kelly; Illustrations by Randall Enos
National Lampooon,1,26,May,1972,Men!,The Wide World of Ballet,NA,By Brian McConnachie; Photographs uncredited
National Lampooon,1,26,May,1972,Men!,V*rg*s Man,NA,"V*rg*s Man, Illustration by Doug Johnson"
National Lampooon,1,26,May,1972,Men!,Stacked Like Me,NA,By Chris Miller; Illustration by Don Ivan Punchatz
National Lampooon,1,26,May,1972,Men!,The Knowledge of Fear,NA,Written and illustrated by John Glashan
National Lampooon,1,26,May,1972,Men!,Manskin Is…As Manskin Does,NA,By Tony Hendra; Collages by Randal Enos
National Lampooon,1,26,May,1972,Men!,My Gun Is Cute,NA,By Henry Beard; Illustration by Gary Morrow
National Lampooon,1,26,May,1972,Men!,Funny Pages,NA,"Featuring “Nuts” by Gahan Wilson; “Doctor Colon’s Monster” by Rodrigues; “Famous Comic Artists School” by Bruce Cochran; “Idyl” by Jeff Jones; “Beastiality Comics!” by Ed Subitzky; “Cheech Wizard” by Vaugn Bode; “The Beer Drinker” by Bruce Cochran; and “Sid, the Amoeba” by B. Kliban"
National Lampooon,1,27,June,1972,Science Fiction,“COVER,NA,"The extraterrestrial gruesifixion is once again the work of Frank “If You Think I’m Gonna Let You Keep the Original Art When I Can Get Ten Gees a Shot for Them from Collectors You’re Outta Your Gourd” Frazetta, generally acclaimed Thing-of-the-Mountain around fantasy-illustration circles for his famous Conan the Adventurer paperback covers and his eye-splitting National Lampoon work (cover, April, 1971; ‘Dragula’ cover, November 1971). Mr Frazetta now lives deep in the Poconos, where he is confident their Xykloscopic Detectors will never find him.”"
National Lampooon,1,27,June,1972,Science Fiction,Editorial,NA,By Doug Kenney; Photograph uncredited
National Lampooon,1,27,June,1972,Science Fiction,Letters,NA,Uncredited; Illustration by Marvin Mattleson
National Lampooon,1,27,June,1972,Science Fiction,Mrs. Agnew’s Diary,NA,Uncredited [Doug Kenney]; Illustration by Marvin Mattleson
National Lampooon,1,27,June,1972,Science Fiction,The Unforgiving Minute,NA,By Paul Krassner; Illustration by Marvin Mattleson
National Lampooon,1,27,June,1972,Science Fiction,News on the March,NA,Uncredited [Henry Beard]; Photographs uncredited
National Lampooon,1,27,June,1972,Science Fiction,True Facts,NA,Uncredited
National Lampooon,1,27,June,1972,Science Fiction,The Magic Lamp,NA,Cartoon by M. K. Brown
National Lampooon,1,27,June,1972,Science Fiction,The Last TV Show,NA,By Doug Kenney; Illustrated by Bruce Jones
National Lampooon,1,27,June,1972,Science Fiction,An Anthology of Next Year’s Best Science Fiction,NA,By Brian McConnachie; Illustration by Michael Gross
National Lampooon,1,27,June,1972,Science Fiction,Foto Funnies,NA,Uncredited
National Lampooon,1,27,June,1972,Science Fiction,Pipe Dream,NA,By Chris Miller; Illustration by Fred Marcellino
National Lampooon,1,27,June,1972,Science Fiction,An Interupted Luncheon,NA,By Doug Kenney; Illustrated by Michael Sullivan and Bill Skursky
National Lampooon,1,27,June,1972,Science Fiction,Dodosaurs,NA,Written and illustrated by Rick Meyerowitz
National Lampooon,1,27,June,1972,Science Fiction,Appalling 12,NA,Cartoons by Rodrigues
National Lampooon,1,27,June,1972,Science Fiction,Rejection,NA,By Gerard Conway
National Lampooon,1,27,June,1972,Science Fiction,On the Night Before the Last Day They Filmed “Star Trek”,NA,By Chris Miller
National Lampooon,1,27,June,1972,Science Fiction,Pruzy’s Pot,NA,By Theodore Sturgeon; Photograph by Larry Couzer
National Lampooon,1,27,June,1972,Science Fiction,Click,NA,Written and illustrated by Gahan Wilson
National Lampooon,1,27,June,1972,Science Fiction,"UFO The Flying Saucer Magazine,",NA,"UFO, The Flying Saucer Magazine, By Doug Kenney, Crad Kilodney, and Timothy Mayer; Illustrations by Gary Morrow, Photographs uncredited"
National Lampooon,1,27,June,1972,Science Fiction,Sextraterrestrials,NA,By Henry Beard; Illustrated by Peter Bramley
National Lampooon,1,27,June,1972,Science Fiction,Martian Jokes,NA,By Christopher Rush; Illustrated by Stan Mack
National Lampooon,1,27,June,1972,Science Fiction,Sci-Fi Quiz,NA,By Mike Olshan; Illustrated by David A. Johnson
National Lampooon,1,27,June,1972,Science Fiction,Foto Funnies,NA,Uncredited [features Chris Miller]
National Lampooon,1,27,June,1972,Science Fiction,Funnie Pages,NA,Featuring “Nuts” by Gahan Wilson; “Mule’s Diner” by Stan Mack; “Famous Comic Artists School” by Bruce Cochran; “Shab” by B. Kliban; “Doctor Colon’s Monster” by Rodrigues; “Idyl” by Jeff Jones; “Chicken Gutz” by Randall Enos; “Crossword Puzzle Comics!” by Ed Subitzky; and “Cheech Wizard” by Vaughn Bode
National Lampooon,1,28,July,1972,Surprise!,“COVER,NA,"Once again our own Art Director, Michael “Has Anybody Got an Eraser?” Gross, elbows his way into your home with this month’s cover. His last (“Is Nothing Sacred?” January, ’72) sold literally dozens after being made into a handsome wall poster. Come to think of it, his career has been looking pretty grim generally, particularly since Frederick’s of Hollywood started using photographs instead of free-lance art in their rubber-frock catalogues."
National Lampooon,1,28,July,1972,Surprise!,Editorial,NA,By Doug Kenney; Illustrated uncredited
National Lampooon,1,28,July,1972,Surprise!,Letters,NA,Uncredited; Illustration by Marvin Mattleson
National Lampooon,1,28,July,1972,Surprise!,Mrs. Agnew’s Diary,NA,Uncredited [Doug Kenney]; Illustration by Marvin Mattleson
National Lampooon,1,28,July,1972,Surprise!,News on the March,NA,"Uncredited [Henry Beard]; Illustration by Marvin Mattleson, Photographs uncredited"
National Lampooon,1,28,July,1972,Surprise!,True Facts,NA,Uncredited; Illustration by Marvin Mattleson
National Lampooon,1,28,July,1972,Surprise!,Humoroids,NA,By Henry Beard; Illustration by Marvin Mattleson
National Lampooon,1,28,July,1972,Surprise!,Saigon Times Refugee Pages,NA,"Saigon Times Refugee Pages, By John Boni and Henry Beard; Cartoon by Randall Enos, Photographs uncredited"
National Lampooon,1,28,July,1972,Surprise!,Mao’s Little Black Book,NA,By Dean Latimer; Photographs and illustrations uncredited
National Lampooon,1,28,July,1972,Surprise!,Suprise Poster,NA,By Michael O’Donoghue; Illustrated by Don Perlin
National Lampooon,1,28,July,1972,Surprise!,The Way to Become the Masculine He-Man,NA,By Chris Miller; Illustrated by Vincent Calabrese
National Lampooon,1,28,July,1972,Surprise!,Third World Comics,NA,By Dean Latimer and P. J. O’Rourke; Illustrated by Gray Morrow
National Lampooon,1,28,July,1972,Surprise!,Sermonette,NA,By Ed Bluestone; Illustrated by Frank Springer
National Lampooon,1,28,July,1972,Surprise!,Foto Funnies,NA,Uncredited [features Doug Kenney]
National Lampooon,1,28,July,1972,Surprise!,The Abandoned Sock,NA,Written and illustrated by Edward Gorey
National Lampooon,1,28,July,1972,Surprise!,Foto Funnies,NA,Uncredited [features Paul Krassner]
National Lampooon,1,28,July,1972,Surprise!,Colonel Teddy Jingo’s Sketch,NA,Written and illustrated by Bruce McCall
National Lampooon,1,28,July,1972,Surprise!,Foto Funnies,NA,Uncredited [features Chris Miller]
National Lampooon,1,28,July,1972,Surprise!,Calling Dr. Hitler,NA,By Michael Olshan; Illustration by Peter Bramley
National Lampooon,1,28,July,1972,Surprise!,The Worst Cartoons in the World,NA,By Brian McConnachie
National Lampooon,1,28,July,1972,Surprise!,Better Mouth and Saliva Catalog,NA,By Ed Bluestone; Photo collages uncredited
National Lampooon,1,28,July,1972,Surprise!,Funny Pages,NA,"Features “Nuts” by Gahan Wilson; “Prophet & Loss” by Peter Bramley; “Reverse Censorship Comics!” by Ed Subitzky; “Chicken Gutz” by Randall Enos; “Alice Pajamas” by C. Barsotti; “Idyl” by Jeff Jones; “Mercury, God’s Own Messenger” by M. K. Brown; “Shab” by B. Kliban; “Doctor Colon’s Monster” by Rodrigues; and “americarnal” by Bill Lee"
National Lampooon,1,29,August,1972,The Miracle of Democracy,“COVER,NA,"This month’s cover is by Robert Grossman, winner of the coveted National Lampoon Political Caricature Award, consisting of a handsome stipend to permit a half hour of study in any appropriate area of the fine arts, for his immortal portrayal of Richard Nixon as Pinocchio, which (as is customary for winners of this sought-after citation) appears on the cover of ‘that magazine which most fulfills the ideals and principles symbolized by the National Lampoon.”"
National Lampooon,1,29,August,1972,The Miracle of Democracy,Editorial Page,NA,By Dean Latimer and R. Schultz; Illustration by Larry Ross
National Lampooon,1,29,August,1972,The Miracle of Democracy,Letters,NA,Uncredited; Illustration by Marvin Mattleson
National Lampooon,1,29,August,1972,The Miracle of Democracy,Mrs. Agnew’s Diary,NA,Uncredited [Doug Kenney]; Illustration by Marvin Mattleson
National Lampooon,1,29,August,1972,The Miracle of Democracy,Humorrhoids,NA,By Ed Bluestone; Illustration by Marvin Mattleson
National Lampooon,1,29,August,1972,The Miracle of Democracy,True Facts,NA,Uncredited; Illustration by Marvin Mattleson
National Lampooon,1,29,August,1972,The Miracle of Democracy,News on the March,NA,Uncredited [Henry Beard]; Photographs uncredited
National Lampooon,1,29,August,1972,The Miracle of Democracy,Tales from the South,NA,By Michael O’Donoghue; Illustrated by Don Perlin
National Lampooon,1,29,August,1972,The Miracle of Democracy,Equal Time,NA,"By Anne Beatts, Brian McConnachie, P. J. O’Rourke, and Tony Hendra"
National Lampooon,1,29,August,1972,The Miracle of Democracy,The Miracle of Seniority,NA,Written and illustrated by Gahan Wilson
National Lampooon,1,29,August,1972,The Miracle of Democracy,The Miracle of Democracy,NA,By Doug Kenney; Illustrations by Bruce McCall
National Lampooon,1,29,August,1972,The Miracle of Democracy,Assassin,NA,Cartoons by Rodrigues
National Lampooon,1,29,August,1972,The Miracle of Democracy,True Politics,NA,By Henry Beard; Photographs uncredited
National Lampooon,1,29,August,1972,The Miracle of Democracy,The Love Song of J. Edgar Hoover,NA,By Sean Kelly; Illustration by Michael Gross
National Lampooon,1,29,August,1972,The Miracle of Democracy,The Coronation of King Dick,NA,"By Tony Hendra and Sean Kelly; Photography by Michael Sullivan, Illustrations by Jeffery Prescott and Harry Fischman"
National Lampooon,1,29,August,1972,The Miracle of Democracy,Freedom of Choice,NA,By Michael O’Donoghue; Illustration by Michael Gross
National Lampooon,1,29,August,1972,The Miracle of Democracy,Tommy Tucker A Reactionary Hero’s Glorious Challenge to the Forces of,NA,NA
National Lampooon,1,29,August,1972,The Miracle of Democracy,Arrogant Progressivism,NA,By Dean Latimer; Illustrated by Joe Orlando
National Lampooon,1,29,August,1972,The Miracle of Democracy,O Tempora! O Sophomores!,NA,By Rick Meyerowitz
National Lampooon,1,29,August,1972,The Miracle of Democracy,Foto Funnies,NA,Uncredited [features Michael Gross]
National Lampooon,1,29,August,1972,The Miracle of Democracy,Funny Pages,NA,"Featuring “Nuts” by Gahan Wilson; “Idyl” by Jeff Jones; “Farouk Comix” by Youssarian, “Vinny Shinblind, the Invisible Sex Maniac” by Susan Harris and Peter Bramley; “The Adams” by Nitka; “The Adventures of Fred Kismiass” by Ed Subitzky; “Shab” by B. Kliban; “Whistle-Stop” by M. K. Brown; “Baxter Bug” by Michael O’Donoghue and [?] Hart; “Doctor Colon’s Monster” by Rodrigues; “Sermonette” by Ed Bluestone and Frank Springer; and “Chicken Gutz” by Randall Enos"
National Lampooon,1,30,September,1972,Boredom,“COVER,NA,"This month’s cover was developed by Michael Doret and Charles White III. Mike and Charlie (both have a great sense of humor, by the way) have been partners for years, and have been in an out of just about everything. They began on Seventh Avenue designing table linens, tried marketing Hearts of Palm Frozen Pie in the ghetto, and last year had a VISTA grant to teach junkies how to dance. We stole them away from a prominent massage parlor and set them to work.”"
National Lampooon,1,30,September,1972,Boredom,Editorial,NA,By George W. S. Trow; Comic strips by Randall Enos
National Lampooon,1,30,September,1972,Boredom,Letters,NA,Uncredited; Illustration by Marvin Mattleson
National Lampooon,1,30,September,1972,Boredom,Mrs. Agnew’s Diary,NA,Uncredited [Doug Kenney]; Illustration by Marvin Mattleson
National Lampooon,1,30,September,1972,Boredom,Goin’ West,NA,Cartoon by M. K. Brown
National Lampooon,1,30,September,1972,Boredom,News on the March,NA,"Uncredited [Henry Beard]; Illustration by Marvin Mattleson, Photographs uncredited"
National Lampooon,1,30,September,1972,Boredom,True Facts,NA,Uncredited; Illustration by Marvin Mattleson
National Lampooon,1,30,September,1972,Boredom,George Sanders Memorial Boredom Awards,NA,Uncredited; Illustrations by Philip Hays and Michael Gross [?]
National Lampooon,1,30,September,1972,Boredom,Interior Decorating,NA,"By George W. S. Trow; Illustrations by Ulvis Klavins, Charles White III, Photographs uncredited"
National Lampooon,1,30,September,1972,Boredom,Lady Inga’s Performing Cows,NA,Dean Latimer; Illustration by Fritz Braly
National Lampooon,1,30,September,1972,Boredom,Boredom Stamps,NA,Illustrated by Michael Doret
National Lampooon,1,30,September,1972,Boredom,Boredom Redemption Catalogue,NA,By George W. S. Trow and Sean Kelly; Illustrationby Michael Doret
National Lampooon,1,30,September,1972,Boredom,Wide World of Meat,NA,By Tony Hendra; Photocollage by Ron Barrett
National Lampooon,1,30,September,1972,Boredom,The National Geographic,NA,By Dean Latimer and Sean Kelly; Photographs by Bruce Bacon
National Lampooon,1,30,September,1972,Boredom,The I Chink,NA,By Dean Latimer
National Lampooon,1,30,September,1972,Boredom,Celebrity Siblings Comics,NA,By Henry Beard; Illustrated by Ralph Reese
National Lampooon,1,30,September,1972,Boredom,Boredom Redemption–Big Prizes,NA,By Michael O’Donoghue; Illustrations by Michael Horen and Charles White III
National Lampooon,1,30,September,1972,Boredom,Interstate Bus Set,NA,By P. J. O’Rourke; Photographs by Bruce Bacon
National Lampooon,1,30,September,1972,Boredom,Foto Funnies,NA,Uncredited
National Lampooon,1,30,September,1972,Boredom,Fillmore Divorce,NA,By Cindy Laverty; Lettering by Michael Doret
National Lampooon,1,30,September,1972,Boredom,Refrigerator Rally,NA,By Henry Beard; Illustrations by Kenny Kneitel and Charles White III
National Lampooon,1,30,September,1972,Boredom,More to Come,NA,By Michael O’Donoghue; Illustration by Daniel Maffia
National Lampooon,1,30,September,1972,Boredom,Bland Hotel,NA,By George W. S. Trow; Postcards by Jim Hans
National Lampooon,1,30,September,1972,Boredom,Our White Heritage,NA,"By Henry Beard, Michael O’Donoghue, and George W. S. Trow; Illustrations and photographs uncredited"
National Lampooon,1,30,September,1972,Boredom,Funny Pages,NA,Featuring “Nuts” by Gahan Wilson; “Russ de la Rocca—Worm Trainer of the Americas” by M. K. Brown; “Shab” by B. Kliban; “The Adventures of the United States Weather Bureau/Mafia Tales/VD Clinic” by Rodrigues; “In the French Restaurant” by Ed Subitsky; and “Chicken Gutz” by Randall Enos
National Lampooon,1,31,October,1972,Remember Those Fabulous Sixties?,“COVER,NA,"The exact meaning of this month’s cover is unclear, but if you play it backwards, there are some interesting hints about Paul. Its title is: ‘It’s Going to Be the Very Next Craze’ (see above). It was painted by Gilbert Stone, who did the latest Band album jacket, which makes him okay with us, because we’re all into album jackets (see above).”"
National Lampooon,1,31,October,1972,Remember Those Fabulous Sixties?,Editorial,NA,By Sean Kelly; Illustration by Randall Enos
National Lampooon,1,31,October,1972,Remember Those Fabulous Sixties?,Letters,NA,Uncredited; Illustration by Marvin Mattleson
National Lampooon,1,31,October,1972,Remember Those Fabulous Sixties?,Mrs. Agnew’s Diary,NA,Uncredited [Doug Kenney]; Illustration by Marvin Mattleson
National Lampooon,1,31,October,1972,Remember Those Fabulous Sixties?,True Facts,NA,Uncredited; Illustration by Marvin Mattleson
National Lampooon,1,31,October,1972,Remember Those Fabulous Sixties?,News on the March,NA,"Uncredited [Henry Beard]; Illustration by Marvin Mattleson, Photographs uncredited"
National Lampooon,1,31,October,1972,Remember Those Fabulous Sixties?,Hot Flashes,NA,"Uncredited; Illustration by Marvin Mattleson, Photographs uncredited"
National Lampooon,1,31,October,1972,Remember Those Fabulous Sixties?,Humorrhoids,NA,By P. J. O’Rourke; Illustration by Marvin Mattleson
National Lampooon,1,31,October,1972,Remember Those Fabulous Sixties?,The Camelot Times,NA,"By Dean Latimer, P. J. O’Rourke, and Henry Beard; Photographs uncredited"
National Lampooon,1,31,October,1972,Remember Those Fabulous Sixties?,Foto Funnies,NA,Uncredited
National Lampooon,1,31,October,1972,Remember Those Fabulous Sixties?,"OD The Game of Drug Abuse,",NA,By Michael O’Donoghue and Anne Beatts; Illustration by Mari Kaestle
National Lampooon,1,31,October,1972,Remember Those Fabulous Sixties?,The Ventures of Zimmerman,NA,"By Tony Hendra and Sean Kelly; Illustrated by Neal Adams. To Honor a Decade of Dissent, By Cindy Laverty"
National Lampooon,1,31,October,1972,Remember Those Fabulous Sixties?,"See Me Deal Me, Clutch Me, Steal Me,",NA,By Alan Coren; Illustration uncredited
National Lampooon,1,31,October,1972,Remember Those Fabulous Sixties?,Where the Weird Things Are,NA,By Michael O’Donoghue; Illustration by Wally Neibart
National Lampooon,1,31,October,1972,Remember Those Fabulous Sixties?,The Assassination of Vaugh Meader,NA,Written and illustrated by Neke Carson
National Lampooon,1,31,October,1972,Remember Those Fabulous Sixties?,Junkhead Comics,NA,By Dean Latimer and Ray Schultz
National Lampooon,1,31,October,1972,Remember Those Fabulous Sixties?,An Afternoon on St. Mark’s Place Sometime Late in the 1960s,NA,By P. J. O’Rourke; Illustration by Randall Enos
National Lampooon,1,31,October,1972,Remember Those Fabulous Sixties?,Foto Funnies,NA,Uncredited [features Chris Miller]
National Lampooon,1,31,October,1972,Remember Those Fabulous Sixties?,Come for Your Life,NA,By Chris Miller; Illustration by Melinda Bordelon
National Lampooon,1,31,October,1972,Remember Those Fabulous Sixties?,Underneath the Underground,NA,By John Glashan
National Lampooon,1,31,October,1972,Remember Those Fabulous Sixties?,Rim Shot,NA,"By P. J. O’Rourke, Rick Ballen, Sean Kelly, Dean Latimer, Michael O’Donoghue; Illustration by Michael Gross, Photographs by Steve Myers"
National Lampooon,1,31,October,1972,Remember Those Fabulous Sixties?,Your Ad Here,NA,"By Michael O’Donoghue; Photographs by Larry Couzens and David Kaestle, Illustration by Warren Sattler"
National Lampooon,1,31,October,1972,Remember Those Fabulous Sixties?,"Watts Kalifornia (Huh?),",NA,"Watts, Kalifornia (Huh?), By Brian McConnachie; Photograph by Ronald G. Harris"
National Lampooon,1,31,October,1972,Remember Those Fabulous Sixties?,Funny Pages,NA,"Featuring “Nuts” by Gahan Wilson; “Mule’s Diner” by Stan Mack; “Famous Comic Artists School” by Bruce Cochran; “Idyl” by Jeff Jones; “Turkeys” by John Brent and Bobby London; “Beans Morocco Rides Again” by M. K. Brown; a tiny untitled strip by Randal Enos; “Radio Rae” by Trina; “Chicken Gutz” by Randall Enos; “Off-the-Page Comics!” by Ed Subitzky; and “The Aesop Brothers, Siamese Twins” by Rodrigues"
National Lampooon,1,32,November,1972,Decadence,“COVER,NA,"This month’s cover is entitled ‘The Lady of the Bathwater’ and was photographed by Steve Meyers. By now the astute reader is probably wondering, ‘If this, as it would certainly appear to be, is intended as an off-the-wall parody of Sir Walter Scott’s Lady of the Lake, then why the fuck is a man’s hand holding the sword?’ The explanation is simple. Michael O’Donoghue, who came up with the idea, turned the entire project over to Art Director Michael Gross. O’Donoghue didn’t bother to go over every detail with Gross because he figured any schoolboy has read King Arthur, not realizing that Gross, who’s still trying to finsh a Blackhawk comic he bagan some months ago, thinks that King Arthur is a seaport in Texas. When he saw the cover, O’Donoghue, always considerate of other’s feelings, slow to condemn and quick to forgive, just didn’t have the heart to tell Gross that his is a stupid, illiterate, cloddish, defective, imbecilic, retarded, dense, moronic, subnormal, feeble-minded dolt who’s about as bright as a night-light and as sharp as a napkin. Your brain belongs in Forest Lawn, you beef-witted dumbhead!!!"
National Lampooon,1,32,November,1972,Decadence,Editorial,NA,By Michael O’Donoghue; Illustrations and photographs uncredited
National Lampooon,1,32,November,1972,Decadence,Letters,NA,Uncredited; Illustration by Marvin Mattleson
National Lampooon,1,32,November,1972,Decadence,True Facts,NA,Uncredited; Illustration by Marvin Mattleson
National Lampooon,1,32,November,1972,Decadence,Mrs. Agnew’s Diary,NA,Uncredited [Doug Kenney]; Illustration by Marvin Mattleson
National Lampooon,1,32,November,1972,Decadence,News on the March,NA,"Uncredited [Henry Beard]; Illustration by Marvin Mattleson, Photographs uncredited"
National Lampooon,1,32,November,1972,Decadence,FETISH SUPPLEMENT,NA,Illustration by Brad Holland
National Lampooon,1,32,November,1972,Decadence,How to Talk Dirty in Esperanto,NA,By Kichard Bonker and Henry Beard; Illustrated by Bruce Cochran
National Lampooon,1,32,November,1972,Decadence,Hard-Corpse Pornography,NA,By Terry Southern
National Lampooon,1,32,November,1972,Decadence,O Comes to America,NA,By Anne Beatts; Illustration by Jeff Jones
National Lampooon,1,32,November,1972,Decadence,Rural Free Love,NA,By Brian McConnachie; Illustration by Tom Balchunas
National Lampooon,1,32,November,1972,Decadence,Fredrick’s of Toyland,NA,By Michael O’Donoghue and Mary Jenifer Mitchell; Illustrated by Neke Carson
National Lampooon,1,32,November,1972,Decadence,"Chickmeat Fish & Poultry,",NA,By Anne Beatts and Michael O’Donoghue; Illustrations by Michael Doret and Charles White III
National Lampooon,1,32,November,1972,Decadence,The Remnants of Dignity,NA,By Ed Bluestone; Illustrated by Frank Springer
National Lampooon,1,32,November,1972,Decadence,DEFEAT DAY SECTION,NA,"By Henry Beard, Tony Hendra, and Sean Kelly"
National Lampooon,1,32,November,1972,Decadence,Daily Examiner,NA,Photographs by Judy Hendra and uncredited; Illustration uncredited
National Lampooon,1,32,November,1972,Decadence,U.S. Army Decorations and Badges for the War in Vietnam (1962-1972),NA,"U.S. Army Decorations and Badges for the War in Vietnam (1962-1972), Illustrated by [?] Mayo and Warren Sattler"
National Lampooon,1,32,November,1972,Decadence,Vestiges,NA,Illustrated by Daniel Maffia
National Lampooon,1,32,November,1972,Decadence,Foto Funnies,NA,Uncredited [features Brian McConnachie and a Nixon look-alike]
National Lampooon,1,32,November,1972,Decadence,Vintage Auto Demo Derby,NA,By Michael O’Donoghue; Illustrated by Frank Springer and Alan Rose
National Lampooon,1,32,November,1972,Decadence,Sgt. Shriver’s Bleeding Hearts Club Band,NA,By Sean Kelly; Illustration by Lee Starsland
National Lampooon,1,32,November,1972,Decadence,Surprise Poster #2,NA,By Michael O’Donoghue; Illustration by Dick Hess
National Lampooon,1,32,November,1972,Decadence,The Iliad and the Ecstasy,NA,By P. J. O’Rourke; Photographs uncredited
National Lampooon,1,32,November,1972,Decadence,Funny Pages,NA,"Featuring “Nuts” by Gahan Wilson; “Chicken Gutz” by Randall Enos; “Trots and Bonnie” by Shary Flenniken; “Idyl” by Jeff Jones; “Dirty Duck” by Bobby London; “Polaroid Pornographic Comics!” by Ed Subitzky; an untitled strip by Randall Enos; and “The Aesop Brothers, Siamese Twins” by Rodrigues"
National Lampooon,1,33,December,1972,Easter,“COVER,NA,"This month’s cover is by Rick Meyerowitz and is entitled ‘The Old Switcheroo Lives, But Can We Make a T-Shirt Out of It?’ One might make the observation that if that bunny rabbit is really crammed into the cover as it appears, why then is the logo dropping down instead of being forced up as physics would dictate? Our Design Director Michael Gross explains: ‘Yeah, well, maybe so, but bunny rabbits don’t have lumps on the tops of their heads. If they had lumps on the tops, we could force the logo up; but they don’t, so it’s got to go down.”"
National Lampooon,1,33,December,1972,Easter,Editorial,NA,Uncredited; Cartoon by Picha
National Lampooon,1,33,December,1972,Easter,Letters,NA,Uncredited; Illustration by Marvin Mattleson
National Lampooon,1,33,December,1972,Easter,Mrs. Agnew’s Diary,NA,Uncredited [Doug Kenney]; Illustration by Marvin Mattleson
National Lampooon,1,33,December,1972,Easter,True Facts,NA,Uncredited; Illustration by Marvin Mattleson
National Lampooon,1,33,December,1972,Easter,News on the March,NA,"Uncredited [Henry Beard]; Illustration by Marvin Mattleson, Photographs uncredited"
National Lampooon,1,33,December,1972,Easter,Humorrhoids,NA,By Hugo Flesch; Illustration by Marvin Mattleson
National Lampooon,1,33,December,1972,Easter,Dr. Trow’s Schools,NA,By George W. S. Trow; Illustrated by Joe Orlando
National Lampooon,1,33,December,1972,Easter,"The Golden Wonderful Treasure of the Most Expensive Christmas Giftbooks of All Time,",NA,By Gerry Sussman; Photograph uncredited
National Lampooon,1,33,December,1972,Easter,Inventions That Never Made It,NA,Uncredited
National Lampooon,1,33,December,1972,Easter,Chess Piece,NA,By Ed Bluestone; Illustrated by Frank Springer
National Lampooon,1,33,December,1972,Easter,The Gift of the Magi,NA,By Chris Miller; Photograph by Ronald G. Harris
National Lampooon,1,33,December,1972,Easter,Foto Funnies,NA,Uncredited [features a Nixon look-alike]
National Lampooon,1,33,December,1972,Easter,Men’s Liberation,NA,Cartoons by Rodrigues
National Lampooon,1,33,December,1972,Easter,Diplomatic Etiquette,NA,By John Boni
National Lampooon,1,33,December,1972,Easter,A Christmas Tale,NA,By Arnold Roth
National Lampooon,1,33,December,1972,Easter,TV Shows My Network Would Run,NA,By Ed Bluestone; Photograph by Bruce Bacon
National Lampooon,1,33,December,1972,Easter,X-mas Dinner,NA,By Henry Beard; Photograph by Dick Frank
National Lampooon,1,33,December,1972,Easter,Son-O-God Comics,NA,By Michel Choquette and Sean Kelly; Illustrated by Neal Adams and [?] Schwartzberg
National Lampooon,1,33,December,1972,Easter,Foto Funnies,NA,Uncredted [features Doug Kenney]
National Lampooon,1,33,December,1972,Easter,Up the Erse to Ulster!,NA,"By P. J. O’Rourke; Illustration by Gerry Gersten, Photographs uncredited"
National Lampooon,1,33,December,1972,Easter,National Anthems of Our Political Friends,NA,By Brian McConnachie; Illustration by Randall Enos
National Lampooon,1,33,December,1972,Easter,Funny Pages,NA,"Featuring “Nuts” by Gahan Wilson; “Trots and Bonnie” by Shary Flenniken; “Do-It-Yourself Comics!” by Ed Subitzky; “Idyl” by Jeff Jones; “Earl D. Porker, Social Worker” and “Bill–The Story of a Newt Who Was Eaten by His Suit” by M. K. Brown; “Dirty Duck” by Bobby London; “Chicken Gutz” and an untitled strip by Randall Enos; and “Vinny Shinblind, the Invisible Sex Maniac” by Susan Harris and Peter Bramley"
National Lampooon,1,34,January,1973,Death,“COVER,NA,"If you’re a regular reader, you must be asking yourself, ‘Why are NatLamp‘s covers so inconsistent?’ Do you think the editors who insist month after month, that I am the cause of all our cover problems, can possibly be right? I’ll let you decide."
National Lampooon,1,34,January,1973,Death,Editorial,NA,Uncredited; Cartoon by Caldwell
National Lampooon,1,34,January,1973,Death,Letters,NA,Uncredited; Illustration by Marvin Mattleson
National Lampooon,1,34,January,1973,Death,Mrs. Agnew’s Diary,NA,Uncredited [Doug Kenney]; Illustration by Marvin Mattleson
National Lampooon,1,34,January,1973,Death,True Facts,NA,Uncredited; Illustration by Marvin Mattleson
National Lampooon,1,34,January,1973,Death,Humorrhoids,NA,By Ed Bluestone; Illustration by Marvin Mattleson
National Lampooon,1,34,January,1973,Death,News on the March,NA,"Uncredited [Henry Beard]; Illustration by Marvin Mattleson, Photographs uncredited"
National Lampooon,1,34,January,1973,Death,Deadman Comics,NA,"By Henry Beard; Illustrated by Dick Giordano and Neal Adams; Last Aid Ad, Uncredited; Bobby Fisher Shows You How to Beat Death Book Ad; Uncredited"
National Lampooon,1,34,January,1973,Death,23 Ways to Be Offensive at the Funeral of Someone You Didn’t Like,NA,By Ed Bluestone; Illustration uncredited
National Lampooon,1,34,January,1973,Death,Man In Morge,NA,Cartoons by Rodrigues
National Lampooon,1,34,January,1973,Death,Where Are They Now?,NA,"Where Are They Now?, By George W. S. Trow; Photographs uncredited"
National Lampooon,1,34,January,1973,Death,Foto Funnies,NA,Uncredited; Illustration by Marvin Mattleson; Photographs uncredited
National Lampooon,1,34,January,1973,Death,Death on Ice,NA,Written and illustrated by Gahan Wilson
National Lampooon,1,34,January,1973,Death,Dead Pages,NA,"By George W. S. Trow and Cynthia Laverty; Photocollages uncredited, Illustrations by Randall Enos and uncredited"
National Lampooon,1,34,January,1973,Death,Telling a Kid His Parents Are Dead,NA,By Ed Bluestone; Illustrated by Shary Flenniken
National Lampooon,1,34,January,1973,Death,Finnswake Again,NA,By Sean Kelly; Illustration by [?] Corey
National Lampooon,1,34,January,1973,Death,Children’s Suicide Notes to Santa,NA,By Brian McConnachie
National Lampooon,1,34,January,1973,Death,The Day the Animals Discovered Death,NA,By Ed Bluestone; Illustrated by M. K. Brown
National Lampooon,1,34,January,1973,Death,Playdead Magazine,NA,"Playdead Magazine, Uncredited; Illustrations by Brad Holland, Ivan Lacher, Warren Sattler, and uncredited; Photographs by Dick Frank, David Kaestle, and uncredited"
National Lampooon,1,34,January,1973,Death,Funny Pages,NA,"Featuring “Nuts” by Gahan Wilson; “Dirty Duck” by Bobby London; “Trots and Bonnie” by Shary Flenniken; “Sermonette” by Ed Bluestone and Frank Springer; “Mule’s Diner” by Stan Mack; “Idyl” by Jeff Jones; and “The Aesop Brothers, Siamese Twins” by Rodrigues"
National Lampooon,1,35,February,1973,Sexual Frustration,“LAST MONTH’S COVER,NA,"Remember it? …The dog that was going to be killed if you didn’t buy the issue? You people are really incredible. You had us kill that sweet pooch. And don’t for a minute go blaming us. The choice was yours entirely. We held the gun, but you sure as hell pulled the trigger …though there are those among you who did buy three and four issues to take up whatever slack existed. Those people are to be commended. But it wasn’t enough. It was for everyone to pull his and her share. And you didn’t. We are really overwhelmed by what little regard you hold for life. You should be ashamed of yourselves. And be punished. Outside of the edirial you had to read to get to this paragraph, we couldn’t think of anything suitable. If, by some chance, you didn’t read the editorial, go back and read it. Three times. No, four times. It’s hardly punishment enough, but it’ll have to do for the time being. And if the day ever comes when we have all become policemen, and you are being held hostage by crazed killers who have their guns aimed right at your semicircular canals and are yelling to us to throw down our guns or you’ll be chasing your frontal lobes down Sunny Goodge Street, we’ll remenber what you did to that dog. Just remember that."
National Lampooon,1,35,February,1973,Sexual Frustration,“COVER,NA,This cover is further punishment for having us kill the dog on last month’s cover.”
National Lampooon,1,35,February,1973,Sexual Frustration,Editorial,NA,Uncredited; Photograph uncredited
National Lampooon,1,35,February,1973,Sexual Frustration,Letters,NA,Uncredited; Illustration by Marvin Mattleson
National Lampooon,1,35,February,1973,Sexual Frustration,Mrs. Agnew’s Diary,NA,Uncredited [Doug Kenney]; Illustration by Marvin Mattleson
National Lampooon,1,35,February,1973,Sexual Frustration,True Facts,NA,Uncredited; Illustration by Marvin Mattleson
National Lampooon,1,35,February,1973,Sexual Frustration,News on the March,NA,"Uncredited [Henry Beard]; Illustration by Marvin Mattleson, Photographs uncredited"
National Lampooon,1,35,February,1973,Sexual Frustration,Humorrhoids,NA,By Henry Beard; Illustration by Marvin Mattleson
National Lampooon,1,35,February,1973,Sexual Frustration,The I-Hate-to-Fuck Book,NA,By Terry Catchpole; Photograph by Ronald G. Harris
National Lampooon,1,35,February,1973,Sexual Frustration,Try a Little Tenderloin,NA,By Tony Hendra; Photocollages by Ron Barrett
National Lampooon,1,35,February,1973,Sexual Frustration,The Catholic Sex Manual,NA,By Dean Latimer; Illustration by Marvin Mattleson
National Lampooon,1,35,February,1973,Sexual Frustration,Piddle,NA,By P. J. O’Rourke; Illustrations and photographs uncredited
National Lampooon,1,35,February,1973,Sexual Frustration,Foto Funnies,NA,Uncredited; Illustration by Marvin Mattleson; Photographs uncredited [features Chris Miller and others]
National Lampooon,1,35,February,1973,Sexual Frustration,Chastity,NA,Cartoons by Picha
National Lampooon,1,35,February,1973,Sexual Frustration,Surprise Poster #3,NA,By Michael O’Donoghue; Photograph uncredited
National Lampooon,1,35,February,1973,Sexual Frustration,Mother’s Little Helper,NA,By Anne Beatts; Illustration by Anne Beatts; Photograph uncredited
National Lampooon,1,35,February,1973,Sexual Frustration,Invisible Robkin in the Girls’ Locker Room,NA,Chris Miller; Illustration by Dick Hess
National Lampooon,1,35,February,1973,Sexual Frustration,The Oral Passions of William Howard Taft,NA,By Ed Bluestone; Illustrated by Gray Morrow and Alan Kupperberg
National Lampooon,1,35,February,1973,Sexual Frustration,The Palma Sutra,NA,Doug Kenney; Sculpture by Dick Dulaney
National Lampooon,1,35,February,1973,Sexual Frustration,The Kind Men Like,NA,By Michael O’Donoghue; Illustrations by Malcom and Nancy Fowler
National Lampooon,1,35,February,1973,Sexual Frustration,Funny Pages,NA,"Featuring “Nuts” by Gahan Wilson; “Cheech Wizard” by Vaughn Bodé; “Trots and Bonnie” by Shary Flenniken; “Dirty Duck” by Bobby London; “The Adventures of Virgil Virgin!” by Ed Subitzky; “Idyl” by Jeff Jones; and “The Aesop Brothers, Siamese Twins”"
National Lampooon,1,36,March,1973,Sweetness and Light,“COVER,NA,"Copping two 4s, and 3, and a 2 from a bunch of goddamn Commie judges from Bulgaria, this flawless Assisted Last-Minute Idea Executed from a Sitting Position (degree of difficulty of 10) still gets Warren Sattler, three-time American Artistic Association Felt-tip Pentathlon chapmion, a prestigious Steel Medal for the good old USA.”"
National Lampooon,1,36,March,1973,Sweetness and Light,Editorial,NA,By P. J. O’Rourke; Cartoon by Warren Sattler
National Lampooon,1,36,March,1973,Sweetness and Light,Letters,NA,Uncredited; Illustration by Marvin Mattleson
National Lampooon,1,36,March,1973,Sweetness and Light,Mrs. Agnew’s Diary,NA,Uncredited [Doug Kenney]; Illustration by Marvin Mattleson
National Lampooon,1,36,March,1973,Sweetness and Light,True Facts,NA,Uncredited; Illustration by Marvin Mattleson
National Lampooon,1,36,March,1973,Sweetness and Light,News on the March,NA,"Uncredited [Henry Beard]; Illustration by Marvin Mattleson, Photographs uncredited"
National Lampooon,1,36,March,1973,Sweetness and Light,Angels in Crewcuts,NA,By Brian McConnachie; Illustration by Howard Darden
National Lampooon,1,36,March,1973,Sweetness and Light,My Own Stamp Album,NA,Written and illustrated by Bruce McCall
National Lampooon,1,36,March,1973,Sweetness and Light,Garden Giggles,NA,By Michael O’Donoghue; Illustrations by Alan Rose
National Lampooon,1,36,March,1973,Sweetness and Light,Foto Funnies,NA,Uncredited; Illustration by Marvin Mattleson; Photographs uncredited
National Lampooon,1,36,March,1973,Sweetness and Light,The Young Adorables,NA,By Gerald Sussman; Illustrations Thea Kliros
National Lampooon,1,36,March,1973,Sweetness and Light,Another “True Life” Western Romance,NA,Written and illustrated by M. K. Brown
National Lampooon,1,36,March,1973,Sweetness and Light,Pharmacopoeia,NA,By Chris Miller; Illustration by Lou Brooks
National Lampooon,1,36,March,1973,Sweetness and Light,50 Nice Things About Nixon,NA,By Anne Beatts; Photograph uncredited
National Lampooon,1,36,March,1973,Sweetness and Light,National Inspirer,NA,By Henry Beard and P. J. O’Rourke; Photographs and illustrations uncredited
National Lampooon,1,36,March,1973,Sweetness and Light,The Happy Ending,NA,Written and illustrated by Edward Gorey
National Lampooon,1,36,March,1973,Sweetness and Light,Stuff to Make Playing With Your Food Even More Fun Than It Already Is,NA,By Michael O’Donoghue; Illustrated by Mark Rubin and John Clarke
National Lampooon,1,36,March,1973,Sweetness and Light,Funny Pages,NA,"Featuring “Nuts” by Gahan Wilson; “Trots and Bonnie” by Shary Flenniken; “Dirty Duck” by Bobby London; “Cheech Wizard” by Vaughn Bodé; “Famous Comic Artists School” by Bruce Cochran; “Mule’s Diner” by Stan Mack; “Idyl” by Jeff Jones; “The Aesop Brothers, Siamese Twins” by Rodrigues"
National Lampooon,1,37,April,1973,Prejudice,“COVER,NA,"Yet another in the National Lampoon‘s distinguished Salute to Popular Magazine Cover-Styles series. this is number 6, ‘Psychology Today: the Stupid Surrealistic Switch Illustrating Some Pointless Aspect of Race Relations.’ Photographed by David Kaestle.”"
National Lampooon,1,37,April,1973,Prejudice,Editorial,NA,Uncredited; Cartoon by S. Gross
National Lampooon,1,37,April,1973,Prejudice,Letters,NA,Uncredited; Illustration by Marvin Mattleson
National Lampooon,1,37,April,1973,Prejudice,Mrs. Agnew’s Diary,NA,Uncredited [Doug Kenney]; Illustration by Marvin Mattleson
National Lampooon,1,37,April,1973,Prejudice,News on the March,NA,"Uncredited [Henry Beard]; Illustration by Marvin Mattleson, Photographs uncredited"
National Lampooon,1,37,April,1973,Prejudice,True Facts,NA,Uncredited; Illustration by Marvin Mattleson
National Lampooon,1,37,April,1973,Prejudice,White Exploitation Movie Posters,NA,By George W. S. Trow; Illustrated by Gray Morrow
National Lampooon,1,37,April,1973,Prejudice,Foto Funnies,NA,Uncredited; Illustration by Marvin Mattleson; Photographs uncredited [features Henry Beard]
National Lampooon,1,37,April,1973,Prejudice,Inverted Stereotypes,NA,By John Boni; Illustrated by Rick Meyerowitz
National Lampooon,1,37,April,1973,Prejudice,Tales of Uncle Ho,NA,By Henry Beard; Illustrations by Randall Enos
National Lampooon,1,37,April,1973,Prejudice,Americans United to Beat the Dutch,NA,By Henry Beard and Christopher Cerf; Illustrations by Celia Bau and Don Perlin; Photographs uncredited
National Lampooon,1,37,April,1973,Prejudice,"The Joys etc., of Yiddish,",NA,By Gerald Sussman; Illustration by Stan Mack
National Lampooon,1,37,April,1973,Prejudice,Adolph Hitler’s Device for Gassing Rube Goldberg,NA,By Michael O’Donoghue; Illustration by Randall Enos
National Lampooon,1,37,April,1973,Prejudice,All in de Fambly,NA,By Chris Miller and Marc Rubin; Illustration by Melinda Bordelon
National Lampooon,1,37,April,1973,Prejudice,Would You Want Your Daughter to Marry One?,NA,"Would You Want Your Daughter to Marry One?, Cartoons by Rodrigues"
National Lampooon,1,37,April,1973,Prejudice,Foto Funnies,NA,Uncredited; Illustration by Marvin Mattleson; Photographs uncredited [features Michael Gross]
National Lampooon,1,37,April,1973,Prejudice,The Shame of the North,NA,Written and illustrated by Bruce McCall
National Lampooon,1,37,April,1973,Prejudice,Ivory Magazine,NA,"Ivory Magazine, By George W. S. Trow and Henry Beard; Photographs uncredited"
National Lampooon,1,37,April,1973,Prejudice,Surprise Poster #4,NA,Photograph by David Parkinson
National Lampooon,1,37,April,1973,Prejudice,"Profiles in Chopped Liver Our Greatest Jewish Presidents,",NA,By Gerald Sussman; Illustration by Michael Gross
National Lampooon,1,37,April,1973,Prejudice,Funny Pages,NA,"Featuring “Nuts” by Gahan Wilson; “Dirty Duck” by Bobby London; “The Kiss” by Ed Subitzky; “Idyl” by Jeff Jones; “Cheech Wizard” by Vaughn Bodé; “The Aesop Brothers, Siamese Twins” by Rodrigues"
National Lampooon,1,38,May,1973,Fraud,“COVER,NA,Warren Sattler does it again. That’s two out of two.”
National Lampooon,1,38,May,1973,Fraud,Editorial,NA,Uncredited; Cartoon uncredited
National Lampooon,1,38,May,1973,Fraud,Letters,NA,Uncredited; Illustration by Marvin Mattleson
National Lampooon,1,38,May,1973,Fraud,True Facts,NA,Uncredited; Illustration by Marvin Mattleson
National Lampooon,1,38,May,1973,Fraud,Mrs. Agnew’s Diary,NA,Uncredited [Doug Kenney]; Illustration by Marvin Mattleson
National Lampooon,1,38,May,1973,Fraud,In Search of the “Midnight Tape”,NA,By Michael O’Donoghue
National Lampooon,1,38,May,1973,Fraud,1972 Explanation of Form 1040P,NA,By P. J. O’Rourke
National Lampooon,1,38,May,1973,Fraud,Borrow This Book,NA,By P. J. O’Rourke and Brian McConnachie; Illustrations by Randall Enos
National Lampooon,1,38,May,1973,Fraud,Wise Acres Ad,NA,By Uncredited; Photograph Uncredited
National Lampooon,1,38,May,1973,Fraud,Folklaw,NA,By John Weidman; Photograph by David Kaestle
National Lampooon,1,38,May,1973,Fraud,Surprise Poster #5,NA,Uncredited
National Lampooon,1,38,May,1973,Fraud,Arôme de Revue Ad,NA,By Michael O’Donoghue; Photograph by Dick Frank
National Lampooon,1,38,May,1973,Fraud,“Great Americans” Series Ad,NA,Uncredited [Bruce McCall?]
National Lampooon,1,38,May,1973,Fraud,You Can’t Believe Your Eyes!,NA,By Bill Effros; Illustrations by Ivan Lacher
National Lampooon,1,38,May,1973,Fraud,Johnston’s Indian Lacrosstics,NA,By J. Jeremy Hohnston (reprinted from the Harvard Lampoon)
National Lampooon,1,38,May,1973,Fraud,The Curse of the Mandarin,NA,Written and illustrated by Gahan Wilson
National Lampooon,1,38,May,1973,Fraud,Miracle Monopoly Cheating Kit,NA,By Christopher Cerf; Illustrated by Warren Sattler [but uncredited]
National Lampooon,1,38,May,1973,Fraud,Foto Funnies,NA,"Uncredited; Illustrations by Marvin Mattleson; Photographs uncredited [features Michael Gross, David Kaestle, Brian McConnachie, Tony Hendra, Henry Beard, P. J. O’Rourke, and several other staffers]"
National Lampooon,1,38,May,1973,Fraud,A Legal Way to Buy into the Booming Gold Market,NA,Cartoons by B. Kliban
National Lampooon,1,38,May,1973,Fraud,The Funniest Cartoon in the World,NA,By Bill Woodman
National Lampooon,1,38,May,1973,Fraud,Don’t Reveal the Trick Beginnng,NA,By Ed Subitzky; Photograph uncredited
National Lampooon,1,38,May,1973,Fraud,The Tip,NA,By Michael O’Donoghue
National Lampooon,1,38,May,1973,Fraud,Funny Pages,NA,"Featuring “Nuts” by Gahan Wilson; “Idyl” by Jeff Jones; “Trots and Bonnie” by Shary Flenniken; “Mr. Duck and Weevil” by Bobby London; “Night Ride” by M. K. Brown; “Cheech Wizard” by Vaughn Bodé; and “The Aesop Brothers, Siamese Twins” by Rodrigues"
National Lampooon,1,39,June,1973,Violence,“COVER,NA,"This month’s cover is by Charles Rodrigues. Rodrigues is the author of Great Expectations and The Mayor of Casterbridge, and has received the Nobel Prize in Physics for his pioneering work in the use of lens prismatics in the collimation of nondiscrete ions. He currently makes his home in Jakarta, where he takes time off whenever he can from his busy schedule as President of Indonesia to go riding on one of his prize unicorns or work on a few new entries to his dictionary of the dolphin language.”"
National Lampooon,1,39,June,1973,Violence,Editorial,NA,Uncredited; Illustration uncredited [clip art]
National Lampooon,1,39,June,1973,Violence,Letters,NA,Uncredited; Illustration by Marvin Mattleson
National Lampooon,1,39,June,1973,Violence,Mrs. Agnew’s Diary,NA,Uncredited [Doug Kenney]; Illustration by Marvin Mattleson
National Lampooon,1,39,June,1973,Violence,News on the March,NA,"Uncredited [Henry Beard]; Illustration by Marvin Mattleson, Photographs uncredited"
National Lampooon,1,39,June,1973,Violence,True Facts,NA,Uncredited; Illustration by Marvin Mattleson
National Lampooon,1,39,June,1973,Violence,Kit ‘n’ Kaboodle,NA,By Brian McConnachie; Illustrated by Warren Sattler
National Lampooon,1,39,June,1973,Violence,The Gandhi Papers,NA,By Gerald Sussman; Illustration by Melinda Bordelon
National Lampooon,1,39,June,1973,Violence,How Many Nice Things Can You Find In This Chuckle-Choked Puzzle-Picture Picture-Puzzle?,NA,"How Many Nice Things Can You Find In This Chuckle-Choked Puzzle-Picture Picture-Puzzle?, Written and illustrated by Bruce McCall"
National Lampooon,1,39,June,1973,Violence,Foto Funnies,NA,Uncredited; Illustration by Marvin Mattleson; Photographs uncredited
National Lampooon,1,39,June,1973,Violence,Gun Lust Magazine,NA,"Gun Lust Magazine, By Tony Hendra and Henry Beard; Illustrations uncredited; Photography by David Kaestle"
National Lampooon,1,39,June,1973,Violence,The Seven Secret Japanese Techniques of Self-Defense,NA,By Gerald Sussman; Illustrations Warren Sattler
National Lampooon,1,39,June,1973,Violence,Criminal Identificationism,NA,By Gerald Sussman and Henry Beard; Illustrations by Mara McAffe
National Lampooon,1,39,June,1973,Violence,Hemophunnies,NA,Cartoons by Rodrigues
National Lampooon,1,39,June,1973,Violence,Foto Funnies,NA,Uncredited; Illustration by Marvin Mattleson; Photographs uncredited [features Chris Miller]
National Lampooon,1,39,June,1973,Violence,Knuckle Magazine,NA,"Knuckle Magazine, By P. J. O’Rourke; Illustrations by Joe Orlando and others uncredited; Photographs by Ronald G. Harris and others uncredited"
National Lampooon,1,39,June,1973,Violence,Is It Still “Playing” Post Office When the Mucilage Is Real and Covers Your Tongue?,NA,"Is It Still “Playing” Post Office When the Mucilage Is Real and Covers Your Tongue?, By Chris Miller; Illustration uncredited"
National Lampooon,1,39,June,1973,Violence,"Special Message to Chiefs of Police and Heads of Law-Enforcement Agencies from the Attorney General of the United States the Honorable Richard G. Kleindienst,",NA,By Henry Beard; Illustrations by Gray Morrow
National Lampooon,1,39,June,1973,Violence,A Clockwork Gahan Wilson,NA,Written and illustrated by Gahan Wilson
National Lampooon,1,39,June,1973,Violence,Funny Pages,NA,"Featuring “Nuts” by Gahan Wilson; “Cheech Wizard” by Vaugh Bodé; “Trots and Bonnie” by Shary Flenniken; “Duck and Weevil” by Bobby London; “Idyl” by Jeff Jones; “Love Story” by Bill Woodman; “Different Story” by M. K. Brown; “Coincidental Juxtaposition Comics!” by Ed Subitzky; “Mule’s Diner” by Stan Mack; “The Aesop Brothers, Siamese Twins” by Rodriques"
National Lampooon,1,40,July,1973,Modern Times,“COVER,NA,"This month’s cover (see cover) was painted by writer Bruce McCall. There is no satisfactory explanation for this. Mr. McCall wonders if anyone notices that the aircraft in the upper left corner of his painting is a Grumman ‘Skyrocket.’ He reports that Autogyro is actually spelled Autogiro, and was invented by a Spaniard. He is interested in raising the Titanic. He lives alone.”"
National Lampooon,1,40,July,1973,Modern Times,Editorial,NA,By Bruce McCall; Illustration uncredited
National Lampooon,1,40,July,1973,Modern Times,Letters,NA,Uncredited; Illustration by Marvin Mattleson
National Lampooon,1,40,July,1973,Modern Times,News on the March,NA,"Uncredited [Henry Beard]; Illustration by Marvin Mattleson, Photographs uncredited"
National Lampooon,1,40,July,1973,Modern Times,Mrs. Agnew’s Diary,NA,Uncredited [Doug Kenney]; Illustration by Marvin Mattleson
National Lampooon,1,40,July,1973,Modern Times,True Facts,NA,By Henry Beard; Illustrations by Warren Sattler; Photographs uncredited
National Lampooon,1,40,July,1973,Modern Times,Techno-Tactics,NA,Uncredited; Illustration by Tommy Solosky
National Lampooon,1,40,July,1973,Modern Times,"Unum Pedem Parvum Pro Me Sed Pedem Gigantum Pro Humanitate Hoc Est,",NA,By Tony Hendra; Illustration by Marvin Mattleson
National Lampooon,1,40,July,1973,Modern Times,"Rx For Disaster What Went Wrong With Those Weird, Wild, Way-out Beatnik Communes?,",NA,"Rx For Disaster: What Went Wrong With Those Weird, Wild, Way-out Beatnik Communes?, By Bruce McCall; Photographs uncredited"
National Lampooon,1,40,July,1973,Modern Times,Popular Workbench Magazine,NA,"Popular Workbench Magazine, Written and illustrated by Bruce McCall"
National Lampooon,1,40,July,1973,Modern Times,National Science Fair Projects,NA,By Brian McConnachie and Henry Beard; Photographs uncredited
National Lampooon,1,40,July,1973,Modern Times,Pavlov’s Dog,NA,By Bruce McCall; Illustration by Mara McAfee
National Lampooon,1,40,July,1973,Modern Times,The Father of the Transistor,NA,By Michael O’Donoghue; Illustrated by Bob Monhegan
National Lampooon,1,40,July,1973,Modern Times,Soviet-Mechnod-Foto Magazine,NA,"Soviet-Mechnod-Foto Magazine, By Bruce McCall; Photographs uncredited"
National Lampooon,1,40,July,1973,Modern Times,Non-Polluting Power Sources,NA,By Henry Beard; Illustrations by Harry Fischman
National Lampooon,1,40,July,1973,Modern Times,Nixxon,NA,By Christopher Cerf; Illustrations by Warren Sattler; Photographs by Dennis Brack/Black Star
National Lampooon,1,40,July,1973,Modern Times,"1958 Official Souvenir Map Jersey City World Exposition of Freedom, Progress and Technology,",NA,By Bruce McCall and Henry Beard; Illustration by Bruce McCall
National Lampooon,1,40,July,1973,Modern Times,Funny Pages,NA,"Featuring “Nuts” by Gahan Wilson; “Idyl” by Jeff Jones; “Cheech Wizard” by Vaughn Bodé; “Trots and Bonnie” by Shary Flenniken; “Duck and Weevil” by Bobby London; and “The Aesop Brothers, Siamese Twins” by Rodrigues"
National Lampooon,1,41,August,1973,Strange Beliefs,“COVER,NA,"Frank Frazetta’s cover illustration arrived too late for our Tits ‘n’ Lizards issue, but we thought we’d use it here, especially since the polaroids of me healing Ann-Margret with a laying on of hands turned out smudgy.”"
National Lampooon,1,41,August,1973,Strange Beliefs,Editorial,NA,Uncredited; Cartoon by S. Gross
National Lampooon,1,41,August,1973,Strange Beliefs,Letters,NA,Uncredited; Illustration by Alan Rose
National Lampooon,1,41,August,1973,Strange Beliefs,Mrs. Agnew’s Diary,NA,Uncredited [Doug Kenney]; Illustration by Alan Rose
National Lampooon,1,41,August,1973,Strange Beliefs,Cheech Wizard,NA,Written and illustrated by Vaughn Bodé
National Lampooon,1,41,August,1973,Strange Beliefs,News on the March,NA,"Uncredited [Henry Beard]; Illustration by Alan Rose, Photographs uncredited"
National Lampooon,1,41,August,1973,Strange Beliefs,Strange Beliefs of Children,NA,Written and illustrated by Gahan Wilson
National Lampooon,1,41,August,1973,Strange Beliefs,True Facts,NA,Uncredited; Illustration by Alan Rose
National Lampooon,1,41,August,1973,Strange Beliefs,Telejester,NA,By Chris Miller; Illustration by Melinda Bordelon
National Lampooon,1,41,August,1973,Strange Beliefs,Son-o’-God Comics,NA,Uncredited; Illustration by Alan Rose
National Lampooon,1,41,August,1973,Strange Beliefs,Godspiel,NA,By John Boni; Illustrated by Rick Meyerowitz
National Lampooon,1,41,August,1973,Strange Beliefs,Foto Funnies,NA,Uncredited; Illustration by Alan Rose; Photographs uncredited
National Lampooon,1,41,August,1973,Strange Beliefs,Worlds in Collusion,NA,By Ed Subitsky; Illustrations uncredited
National Lampooon,1,41,August,1973,Strange Beliefs,Psycohology Ptoday,NA,"By Henry Beard, Terry Catchpole, Sean Kelly, and Brian McConnachie; Illustrations by Mari Kaestle, Ed Soyka, Sketch Pad Studios, Bill Basso, and others uncredited; Photographs by Dick Frank, David Kaestle, and others uncredited"
National Lampooon,1,41,August,1973,Strange Beliefs,Fuzz Against Bunk,NA,By Akbar Del Piombo; Collages by Rubington
National Lampooon,1,41,August,1973,Strange Beliefs,Funny Pages,NA,"Featuring “Nuts” by Gahan Wilson; “Idyl” by Jeff Jones; “Duck and Weevil” by Bobby London; “Chicken Gutz” by Randall Enos; “Trots and Bonnie” by Shary Flenniken; “The Beginning of Life” by Ed Subitzky; “The Aesop Siamese Brothers, Siamese Twins” by Rodrigues"
National Lampooon,1,42,September,1973,Postwar,“COVER,NA,"This month’s cover is by Michael Gross. Frankly, when it came in I thought it was a stiff, but Michael redid the guy’s head, put a hat on him, and now it’s better. A little Balkan if you know what I mean, but better. Michael Gross, by the way, didn’t invite me to his party.”"
National Lampooon,1,42,September,1973,Postwar,Editorial,NA,By George W. S. Trow; Illustration uncredited
National Lampooon,1,42,September,1973,Postwar,News on the March,NA,"Uncredited [Henry Beard]; Illustration by Alan Rose, Photographs uncredited"
National Lampooon,1,42,September,1973,Postwar,True Facts,NA,Uncredited; Illustration by Alan Rose
National Lampooon,1,42,September,1973,Postwar,Letters,NA,Uncredited; Illustration by Alan Rose
National Lampooon,1,42,September,1973,Postwar,Whitedove Comics,NA,"By Henry Beard; Illustrated by Francis Hollidge; T.G.I.F. Joe® Ad, By P. J. O’Rourke; Illustrations and photographs uncredited"
National Lampooon,1,42,September,1973,Postwar,Mrs. Agnew’s Diary,NA,Uncredited [Doug Kenney]; Illustration by Alan Rose
National Lampooon,1,42,September,1973,Postwar,Middle East Appeal Ad,NA,Uncredited; Photograph uncredited
National Lampooon,1,42,September,1973,Postwar,"Flowers from the Front An Anthology of War Poems,",NA,By Sean Kelly; Illustration by Alan Rose
National Lampooon,1,42,September,1973,Postwar,Guerre Magazine,NA,"Guerre Magazine, By George W. S. Trow, Henry Beard, and Brian McConnachie; Photographs uncredited"
National Lampooon,1,42,September,1973,Postwar,Military Trading Cards,NA,By Bill Effros; Photographs uncredited
National Lampooon,1,42,September,1973,Postwar,Heroin Rationing Stamps,NA,Uncredited; Illustration uncredited
National Lampooon,1,42,September,1973,Postwar,"Rendezvous with Discomfort One P.O.W.’s Story,",NA,By Doug Kenney
National Lampooon,1,42,September,1973,Postwar,The Armageddon Book Club,NA,By Bruce McCall; Illustration uncredited
National Lampooon,1,42,September,1973,Postwar,Nazi Regalia for Gracious Living,NA,"By Bruce McCall; Photographs by Dick Frank; Product “manufactured” by Harry Fischman, Alan Rose, Celia Bau, and David Kaestle; Illustrations by Elizabeth Benett"
National Lampooon,1,42,September,1973,Postwar,Marshal Mirth,NA,By Brian McConnachie and Henry Beard; Illustration uncredited
National Lampooon,1,42,September,1973,Postwar,Vichy Supplement,NA,By George W. S. Trow; Photographs uncredited
National Lampooon,1,42,September,1973,Postwar,"Life Magazine September 28, 1943,",NA,"Life Magazine, September 28, 1943, By George W. S. Trow, Bruce McCall, and Henry Beard; Illustrations by Bruce McCall, Warren Sattler [?], and others uncredited; Photographs by Larry Couzens, David Kaestle, and others uncredited"
National Lampooon,1,42,September,1973,Postwar,Funny Pages,NA,"Featuring “Nuts” by Gahan Wilson; “Idyl” by Jeff Jones; “Cheech Wizard” by Vaughn Bodé; “Trots and Bonnie” by Shary Flenniken; “Chicken Gutz” by Randall Enos; “Dirty Duck and Weevil” by Bobby London; “One Year Affair” by Byron Preiss and Ralph Reese; and “The Aesop Brothers, Siamese Twins”"
National Lampooon,1,43,October,1973,Banana,“COVER,NA,"This month’s cover, to give credit where it’s due, was Michael O’Donoghue’s idea BRILLIANTLY executed by the lovely and talented Mara McAfee. As is obvious, it’s one of the best covers we’ve had in months. Perhaps years. Others, whose names you’d recognize in an instant, sneered at the idea when it was first presented. They are the kind of people who pronounce the ‘Van Gogh’ name ‘Van GOCK’ (as if a Brillo Pad were lodged in the throat). They are the kind of people who discuss the role of insanity in the creative process. They are the kind of people who don’t know shit about good covers.”"
National Lampooon,1,43,October,1973,Banana,Editorial,NA,Uncredited; Cartoon by Caldwell
National Lampooon,1,43,October,1973,Banana,Letters,NA,Uncredited; Illustration by Alan Rose
National Lampooon,1,43,October,1973,Banana,Saga of the Frozen North,NA,Written and illustrated by M. K. Brown
National Lampooon,1,43,October,1973,Banana,True Facts,NA,Uncredited; Illustration by Alan Rose
National Lampooon,1,43,October,1973,Banana,Mrs. Agnew’s Diary,NA,Uncredited [Doug Kenney]; Illustration by Alan Rose
National Lampooon,1,43,October,1973,Banana,News on the March,NA,"Uncredited [Henry Beard]; Illustration by Alan Rose, Photographs uncredited"
National Lampooon,1,43,October,1973,Banana,Turk,NA,Cartoons by B. Kliban
National Lampooon,1,43,October,1973,Banana,Important Notice to Readers,NA,By Ed Subitzky; Illustrations uncredited
National Lampooon,1,43,October,1973,Banana,"G. Gordon Liddy Agen of C.R.E.E.P.,",NA,By Marc Rubin and Chris Miller; Illustrated by Francis Hollidge
National Lampooon,1,43,October,1973,Banana,Tales of Nozzlin High School,NA,By Chris Miller
National Lampooon,1,43,October,1973,Banana,My Hate Story,NA,Written and illustrated by Ed Subitzky
National Lampooon,1,43,October,1973,Banana,At the Language Lesson,NA,"By Brian McConnachie, Bruce McCall, and Henry Beard; Collages uncredited"
National Lampooon,1,43,October,1973,Banana,Amtrak Model Railroad Catalog,NA,By P. J. O’Rourke; Illustrations uncredited
National Lampooon,1,43,October,1973,Banana,The Don Juan School of Sorcery,NA,By Gerald Sussman; Illustration and photographs uncredited
National Lampooon,1,43,October,1973,Banana,The Wonderful Words of Watergate,NA,Written and illustrated by Ed Sorel
National Lampooon,1,43,October,1973,Banana,Peut-être,NA,By Brian McConnachie; Photographs by David Kaestle
National Lampooon,1,43,October,1973,Banana,The Ziegler-Friedheim Doubletalktic No. 1,NA,By Christopher Cerf
National Lampooon,1,43,October,1973,Banana,Funny Pages,NA,"Featuring “Nuts” by Gahan Wilson; “The Aesop Brothers, Siamese Twins” by Rodrigues; “One Year Affair” (four episodes) by Ralph Reese and Byron Preiss; “Trots and Bonnie” by Shary Flenniken; “Famous Comic Artists School” by Bruce Cochran; “Idyl” by Jeff Jones; “Chicken Gutz” by Randall Enos; “Cheech Wizard” by Vaughn Bodé; and “Dirty Duck” by Bobby London"
National Lampooon,1,44,November,1973,Sports,“COVER,NA,"This month’s cover is by Bob Swanson, whose son attends Duke University and is an avid reader of National Lampoon. OK, Swanson Jr., let’s get all those Wolverines at Duke to buy tons of magazines and make your dad famous! He’s worked long and hard to send you through college. The least you can do is get out there and hawk a few Nat Lamps!”"
National Lampooon,1,44,November,1973,Sports,News on the March,NA,"Uncredited [Henry Beard]; Illustration by Alan Rose, Photographs uncredited"
National Lampooon,1,44,November,1973,Sports,True Facts,NA,Uncredited; Illustration by Alan Rose
National Lampooon,1,44,November,1973,Sports,Editorial,NA,Uncredited (Guest Editor: Gerald Sussman); Cartoon by Caldwell
National Lampooon,1,44,November,1973,Sports,Letters,NA,Uncredited; Illustration by Alan Rose
National Lampooon,1,44,November,1973,Sports,Mrs. Agnew’s Diary,NA,Uncredited [Doug Kenney]; Illustration by Alan Rose
National Lampooon,1,44,November,1973,Sports,Character Building Comics,NA,By Gerald Sussman and Henry Beard; Illustrated by Fran Hollidge and Ralph Reese
National Lampooon,1,44,November,1973,Sports,1976 Olympic Preview,NA,By Rick Meyerowitz and Gerald Sussman
National Lampooon,1,44,November,1973,Sports,Paper Fan,NA,By Gerald Sussman; Illustration by Melinda Bordelon
National Lampooon,1,44,November,1973,Sports,"Eddie Bean Down-filled Catalog 1973-74,",NA,By Gerald Sussman; Illustrations by D. Brauti[???] and Ralph Reese
National Lampooon,1,44,November,1973,Sports,Al “Tantrum” O’Niel’s Temper Tips,NA,By Sean Kelly; Illustrations by Elmer Wexler
National Lampooon,1,44,November,1973,Sports,Doc Feeney’s Scrapbook of Sports Oddities,NA,Written and illustrated by Bruce McCall
National Lampooon,1,44,November,1973,Sports,Specialized Sports Magazines,NA,"By Gerald Sussman; Photographs by Dick Frank, Arthur Rickerby (Time/Life Picture Agency), and one uncredited; Illustration [probably] by Michael Gross"
National Lampooon,1,44,November,1973,Sports,Official Russian Referee Signals,NA,By Henry Beard; Illustration [probably] by Warren Sattler
National Lampooon,1,44,November,1973,Sports,Bat Day,NA,Illustration by Berni Wrightson
National Lampooon,1,44,November,1973,Sports,Southern Indiana Methodist College Catalog,NA,By Henry Beard
National Lampooon,1,44,November,1973,Sports,Alaska Pipeliners Official Souvenir Program,NA,"By Gerald Sussman, Henry Beard, and Christopher Cerf; Illustrations and photographs uncredited"
National Lampooon,1,44,November,1973,Sports,Sports Illustrated Parody,NA,"Sports Illustrated Parody, By Gerald Sussman; Illustrations by Barron Storey, Warren Sattler, LeRoy Neiman [though it’s probably an uncredited parody], and Alan E. Cober; Photographs by Ronald G. Harris"
National Lampooon,1,44,November,1973,Sports,Funny Pages,NA,"Featuring “Nuts” by Gahan Wilson; “One Year Affair” (three episodes) by Ralph Reese and Byron Preiss; “Count-the-Mistakes Porno Comics” by Ed Subitzky; “Trots and Bonnie” by Shary Flenniken; “Cheech Wizard” by Vaughn Bodé; and “The Aesop Brothers, Siamese Twins” by Rodrigues"
National Lampooon,1,45,December,1973,Self-Indulgence,News on the March,NA,Uncredited [Henry Beard]; Photographs uncredited; Illustration by Alan Rose
National Lampooon,1,45,December,1973,Self-Indulgence,True Facts,NA,Uncredited; Illustration by Alan Rose
National Lampooon,1,45,December,1973,Self-Indulgence,Editorial,NA,By Matty Simmons and Gerald Taylor; Illustration uncredited
National Lampooon,1,45,December,1973,Self-Indulgence,Letters,NA,Uncredited; Illustration by Alan Rose
National Lampooon,1,45,December,1973,Self-Indulgence,Mr. Chatterbox,NA,Uncredited; Illustration by Alan Rose
National Lampooon,1,45,December,1973,Self-Indulgence,Our Sunday Comics,NA,"Uncredited; Illustrated by Warren Sattler, Gray Morrow, and others uncredited; Photograph uncredited"
National Lampooon,1,45,December,1973,Self-Indulgence,When It Comes to Revolution…,NA,By P. J. O’Rourke and Sean Kelly; Photographs uncredited; Illustration by Randall Enos
National Lampooon,1,45,December,1973,Self-Indulgence,Dean Corll’s Favorite Jokes,NA,By Michael O’Donoghue; Photograph uncredited
National Lampooon,1,45,December,1973,Self-Indulgence,Cheech Wizard,NA,Written and illustrated by Vaughn Bodé; Additional illustration by Vincent Bodé
National Lampooon,1,45,December,1973,Self-Indulgence,Underwear for the Deaf,NA,By Michael O’Donoghue; Photographs by David Kaestle; Graphics by Alan Rose
National Lampooon,1,45,December,1973,Self-Indulgence,How I Spent My Summer,NA,Written and illustrated by Ed Subitzky; Photograph uncredited
National Lampooon,1,45,December,1973,Self-Indulgence,The National Lampoon Building,NA,Illustrated by Alan Rose
National Lampooon,1,45,December,1973,Self-Indulgence,Tell Debby,NA,By Brian McConnachie
National Lampooon,1,45,December,1973,Self-Indulgence,An Anglo-Saxon Yuletide Tale,NA,By George W. S. Trow; Illustrated by Philip Wende
National Lampooon,1,45,December,1973,Self-Indulgence,Practical Jokes for the Rich,NA,By Henry Beard; Photographs by Vince Aiosa
National Lampooon,1,45,December,1973,Self-Indulgence,Poon Beat,NA,Uncredited; Photographs and illustrations uncredited
National Lampooon,1,45,December,1973,Self-Indulgence,Underwear for the Deaf,NA,By Michael O’Donoghue; Photographs by David Kaestle; Graphics by Alan Rose
National Lampooon,1,45,December,1973,Self-Indulgence,Me Magazine,NA,"Me Magazine, By Henry Beard and Gerald Sussman; Photographs uncredited"
National Lampooon,1,45,December,1973,Self-Indulgence,Canadian Editors’ Page,NA,By Sean Kelly and Bruce McCall
National Lampooon,1,45,December,1973,Self-Indulgence,Funny Pages,NA,"Featuring “Nuts” by Gahan Wilson; “Idyl” by Jeff Jones; “One Year Affair” (three episodes) by Ralph Reese and Byron Preiss; “Chicken Gutz” by Randall Enos; “Dirty Duck” by Bobby London; “The Ax-murderer and the Ladybug Fetishist and the Stripper and the Male Prostitute’s Mother!” by Ed Subitzky; “Trots and Bonnie” by Shary Flenniken; and “The Aesop Brothers, Siamese Twins” by Rodrigues"
National Lampooon,1,46,January,1974,Animals,“COVER,NA,"Photograph by Dick Frank. Kangaroo (Skippy) by Animal Talent Scout. Skippy is a sweetheart. Terrific beast, tame, completely unexcitable. Nothing bothers him. People, noise, bright strobe lights. Nothing. Well, one thing. Skippy doesn’t like bars. Skippy also has a service for five of steak knives on the end of those cute paws and a pair of anvils where most furry animals have feet. Sheesh. The things we go through to separate you from your mazuma.”"
National Lampooon,1,46,January,1974,Animals,News on the March,NA,"Uncredited [Henry Beard]; Illustrations by Alan Rose and Fran Hollidge, Photographs uncredited"
National Lampooon,1,46,January,1974,Animals,True Facts,NA,Uncredited; Illustration by Alan Rose
National Lampooon,1,46,January,1974,Animals,Editorial,NA,Uncredited; Cartoon by Caldwell
National Lampooon,1,46,January,1974,Animals,Letters,NA,Uncredited; Illustration by Alan Rose
National Lampooon,1,46,January,1974,Animals,Baba Rum Raisin,NA,Uncredited [Doug Kenney]; Illustration by Alan Rose
National Lampooon,1,46,January,1974,Animals,The Humpback Whale Official Songbook,NA,By Sean Kelly and Brian McConnachie; Illustration Uncredited
National Lampooon,1,46,January,1974,Animals,Attack of the Sizeable Beasts,NA,By Brian McConnachie; Illustrated by Fran Hollidge
National Lampooon,1,46,January,1974,Animals,The Schlockly Theory,NA,By P. J. O’Rourke; Illustration uncredited
National Lampooon,1,46,January,1974,Animals,Law of the Jungle,NA,By Henry Beard and John Weidman; Illustration by Tommy Soloski
National Lampooon,1,46,January,1974,Animals,Pethouse Magazine,NA,"Pethouse Magazine, By Tony Hendra and Henry Beard; Photographs by David Kaestle, Judy Hendra, Shaefer & King, and uncredited; Illustrations by Richard Hess and John Cayea"
National Lampooon,1,46,January,1974,Animals,Underwear for the Deaf,NA,By Michael O’Donoghue; Photographs by David Kaestle; Graphics by Alan Rose
National Lampooon,1,46,January,1974,Animals,Popular Evolution Magazine,NA,"Popular Evolution Magazine, By Christopher Cerf and Henry Beard; Illustrations by S. Bokor, Alan Kupperberg, and Ralph Reese; Photographs uncredited"
National Lampooon,1,46,January,1974,Animals,The Nazi Dr. Doolittle,NA,By Anne Beatts; Illustration by Doug Taylor
National Lampooon,1,46,January,1974,Animals,Species Argument,NA,By Chris Miller; Illustration by Peter Trumpelbeck
National Lampooon,1,46,January,1974,Animals,"Ill But Still Smart,",NA,By Ed Bluestone; Illustrated by Shary Flenniken
National Lampooon,1,46,January,1974,Animals,Funny Pages,NA,"Featuring “Nuts” by Gahan Wilson; “Idyl” by Jeff Jones; “Mule’s Diner” by Stan Mack; “One Year Affair” (three episodes) by Ralph Reese and Byron Preiss; “Trots and Bonnie” by Shary Flenniken; “Cheech Wizard” by Vaughn Bodé; “The Aesop Brothers, Siamese Twins” by Rodrigues"
National Lampooon,1,47,February,1974,Strange Sex,“COVER,NA,"This month’s cover was conceived—whoops, dirty word—and executed—that’s more like it—by Art Director David Kaestle, which tends to disprove the contention of zoologists the world over that art directors have no sense of humor. More importantly, the cover contains a price increase, and this merits a word of explanation. Our nation is, as you know, afflicted with an acute humor shortage. This shortage has led to an inevitable decision on our part, namely, whether to ration our existing supplies of humor or whether to tax them at a higher rate. After much deliberation, we have decided that rationing would be far too fair to the poor and are therefore applying a 12 percent increase in the ‘gas’ tax normally levied on magazines of our category. We would like to reiterate as we have before the Senate Judiciary Subcommittee on Comedy Abuses that we are not hoarding our supplies of humor, that we have not allowed ourselves to become increasingly dependent on imported, particularly European, sources of humor.”"
National Lampooon,1,47,February,1974,Strange Sex,Editorial,NA,Uncredited; Cartoon by Sam Gross
National Lampooon,1,47,February,1974,Strange Sex,News on the March,NA,"Uncredited [Henry Beard]; Illustrations by Alan Rose and Fran Hollidge, Photographs uncredited"
National Lampooon,1,47,February,1974,Strange Sex,True Facts,NA,Uncredited; Illustration by Alan Rose
National Lampooon,1,47,February,1974,Strange Sex,Letters,NA,Uncredited; Illustration by Alan Rose
National Lampooon,1,47,February,1974,Strange Sex,Mr. Chatterbox,NA,Uncredited; Illustration by Alan Rose
National Lampooon,1,47,February,1974,Strange Sex,"Mercury Messenger of God,",NA,Written and illustrated by M. K. Brown
National Lampooon,1,47,February,1974,Strange Sex,First Lay Comics,NA,By Doug Kenney; Illustrated by Joe Orlando
National Lampooon,1,47,February,1974,Strange Sex,Strange Sex We Have Known,NA,By William S. Burroughs and Terry Southern
National Lampooon,1,47,February,1974,Strange Sex,Boxed In,NA,By Chris Miller; Illustration by Melinda Bordelon
National Lampooon,1,47,February,1974,Strange Sex,S-x Fair & Pornographicum,NA,Written and illustrated by Bruce McCall
National Lampooon,1,47,February,1974,Strange Sex,Sexentrics,NA,Cartoons by Rodrigues
National Lampooon,1,47,February,1974,Strange Sex,Amicae Curiae,NA,Illustrated by Mara McAfee; Idea by Tony Hendra
National Lampooon,1,47,February,1974,Strange Sex,Whiffers and Cooties and Lungers on Strings,NA,By Doug Kenney; Photograph by Dick Frank
National Lampooon,1,47,February,1974,Strange Sex,Saturday Nite on Antarius!,NA,Written and illustrated by Ed Subitzky
National Lampooon,1,47,February,1974,Strange Sex,National Lampoof Magazine,NA,"National Lampoof Magazine, By Sean Kelly and Tony Hendra; Illustrated by Gahan Wilson, Hama & Reese, Jeff Jones, Rodrigues, and others; Photographs uncredited"
National Lampooon,1,47,February,1974,Strange Sex,Split Beaver Section,NA,"By Brian McConnachie and Tony Hendra; Illustration by Don Ivan Punchatz, Alan Kupperberg, and others uncredited; Photographs by Manfred Kage/Peter Arnold Agency, and others uncredited"
National Lampooon,1,47,February,1974,Strange Sex,Funny Pages,NA,Featuring “Nuts” by Gahan Wilson; “Cheech Wizard” by Vaughn Bodé; “Idyl” by Jeff Jones; “Trots and Bonnie” by Shary Flenniken; “Chicken Gutz” by Randall Enos; “A Glass of Beer with Stanley” by Rodrigues; and “One Year Affair” (one episode) by Ralph Reese and Byron Preiss
National Lampooon,1,48,March,1974,Stupid,“COVER,NA,"This month’s cover is by fabulous Charlie White of the Fluid Drive Studio. That’s Fluid Drive Studio. F as in flotsam, l as in low rent, u as in you get the idea. Charlie White is the husband of fabulous Linda White which is how he got his start. Charlie looks like a squeeze toy, sounds like a squeeze toy, paints like fucking Ingres (look it up). Charlie came up with the idea for this cover during a chat with kenny Kneitel (also of the Fluid Drive Studio) and another young man too modest to mention his hame here.”"
National Lampooon,1,48,March,1974,Stupid,News on the March,NA,"Uncredited [Henry Beard]; Illustration by Alan Rose and Fran Hollidge, Photographs uncredited"
National Lampooon,1,48,March,1974,Stupid,True Facts,NA,Uncredited; Illustration by Alan Rose
National Lampooon,1,48,March,1974,Stupid,Editorial,NA,Uncredited (Guest Editor: George W. S. Trow); Cartoon by M. K. Brown
National Lampooon,1,48,March,1974,Stupid,Letters,NA,Uncredited; Illustration by Alan Rose
National Lampooon,1,48,March,1974,Stupid,Tell Debby,NA,Uncredited [Brian McConnachie?]; Graphics by Alan Rose
National Lampooon,1,48,March,1974,Stupid,Canadian Corner,NA,By Sean Kelly; Illustration uncredited
National Lampooon,1,48,March,1974,Stupid,"Classical Comics Plato’s Republic,",NA,By Sean Kelly; Illustrated by Joe Orlando and Alan Kupperberg
National Lampooon,1,48,March,1974,Stupid,The Long and the Shortage of It,NA,By Gerald Sussman
National Lampooon,1,48,March,1974,Stupid,Stupid Supplement #1,NA,By George W. S. Trow and Henry Beard; Illustrations by Ivan Lacher and others uncredited; Photographs uncredited
National Lampooon,1,48,March,1974,Stupid,Stupid Aptitude Test,NA,By Doug Kenney and Henry Beard
National Lampooon,1,48,March,1974,Stupid,Underwear for the Deaf,NA,By Michael O’Donoghue; Photographs by David Kaestle; Graphics by Alan Rose
National Lampooon,1,48,March,1974,Stupid,Stupidworld,NA,By Ed Subitzky; Illustration by Charles White III
National Lampooon,1,48,March,1974,Stupid,Mr. Stupid and Mr. Shortage,NA,By George W. S. Trow; Illustrated by Fran Hollidge
National Lampooon,1,48,March,1974,Stupid,Kancer Kare,NA,By Tony Hendra and George W. S. Trow; Photographs by Ronald G. Harris
National Lampooon,1,48,March,1974,Stupid,Stupid News & World Report,NA,"By Tony Hendra, Henry Beard, and P. J. O’Rourke; Photographs uncredited"
National Lampooon,1,48,March,1974,Stupid,"Earl D. Porker Social Worker,",NA,Written and illustrated by M. K. Brown
National Lampooon,1,48,March,1974,Stupid,Stupid Supplement #2,NA,By George W. S. Trow; Illustrations and photographs uncredited
National Lampooon,1,48,March,1974,Stupid,Funny Pages,NA,Featuring “Nuts” by Gahan Wilson; “Idyl” by Jeff Jones; “Trots and Bonnie” by Shary Flenniken; “Cheech Wizard” by Vaughn Bodé; “Famous Artists School” by Bruce Chochran; “Feelies Comics” by Ed Subitzky; “One Year Affair” (three episodes) by Ralph Reese and Byron Preiss; “Chicken Gutz” by Randall Enos; “Dirty Duck” by Bobby London; and “Doctor Colon’s Monster” by Rodrigues
National Lampooon,1,49,April,1974,Travel,“COVER,NA,"This month’s Kodak caper was snapped by photographer Ronald G. Harris, moving at 425 mph at about 2400 feet. He was a great guy.”"
National Lampooon,1,49,April,1974,Travel,News on the March,NA,"Uncredited [Henry Beard]; Illustrations by Alan Rose and Fran Hollidge, Photographs uncredited"
National Lampooon,1,49,April,1974,Travel,True Facts,NA,Uncredited; Illustration by Alan Rose
National Lampooon,1,49,April,1974,Travel,Editorial,NA,Uncredited (Guest Editor: Bruce McCall)
National Lampooon,1,49,April,1974,Travel,Letters,NA,Uncredited; Illustration by Alan Rose
National Lampooon,1,49,April,1974,Travel,Canadian Corner,NA,By Bruce McCall; Illustration uncredited
National Lampooon,1,49,April,1974,Travel,Pat Nixon’s Hot Flashes,NA,Uncredited; Photographs uncredited
National Lampooon,1,49,April,1974,Travel,The Paranoid Abroad,NA,Written and illustrated by Gahan Wilson
National Lampooon,1,49,April,1974,Travel,Welcome to Cheeseburg,NA,By Bruce McCall; Photographs uncredited
National Lampooon,1,49,April,1974,Travel,Furthur Travels into Several Remote Nations of the World,NA,By F.M. Ayr; Illustration uncredited
National Lampooon,1,49,April,1974,Travel,The New York Cabby’s Guide to New York,NA,By Gerald Sussman; Photographs by Ann Staton and others uncredited
National Lampooon,1,49,April,1974,Travel,Festivals of the World,NA,By Dean Christopher
National Lampooon,1,49,April,1974,Travel,Prairie Central/Panhandle Airlines Magazine,NA,"By Henry Beard and Christopher Cerf; Photographs by Dick Frank and others uncredited; Illustrations by Richard Erlinger, Warren Sattler, and Larry Ross"
National Lampooon,1,49,April,1974,Travel,Amish in Space,NA,By Brian McConnachie; Illustrated by Russ Heath
National Lampooon,1,49,April,1974,Travel,License Plates of the U.S.A.,NA,Uncredited
National Lampooon,1,49,April,1974,Travel,Motoring in Rurethenia,NA,By Bruce McCall; Illustration by Melinda Bordelon
National Lampooon,1,49,April,1974,Travel,R.M.S. ‘Tyrannic’ Brochure,NA,Written and illustrated by Bruce McCall
National Lampooon,1,49,April,1974,Travel,World Report,NA,By Ed Subitzky; Illustration by Stan Mack
National Lampooon,1,49,April,1974,Travel,All That’s Wrong with the World on One Clear Chart,NA,By Richard Helfer
National Lampooon,1,49,April,1974,Travel,Funny Pages,NA,Featuring “Nuts” by Gahan Wilson; “Dirty Duck” by Bobby London; “Cheech Wizard” by Vaughn Bodé; “Trots and Bonnie” by Shary Flenniken; “One Year Affair” (two episodes) by Ralph Reese and Byron Preiss; “Chicken Gutz” by Randall Enos; and “Idyl” by Jeff Jones
National Lampooon,1,50,May,1974,50th Anniversary,News on the March,NA,"Uncredited [Henry Beard]; Illustrations by Alan Rose and Fran Hollidge, Photographs uncredited"
National Lampooon,1,50,May,1974,50th Anniversary,True Facts,NA,Uncredited; Illustration by Alan Rose
National Lampooon,1,50,May,1974,50th Anniversary,Editorial,NA,By Tony Hendra and Sean Kelly; Cartoon by S. Gross
National Lampooon,1,50,May,1974,50th Anniversary,Letters,NA,Uncredited; Illustration by Alan Rose
National Lampooon,1,50,May,1974,50th Anniversary,Mr. Chatterbox,NA,Uncredited; Illustration by Alan Rose
National Lampooon,1,50,May,1974,50th Anniversary,Western Romance,NA,Written and illustrated by M. K. Brown
National Lampooon,1,50,May,1974,50th Anniversary,Mrs. Agnew’s Diary,NA,By Doug Kenney; Illustration by Marvin Mattleson
National Lampooon,1,50,May,1974,50th Anniversary,Son-o’-God Meets Zimmerman,NA,Uncredited; Illustrations uncredited
National Lampooon,1,50,May,1974,50th Anniversary,Cock Tales,NA,By Chris Miller; Illustration by Patricia Dryden
National Lampooon,1,50,May,1974,50th Anniversary,The Gahan Wilson Horror Movie Pocket Computer,NA,Written and illustrated by Gahan Wilson
National Lampooon,1,50,May,1974,50th Anniversary,My Own Stamp Album–Continued,NA,Written and illustrated by Bruce McCall
National Lampooon,1,50,May,1974,50th Anniversary,"Leonardo da Vinci’s Undiscovered Notebook Volume II,",NA,By Henry Beard and Brian McConnachie; Illustrated by Daniel Maffia
National Lampooon,1,50,May,1974,50th Anniversary,Handicapped Sports,NA,Cartoons by Rodrigues
National Lampooon,1,50,May,1974,50th Anniversary,"Surprise Poster #6 Guernixa,",NA,Illustration by Randall Enos
National Lampooon,1,50,May,1974,50th Anniversary,8 Comics in One!,NA,Cartoon by Ed Subitzky
National Lampooon,1,50,May,1974,50th Anniversary,Americans United to Beat the Dutch,NA,By Christopher Cerf and Henry Beard; Illustrations by Warren Sattler and Don Perlin
National Lampooon,1,50,May,1974,50th Anniversary,National Anthem Encores,NA,By Brian McConnachie; Illustration by Randall Enos
National Lampooon,1,50,May,1974,50th Anniversary,Foto Funnies,NA,Uncredited; Illustration by Alan Rose [features Chris Miller]
National Lampooon,1,50,May,1974,50th Anniversary,1934 Bulgemobile Brochure,NA,Written and illustrated by Bruce McCall
National Lampooon,1,50,May,1974,50th Anniversary,Six More Secret Japanese Techniques of Self-Defense,NA,By Gerald Sussman; Illustrations by Warren Sattler
National Lampooon,1,50,May,1974,50th Anniversary,Monologue,NA,"By P. J. O’Rourke, Brian McConnachie, and Henry Beard; Photograph uncredited"
National Lampooon,1,50,May,1974,50th Anniversary,Underwear for the Deaf,NA,By Michael O’Donoghue; Graphics by Alan Rose; Photographs by David Kaestle
National Lampooon,1,50,May,1974,50th Anniversary,Return of the Dodosaurs,NA,Written and illustrated by Rick Meyerowitz
National Lampooon,1,50,May,1974,50th Anniversary,Funny Pages,NA,Featuring “Nuts” by Gahan Wilson; “Dirty Duck” by Bobby London; “Cheech Wizard” by Vaughn Bodé; “An American Story” by Rodrigues; “One Year Affair” by Ralph Reese and Byron Preiss; and “Idyl” by Jeff Jones
National Lampooon,1,51,June,1974,Food,“COVER,NA,"‘Proserpine con Alimenti Esecrabili’ di Melinda Bordelon (XXmo Secolo, Scuola di Arlington). Bordelon, pittore molto sensitiva ed elegantissima, chi conosce l’importanza della realtà nell’arte populare, esibe altrove, una maestria di questa qualità nel capolavoro ‘La Madonna del Pickle,’ ‘Tutto nella Famiglia,’ ‘Il Calendario di Marilyn Monroe 1974,’ ed in altri lavori celebri. ‘La Proserpine,’ pittura splendidissima, eccelentissima, realizzata con una finezza suprema, noi abbiamo ‘slapped on’ una ‘fruit’crate’ e l’abbiamo fotografata, Ebbene, noi non diamo un ‘shit.’ L’arte è l’arte, eccotutto. Ma una fotografia—questa e qualcosa!”"
National Lampooon,1,51,June,1974,Food,News on the March,NA,"Uncredited [Henry Beard]; Illustrations by Alan Rose and Fran Hollidge, Photographs uncredited"
National Lampooon,1,51,June,1974,Food,True Facts,NA,Uncredited; Illustration by Alan Rose
National Lampooon,1,51,June,1974,Food,Editorial,NA,Uncredited; Cartoon by Ziegler
National Lampooon,1,51,June,1974,Food,Letters,NA,Uncredited; Illustration by Alan Rose
National Lampooon,1,51,June,1974,Food,Canadian Corner,NA,By Sean Kelly; Illustration uncredited
National Lampooon,1,51,June,1974,Food,Classics Fabricated Comics,NA,By Doug Kenney; Illustrated by Joe Orlando
National Lampooon,1,51,June,1974,Food,A Brief Guide to America’s Top New Eating Spots,NA,"By Henry Beard, Christopher Cerf, and Joyce Jurnovoy"
National Lampooon,1,51,June,1974,Food,Breaking the Host,NA,Illustrated by Rick Meyerowitz
National Lampooon,1,51,June,1974,Food,The Joys of Wife-Tasting,NA,By Tony Hendra; Photographs by Vince Aiosa
National Lampooon,1,51,June,1974,Food,Goat Magazine,NA,"Goat Magazine, By Henry Beard, Jeff Cox, Tony Hendra, and Gerald Sussman; Illustrations uncredtied"
National Lampooon,1,51,June,1974,Food,The Cooking of Provincial New Jersey,NA,"By Gerald Sussman; Location photographs by Ronald G. Harris; Studio photography by Jery Friedman; Veronica Reilly, stylist"
National Lampooon,1,51,June,1974,Food,Psychopathia Cheesealis,NA,By Gerald Sussman; Illustration by Michael Presley
National Lampooon,1,51,June,1974,Food,Foto Funnies,NA,Uncredited; Illustration by Alan Rose [features Chris Miller]
National Lampooon,1,51,June,1974,Food,The Best New Cookbooks of the Year,NA,By Gerald Sussman and Nick Ullett
National Lampooon,1,51,June,1974,Food,Foto Funnies,NA,Uncredited; Illustration by Alan Rose [features Chris Miller]
National Lampooon,1,51,June,1974,Food,Weighty Waddlers Magazine,NA,"Weighty Waddlers Magazine, By Tony Hendra and Brian McConnachie; Illustrations and photographs uncredited"
National Lampooon,1,51,June,1974,Food,Digester’s Reader,NA,By Sean Kelly; Foodscape by Ron Barrett
National Lampooon,1,51,June,1974,Food,Funny Pages,NA,Featuring “Nuts” by Gahan Wilson; “Idyl” by Jeff Jones; “An American Story” by Rodrigues; “One Year Affair” (one episode) by Ralph Reese and Byron Preiss; “Cheech Wizard” by Vaughn Bodé; “Dirty Duck” by Bobby London; “Famous Comic Artists School” by Bruce Cochran; “Trots and Bonnie” by Shary Flenniken; “Instant Replay Comics!” by Ed Subitzky; and “How to Appear Normal” and “Beans Morocco” by M. K. Brown
National Lampooon,1,52,July,1974,Dessert,“COVER,NA,"This most delectable cover was most assuredly photographized by the right honorable Mr. Dick Frank and was sculpurized by the excellent hand of our illustrious art director, Mr. Michael Gross, oh yes indeed.”"
National Lampooon,1,52,July,1974,Dessert,Editorial,NA,Uncredited; Cartoon by Ziegler
National Lampooon,1,52,July,1974,Dessert,Dull Comics!,NA,Cartoon by Ed Subitzky
National Lampooon,1,52,July,1974,Dessert,News on the March,NA,"Uncredited [Henry Beard]; Illustration by Alan Rose, Photographs uncredited"
National Lampooon,1,52,July,1974,Dessert,True Facts,NA,Uncredited; Illustration by Alan Rose
National Lampooon,1,52,July,1974,Dessert,Letters,NA,Uncredited; Illustration by Alan Rose
National Lampooon,1,52,July,1974,Dessert,Ye White Houfe Tranfcriptf,NA,Uncredited
National Lampooon,1,52,July,1974,Dessert,Guns and Sandwiches Magazine,NA,"Guns and Sandwiches Magazine, By Brian McConnachie; Photographs by Vince Aiosa, and others uncredited"
National Lampooon,1,52,July,1974,Dessert,A Thanksgiving Memory,NA,By Chris Miller; Illustration by Melinda Bordelon
National Lampooon,1,52,July,1974,Dessert,Home Cooking,NA,Created and written by Ron Barrett; Photographs by Robert McCabe
National Lampooon,1,52,July,1974,Dessert,Baby Food,NA,Witten and illustrated by Gahan Food
National Lampooon,1,52,July,1974,Dessert,Restaurant aux Fines Verbes,NA,By Ed Subitzky; Photograph by Ronald G. Harris
National Lampooon,1,52,July,1974,Dessert,The Corporate Farmer’s 1974 Almanac,NA,"By Christopher Cerf and Henry Beard; Illustrations by Randall Enos, and others uncredited"
National Lampooon,1,52,July,1974,Dessert,Famine Circle Magazine,NA,"Famine Circle Magazine, By Gerald Sussman and Tony Hendra; Cover photograph by Jery Friedman; Other photographs by Dick Frank, Vince Aiosa, and others uncredited; Illustrations uncredited"
National Lampooon,1,52,July,1974,Dessert,Hearst Credit Card Receipt,NA,By Tony Hendra
National Lampooon,1,52,July,1974,Dessert,Gastronomique Comique,NA,Cartoons by Rodrigues
National Lampooon,1,52,July,1974,Dessert,The Intergalactic Gourmet,NA,Written and illustrated by Ed Subitzky
National Lampooon,1,52,July,1974,Dessert,Doggy-Wogs,NA,Written and illustrated by Bruce McCall
National Lampooon,1,52,July,1974,Dessert,Waste Not Want Nots,NA,Cartoon by M. K. Brown
National Lampooon,1,52,July,1974,Dessert,Funny Pages,NA,Featuring “Nuts” by Gahan Wilson; “Idyl” by Jeff Jones; “Mama’s Boy” by Rodrigues; “Famous Comic Artists School” by Bruce Cochran; “Dirty Duck” by Bobby London; “One Year Affair” by Ralph Reese and Byron Preiss; “Trots and Bonnie” by Shary Flenniken; and “Cheech Wizard” by Vaughn Bodé
National Lampooon,1,52,July,1974,Dessert,Micro-Wave Oven Comic,NA,By Tony Hendra; Illustrated by Ralph Reese
National Lampooon,1,53,August,1974,Isolationism and Tooth Care,News on the March,NA,"Uncredited [Henry Beard]; Illustrations by Alan Rose and Fran Hollidge, Photographs uncredited"
National Lampooon,1,53,August,1974,Isolationism and Tooth Care,Baba Rum Raisin,NA,Uncredited
National Lampooon,1,53,August,1974,Isolationism and Tooth Care,True Facts,NA,Uncredited; Illustration by Alan Rose
National Lampooon,1,53,August,1974,Isolationism and Tooth Care,Editorial,NA,Uncredited; Cartoon by B. Kliban
National Lampooon,1,53,August,1974,Isolationism and Tooth Care,Letters,NA,Uncredited; Illustration by Alan Rose
National Lampooon,1,53,August,1974,Isolationism and Tooth Care,Canadian Corner,NA,By Sean Kelly
National Lampooon,1,53,August,1974,Isolationism and Tooth Care,Plumber’s Little Helper,NA,By Akbar del Piombo; Collages by Rubington
National Lampooon,1,53,August,1974,Isolationism and Tooth Care,Mythical Mythical Beasts,NA,By Rick Meyerowitz and Doug Kenney
National Lampooon,1,53,August,1974,Isolationism and Tooth Care,Executive Deleted,NA,By Henry Beard and Tony Hendra; Illustration by Edward Sorel
National Lampooon,1,53,August,1974,Isolationism and Tooth Care,A Very Sizable Advance,NA,By Henry Beard; Illustration by Randy Jones
National Lampooon,1,53,August,1974,Isolationism and Tooth Care,Foto Funnies,NA,Uncredited; Illustration by Alan Rose [features Jerry Taylor and Michael Gross
National Lampooon,1,53,August,1974,Isolationism and Tooth Care,Young Sex Issue Cover,NA,Illustration uncredited
National Lampooon,1,53,August,1974,Isolationism and Tooth Care,Two-Way Comics!,NA,Cartoon by Ed Subitsky
National Lampooon,1,53,August,1974,Isolationism and Tooth Care,Seed Magazine,NA,"Seed Magazine, By Christopher Cerf; Illustration by Marvin Mattleson; Photographs by Alan Rose and David Kaestle"
National Lampooon,1,53,August,1974,Isolationism and Tooth Care,Dirty Duck,NA,Written and illustrated by Bobby London
National Lampooon,1,53,August,1974,Isolationism and Tooth Care,Our Bodies and None of Your Business,NA,"By Doug Kenney and P. J. O’Rourke; Photographs by Ronald G. Harris, and others uncredited"
National Lampooon,1,53,August,1974,Isolationism and Tooth Care,Underwear for the Deaf,NA,By Michael O’Donoghue; Graphics by Alan Rose; Photographs by David Kaestle
National Lampooon,1,53,August,1974,Isolationism and Tooth Care,Surprise Poster #7,NA,Uncredited
National Lampooon,1,53,August,1974,Isolationism and Tooth Care,Mouthing Off,NA,By Brian McConnachie; Photographs by Dick Frank
National Lampooon,1,53,August,1974,Isolationism and Tooth Care,Leftovers Issue Cover,NA,Illustration by Michael Gross
National Lampooon,1,53,August,1974,Isolationism and Tooth Care,Frying Down to Rio,NA,By Gerald Sussman; Photograph uncredited
National Lampooon,1,53,August,1974,Isolationism and Tooth Care,Leftovers,NA,"By Gerald Sussman, Tony Hendra, Sean Kelly, and Henry Beard; Photographs by Dick Frank; Illustrations by Russ Heath"
National Lampooon,1,53,August,1974,Isolationism and Tooth Care,Soul Drinks,NA,By Tony Hendra; Photograph by Dick Frank
National Lampooon,1,53,August,1974,Isolationism and Tooth Care,Funny Pages,NA,Featuring “Nuts” by Gahan Wilson; “One Year Affair” (two episodes) by Ralph Reese and Byron Preiss; “Useful Comics!” by Ed Subitzky; “Mule’s Diner” by Stan Mack; “Cheech Wizard” by Vaughn Bodé; “Trots and Bonnie” by Shary Flenniken; “Famous Comic Artists School” by Bruce Cochran; and “Desdemona” by Rodrigues
National Lampooon,1,54,September,1974,Old Age,“COVER,NA,"This month’s cover is by Wayne McLoughlin. Oh, really? Is that so? But I don’t think it could be the same McLaughlin. No, I’m pretty sure Wayne wasn’t in the furniture business in Lansing in ’31. I’d say he was a bit too young for that. Look, uh, I’m really in kind of a hurry. Very nice to have had this little chat. Why, yes they certainly are cute greandchildren! Taxi! Taxi!.”"
National Lampooon,1,54,September,1974,Old Age,Editorial,NA,Uncredited
National Lampooon,1,54,September,1974,Old Age,News on the March,NA,"Uncredited [Henry Beard]; Illustrations by Alan Rose and Fran Hollidge, Photographs uncredited"
National Lampooon,1,54,September,1974,Old Age,Baba Rum Raisin,NA,Uncredited
National Lampooon,1,54,September,1974,Old Age,True Facts,NA,Uncredited; Illustration by Alan Rose
National Lampooon,1,54,September,1974,Old Age,Letters,NA,Uncredited; Illustration by Alan Rose
National Lampooon,1,54,September,1974,Old Age,Old Love Stories,NA,By Ed Subitzky; Illustrated by Joe Orlando
National Lampooon,1,54,September,1974,Old Age,Unexciting Stories,NA,Illustrated by T. Vinson and Steve Walker
National Lampooon,1,54,September,1974,Old Age,Lightning Strikes Once,NA,By Brian McConnachie
National Lampooon,1,54,September,1974,Old Age,Safari to Safety,NA,By Sean Kelly
National Lampooon,1,54,September,1974,Old Age,The Policeman Who Loved Opera,NA,By Brian McConnachie
National Lampooon,1,54,September,1974,Old Age,Senior Sex,NA,Cartoons by Rodrigues
National Lampooon,1,54,September,1974,Old Age,The Old School Course Catalog,NA,By Ed Subitzky
National Lampooon,1,54,September,1974,Old Age,Lastknell Knolls,NA,By Gerald Sussman; Illustrations uncredited
National Lampooon,1,54,September,1974,Old Age,Old Age Preparation Kit,NA,By Ed Subitsky
National Lampooon,1,54,September,1974,Old Age,Almost Midnight,NA,"By Henry Beard, P. J. O’Rourke, and Ed Subitzky; Photographs uncredited"
National Lampooon,1,54,September,1974,Old Age,Old Ladies’ Home Journal,NA,"By Christopher Cerf, Henry Beard, and Ed Subitzky; Photographs by Wide World, Ronald G. Harris, Dick Frank, and Vince Aiosa"
National Lampooon,1,54,September,1974,Old Age,Batfart Comics,NA,By P. J. O’Rourke; Illustrated by Nick Cardy
National Lampooon,1,54,September,1974,Old Age,Small Consolations,NA,"By Ed Subitzky, Photographs uncredited"
National Lampooon,1,54,September,1974,Old Age,Old,NA,Written and illustrated by Gahan Wilson
National Lampooon,1,54,September,1974,Old Age,Funny Pages,NA,"Featuring “Nuts” by Gahan Wilson; “One Year Affair” (one episode) by Ralph Reese and Byron Preiss; “Desdemona, a Southern Belle” by Rodrigues; “Idyl” by Jeff Jones; “Radio Rae” by Trina; “Chicken Gutz” by Randall Enos; “Famous Comic Artists School” by Bruce Cochran; “Trots and Bonnie” by Shary Flenniken; and “Son of Fred Kismiass!” by Ed Subitzky"
National Lampooon,1,54,September,1974,Old Age,Drawn & Quoted,NA,By Edward Sorel
National Lampooon,1,55,October,1974,Pubescence,“COVER,NA,"The usual fuck-ups. Hendra, Kelly, and McConnachie thought the original model looked too old, so we* reshot with the very lovely young lady you see before you. Or would see if you were’t wasting your valuable time (and mine) reading this. Also, the Editors would like to thank the very lovely people who helped make this cover possible, including Michael Stevens of Superhair (hairstyling), Laura Singer and Marjorie (stylists), the Liberty Ice Cream Concern (43 W. 63rd, next door to The Ginger Man), Chris Callis (photographer), and Vincent Nasso (makeup).”"
National Lampooon,1,55,October,1974,Pubescence,News on the March,NA,"Uncredited [Henry Beard]; Illustrations by Alan Rose and Fran Hollidge, Photographs uncredited"
National Lampooon,1,55,October,1974,Pubescence,Tell Debby,NA,Uncredited
National Lampooon,1,55,October,1974,Pubescence,True Facts,NA,Uncredited; Illustration by Alan Rose
National Lampooon,1,55,October,1974,Pubescence,Editorial,NA,Uncredited [P. J. O’Rourke]
National Lampooon,1,55,October,1974,Pubescence,Letters,NA,Uncredited; Illustration by Alan Rose
National Lampooon,1,55,October,1974,Pubescence,Baba Rum Raisin,NA,Uncredited
National Lampooon,1,55,October,1974,Pubescence,VD Comics,NA,By Dean Lattimer; Illustrated by Neal Adams
National Lampooon,1,55,October,1974,Pubescence,Teen Dating Guide,NA,By Richard Helfer and Doug Kenney; Photograph uncredited
National Lampooon,1,55,October,1974,Pubescence,The Girls Room,NA,By Chris Miller; Illustrated by Tommy Soloski
National Lampooon,1,55,October,1974,Pubescence,Nancy Drew and the Case of the Missing Heiress,NA,By Doug Kenney; Illustration by R. Kursar
National Lampooon,1,55,October,1974,Pubescence,Masturbation Foto Funnies,NA,By Ed Subitzky; Photographs uncredited
National Lampooon,1,55,October,1974,Pubescence,Pubescence Section,NA,"By Doug Kenney, Emily Prager, Marc Rubin, Henry Beard, P. J. O’Rourke, and Gary Blake; Illustrations by Ralph Reese, Mari Kaestle, and others uncredited; Photographs by David Kaestle, Arky & Barrett, and others uncredited"
National Lampooon,1,55,October,1974,Pubescence,First Car Model,NA,By P. J. O’Rourke; Illustrated and constructed by Alan Rose and Marc Arceneaux; Photographs by Dick Frank
National Lampooon,1,55,October,1974,Pubescence,The Night of the Seven Fires,NA,By Chris Miller; Illustration by Melinda Bordelon
National Lampooon,1,55,October,1974,Pubescence,Boys’ Real Life,NA,"By P. J. O’Rourke, Dean Lattimer, Brian McConnachie, and David McClelland; Illustrations by George P. Daniels, Warren Sattler, and Larry Schwinger; Photographs uncredited"
National Lampooon,1,55,October,1974,Pubescence,Trots and Bonnie,NA,Written and illustrated by Shary Flenniken
National Lampooon,1,55,October,1974,Pubescence,Funny Pages,NA,Featuring “Nuts” by Gahan Wilson; “Worms” by M. K. Brown; “Compact Comics!” by Ed Subitzky; “Famous Comic Artists School” by Bruce Cochran; “Dirty Duck” by Bobby London; “Machines” by Vaughn Bodé; “At the Live Sex Show!” by Ed Subitzky; “One Year Affair” (one episode) by Ralph Reese and Byron Preiss; and “Eating Out” by Randy Jones
National Lampooon,1,55,October,1974,Pubescence,Drawn & Quoted,NA,By Edward Sorel
National Lampooon,1,56,November,1974,Civics,“COVER,NA,"The official National Lampoon portrait of the thirty-eighth President of the United States, by Don Ivan Punchatz.”"
National Lampooon,1,56,November,1974,Civics,News on the March,NA,"Uncredited [Henry Beard]; Illustrations by Alan Rose and Fran Hollidge, Photographs uncredited"
National Lampooon,1,56,November,1974,Civics,True Facts,NA,Uncredited; Illustration by Alan Rose
National Lampooon,1,56,November,1974,Civics,Editorial,NA,"Uncredited; Limited Amnesty, By Sean Kelly"
National Lampooon,1,56,November,1974,Civics,Letters,NA,Uncredited; Illustration by Alan Rose
National Lampooon,1,56,November,1974,Civics,Baba Rum Raisin,NA,Uncredited
National Lampooon,1,56,November,1974,Civics,Canadian Corner,NA,"By Ted Mann, Sean Kelly, and Henry Beard"
National Lampooon,1,56,November,1974,Civics,Congressman’s Newsletter,NA,By Doug Kenney; Photographs by Arky & Barrett
National Lampooon,1,56,November,1974,Civics,The Watergate Book Club,NA,"By Henry Beard, Bill Effros, and Sean Kelly; Photograph by Jerry Friedman"
National Lampooon,1,56,November,1974,Civics,Monumental Disasters,NA,Written and illustrated by Wayne McGloughlin
National Lampooon,1,56,November,1974,Civics,Watergate Down,NA,By Sean Kelly; Illustration by Steve Walker
National Lampooon,1,56,November,1974,Civics,"The Marketplace of Ideas A Shopper’s Guide,",NA,By Richard Helfer
National Lampooon,1,56,November,1974,Civics,Constitutional Comics,NA,By Christopher Cerf and Henry Beard; Illustrated by Russ Heath and Don Perlin
National Lampooon,1,56,November,1974,Civics,The Runaway Grand Jury,NA,By Christopher Cerf and Henry Beard; Illustrations uncredited
National Lampooon,1,56,November,1974,Civics,Should You Play Dirty Tricks?,NA,"Should You Play Dirty Tricks?, By Chris Miller; Illustration by Larry Ross"
National Lampooon,1,56,November,1974,Civics,Prison Farm,NA,By Henry Beard and Christopher Cerf; Illustrated by Frank Springer
National Lampooon,1,56,November,1974,Civics,House Resolution 14981,NA,By Bill Effros
National Lampooon,1,56,November,1974,Civics,Nixon’s Resumé,NA,By P. J. O’Rourke
National Lampooon,1,56,November,1974,Civics,Just a Little Straight Talk Among Friends,NA,By Gerald Sussman; Illustration uncredited [Wayne McGloughlin?]
National Lampooon,1,56,November,1974,Civics,The Rockefeller Art Collection,NA,Uncredited; Illustrations by Mara McAfee
National Lampooon,1,56,November,1974,Civics,More Jerry Ford Jokes,NA,By P. J. O’Rourke; Photograph uncredited
National Lampooon,1,56,November,1974,Civics,Funny Pages,NA,Featuring “Nuts” by Gahan Wilson; “Dirty Duck” by Bobby London; “Shrimpy” by Jeff Cox; “Chicken Gutz” by Randall Enos; “One Year Affair” (two episodes) by Ralph Reese and Byron Preiss; “Idyl” by Jeff Jones; “Trots and Bonnie” by Shary Flenniken; “Come-Too-Soon Comics!” by Ed Subitzky; and “Famous Comic Artists School” by Bruce Cochran
National Lampooon,1,57,December,1974,The Judeo-Christian Tradition,Editorial,NA,Uncredited; Illustration uncredited
National Lampooon,1,57,December,1974,The Judeo-Christian Tradition,News on the March,NA,"Uncredited [Henry Beard]; Illustrations by Alan Rose and Fran Hollidge, Photographs uncredited"
National Lampooon,1,57,December,1974,The Judeo-Christian Tradition,Straight Talk,NA,Uncredited; Photograph uncredited
National Lampooon,1,57,December,1974,The Judeo-Christian Tradition,True Facts,NA,Uncredited; Illustration by Alan Rose
National Lampooon,1,57,December,1974,The Judeo-Christian Tradition,Letters,NA,Uncredited; Illustration by Alan Rose
National Lampooon,1,57,December,1974,The Judeo-Christian Tradition,Canadian Corner,NA,Ted Mann; Illustration by Alan Rose
National Lampooon,1,57,December,1974,The Judeo-Christian Tradition,Baba Rum Raisin,NA,Uncredited
National Lampooon,1,57,December,1974,The Judeo-Christian Tradition,"Son-o’-God Comics Special Origin Issue,",NA,By Sean Kelly; Illustrated by Neal Adams;
National Lampooon,1,57,December,1974,The Judeo-Christian Tradition,Compreligious Ad,NA,By Elias Teiber
National Lampooon,1,57,December,1974,The Judeo-Christian Tradition,The Goyspiel According to Bernie,NA,By Gerald Sussman; Photograph by Jack Wallach
National Lampooon,1,57,December,1974,The Judeo-Christian Tradition,Stained Glass Windows,NA,"Designed, constructed and written by Alan Rose"
National Lampooon,1,57,December,1974,The Judeo-Christian Tradition,Protestant Section,NA,"By P. J. O’Rourke, Rick Meyerowitz, ; Illustrations by Rick Meyerowitz, Jeff Cox, Gil Eisner, and Wayne McGloughlin; Photographs by Peter Kleinman"
National Lampooon,1,57,December,1974,The Judeo-Christian Tradition,A Child’s Christmas in Ulster,NA,By Sean Kelly; Illustrations by Randall Enos
National Lampooon,1,57,December,1974,The Judeo-Christian Tradition,The Seven Sacraments,NA,By Al Andrien; Illustrations uncredited
National Lampooon,1,57,December,1974,The Judeo-Christian Tradition,Surprise Icon #CVIX,NA,Uncredited; Photograph by Vince Aiosa
National Lampooon,1,57,December,1974,The Judeo-Christian Tradition,Catholic Sex Index,NA,By Tony Hendra; Illustration by uncredited
National Lampooon,1,57,December,1974,The Judeo-Christian Tradition,The Fatima Letter,NA,By Doug Kenney
National Lampooon,1,57,December,1974,The Judeo-Christian Tradition,Foto Funnies,NA,Uncredited; Illustration by Alan Rose
National Lampooon,1,57,December,1974,The Judeo-Christian Tradition,Religious Week,NA,"By P. J. O’Rourke, Henry Beard, Christopher Cerf, and Bill Effros; Illustrations and photographs uncredited"
National Lampooon,1,57,December,1974,The Judeo-Christian Tradition,Good Friday the Rabbi Ate Pork,NA,By F.M. Ayr; Illustration by Murry Friedman
National Lampooon,1,57,December,1974,The Judeo-Christian Tradition,Passed in Class,NA,Illustration by Wayne McGloughlin
National Lampooon,1,57,December,1974,The Judeo-Christian Tradition,Denominational Hells,NA,"By P. J. O’Rourke; Illustrations by Warren Sattler, and others uncredited"
National Lampooon,1,57,December,1974,The Judeo-Christian Tradition,Holy Cards,NA,By Dean Latimer; Illustrations by Murray Friedman
National Lampooon,1,57,December,1974,The Judeo-Christian Tradition,Funny Pages,NA,Featuring “Nuts” by Gahan Wilson; “Idyl” by Jeff Jones; “Chicken Gutz” by Randall Enos; “Eating Out” by Randy Jones; “Cheech Wizard” by Vaughn Bodé; “One Year Affair” (one episode) by Ralph Reese and Byron Preiss; “Trots and Bonnie” by Shary Flenniken; “Famous Comic Artists School” by Bruce Cochran; “Dirty Duck” by Bobby London; and “Zoo Tramp Marie!” by Ed Subitzky
National Lampooon,1,58,January,1975,No Issue,“COVER,NA,"This month’s cover is by Robert Grossman, one terrific fellow and a hell of a good artist, who, for tax purposes, would sooner not have it known that because the January issue goes to press in November, he was paid during fiscal year 1974.”"
National Lampooon,1,58,January,1975,No Issue,News on the March,NA,"Uncredited [Henry Beard]; Illustration by Alan Rose, Photographs uncredited"
National Lampooon,1,58,January,1975,No Issue,Straight Talk,NA,Uncredited
National Lampooon,1,58,January,1975,No Issue,Canadian Corner,NA,By Sean Kelly
National Lampooon,1,58,January,1975,No Issue,True Facts,NA,Uncredited; Illustration by Alan Rose
National Lampooon,1,58,January,1975,No Issue,Editorial,NA,By P. J. O’Rourke
National Lampooon,1,58,January,1975,No Issue,Letters,NA,Uncredited; Illustration by Alan Rose
National Lampooon,1,58,January,1975,No Issue,Baba Rum Raisin,NA,Uncredited [Doug Kenney]; Illustration by Alan Rose
National Lampooon,1,58,January,1975,No Issue,Zeppelin,NA,Written and illustrated by Bruce McCall
National Lampooon,1,58,January,1975,No Issue,First High Comics,NA,By Doug Kenney; Illustrated by Joe Orlando; Mario Savio Ad; Illustrated by Gil Eisner
National Lampooon,1,58,January,1975,No Issue,America’s Undersea Cup,NA,By P. J. O’Rourke and Henry Beard; Photographs uncredited
National Lampooon,1,58,January,1975,No Issue,Jesus Christ Astronaut,NA,By Dean Latimer; Illustrations by Randall Enos and Celia Bau; Photographs by Peter Kleinman
National Lampooon,1,58,January,1975,No Issue,Night of the Iceless Capades,NA,By Ed Bluestone; Illustrated by Hama and Reese
National Lampooon,1,58,January,1975,No Issue,"Earl D. Porker Social Worker,",NA,Written and illustrated by M. K. Brown
National Lampooon,1,58,January,1975,No Issue,Salvation Army Comics,NA,By Henry Beard; Illustrated by Frank Springer
National Lampooon,1,58,January,1975,No Issue,Cheech Wizard,NA,Written and illustrated by Vaughn Bodé
National Lampooon,1,58,January,1975,No Issue,Frogs Fly over the Rainbow,NA,By P. J. O’Rourke; Illustrations by Wayne McGloughlin and others uncredited
National Lampooon,1,58,January,1975,No Issue,National Lampoon 1974 New Year’s Resolutions,NA,Compiled by P. J. O’Rourke
National Lampooon,1,58,January,1975,No Issue,Negligent Mother Magazine,NA,"Negligent Mother Magazine, By Brian McConnachie; Photographs by Phil Koenig and others uncredited"
National Lampooon,1,58,January,1975,No Issue,The Watergate Trivia Test,NA,By Christopher Cerf and Bill Effros; Illustration by Jay Harper; Photograph by Mark Weiner
National Lampooon,1,58,January,1975,No Issue,Foto Funnies,NA,Uncredited; Illustration by Alan Rose
National Lampooon,1,58,January,1975,No Issue,Funny Pages,NA,Featuring “Nuts” by Gahan Wilson; “Idyl” by Jeff Jones; “Dirty Duck” by Bobby London; “Trots and Bonnie” by Shary Flenniken; “One Year Affair” (two episodes) by Ralph Reese and Byron Preiss; “Rosie the Riveter” by Trina; “Famous Comic Artists School” by Bruce Cochran; “Backwards Comics!” by Ed Subitzky; “Chicken Gutz” by Randall Enos
